ISO-10303-21;
HEADER;
FILE_DESCRIPTION(('KiCad electronic assembly'),'2;1');
FILE_NAME('BME688_Daughterboard.step','2026-09-21T13:39:57',('Pcbnew'),(
    'Kicad'),'Open CASCADE STEP processor 7.9','KiCad to STEP converter'
  ,'Unknown');
FILE_SCHEMA(('AUTOMOTIVE_DESIGN { 1 0 10303 214 1 1 1 1 }'));
ENDSEC;
DATA;
#1 = APPLICATION_PROTOCOL_DEFINITION('international standard',
  'automotive_design',2000,#2);
#2 = APPLICATION_CONTEXT(
  'core data for automotive mechanical design processes');
#3 = SHAPE_DEFINITION_REPRESENTATION(#4,#10);
#4 = PRODUCT_DEFINITION_SHAPE('','',#5);
#5 = PRODUCT_DEFINITION('design','',#6,#9);
#6 = PRODUCT_DEFINITION_FORMATION('','',#7);
#7 = PRODUCT('BME688_Daughterboard 1','BME688_Daughterboard 1','',(#8));
#8 = PRODUCT_CONTEXT('',#2,'mechanical');
#9 = PRODUCT_DEFINITION_CONTEXT('part definition',#2,'design');
#10 = SHAPE_REPRESENTATION('',(#11,#15,#19,#23,#27),#31);
#11 = AXIS2_PLACEMENT_3D('',#12,#13,#14);
#12 = CARTESIAN_POINT('',(0.,0.,0.));
#13 = DIRECTION('',(0.,0.,1.));
#14 = DIRECTION('',(1.,0.,-0.));
#15 = AXIS2_PLACEMENT_3D('',#16,#17,#18);
#16 = CARTESIAN_POINT('',(102.4,-104.5,1.595));
#17 = DIRECTION('',(0.,0.,1.));
#18 = DIRECTION('',(1.,0.,0.));
#19 = AXIS2_PLACEMENT_3D('',#20,#21,#22);
#20 = CARTESIAN_POINT('',(102.4,-101.4,1.595));
#21 = DIRECTION('',(0.,0.,1.));
#22 = DIRECTION('',(1.,0.,0.));
#23 = AXIS2_PLACEMENT_3D('',#24,#25,#26);
#24 = CARTESIAN_POINT('',(105.8,-105.655,-8.5E-02));
#25 = DIRECTION('',(0.,-1.224646799147E-16,-1.));
#26 = DIRECTION('',(1.,0.,0.));
#27 = AXIS2_PLACEMENT_3D('',#28,#29,#30);
#28 = CARTESIAN_POINT('',(0.,0.,0.));
#29 = DIRECTION('',(0.,0.,1.));
#30 = DIRECTION('',(1.,0.,-0.));
#31 = ( GEOMETRIC_REPRESENTATION_CONTEXT(3) 
GLOBAL_UNCERTAINTY_ASSIGNED_CONTEXT((#35)) GLOBAL_UNIT_ASSIGNED_CONTEXT(
(#32,#33,#34)) REPRESENTATION_CONTEXT('Context #1',
  '3D Context with UNIT and UNCERTAINTY') );
#32 = ( LENGTH_UNIT() NAMED_UNIT(*) SI_UNIT(.MILLI.,.METRE.) );
#33 = ( NAMED_UNIT(*) PLANE_ANGLE_UNIT() SI_UNIT($,.RADIAN.) );
#34 = ( NAMED_UNIT(*) SI_UNIT($,.STERADIAN.) SOLID_ANGLE_UNIT() );
#35 = UNCERTAINTY_MEASURE_WITH_UNIT(LENGTH_MEASURE(1.E-07),#32,
  'distance_accuracy_value','confusion accuracy');
#36 = PRODUCT_RELATED_PRODUCT_CATEGORY('part',$,(#7));
#37 = SHAPE_DEFINITION_REPRESENTATION(#38,#44);
#38 = PRODUCT_DEFINITION_SHAPE('','',#39);
#39 = PRODUCT_DEFINITION('design','',#40,#43);
#40 = PRODUCT_DEFINITION_FORMATION('','',#41);
#41 = PRODUCT('Bosch_LGA-8_3x3mm_P0.8mm_ClockwisePinNumbering',
  'Bosch_LGA-8_3x3mm_P0.8mm_ClockwisePinNumbering','',(#42));
#42 = PRODUCT_CONTEXT('',#2,'mechanical');
#43 = PRODUCT_DEFINITION_CONTEXT('part definition',#2,'design');
#44 = SHAPE_REPRESENTATION('',(#11,#45),#49);
#45 = AXIS2_PLACEMENT_3D('',#46,#47,#48);
#46 = CARTESIAN_POINT('',(0.,0.,0.));
#47 = DIRECTION('',(0.,0.,1.));
#48 = DIRECTION('',(1.,0.,-0.));
#49 = ( GEOMETRIC_REPRESENTATION_CONTEXT(3) 
GLOBAL_UNCERTAINTY_ASSIGNED_CONTEXT((#53)) GLOBAL_UNIT_ASSIGNED_CONTEXT(
(#50,#51,#52)) REPRESENTATION_CONTEXT('Context #1',
  '3D Context with UNIT and UNCERTAINTY') );
#50 = ( LENGTH_UNIT() NAMED_UNIT(*) SI_UNIT(.MILLI.,.METRE.) );
#51 = ( NAMED_UNIT(*) PLANE_ANGLE_UNIT() SI_UNIT($,.RADIAN.) );
#52 = ( NAMED_UNIT(*) SI_UNIT($,.STERADIAN.) SOLID_ANGLE_UNIT() );
#53 = UNCERTAINTY_MEASURE_WITH_UNIT(LENGTH_MEASURE(1.E-07),#50,
  'distance_accuracy_value','confusion accuracy');
#54 = CONTEXT_DEPENDENT_SHAPE_REPRESENTATION(#55,#57);
#55 = ( REPRESENTATION_RELATIONSHIP('','',#44,#10) 
REPRESENTATION_RELATIONSHIP_WITH_TRANSFORMATION(#56) 
SHAPE_REPRESENTATION_RELATIONSHIP() );
#56 = ITEM_DEFINED_TRANSFORMATION('','',#11,#15);
#57 = PRODUCT_DEFINITION_SHAPE('Placement','Placement of an item',#58);
#58 = NEXT_ASSEMBLY_USAGE_OCCURRENCE('2','U2','',#5,#39,$);
#59 = PRODUCT_RELATED_PRODUCT_CATEGORY('part',$,(#41));
#60 = SHAPE_DEFINITION_REPRESENTATION(#61,#67);
#61 = PRODUCT_DEFINITION_SHAPE('','',#62);
#62 = PRODUCT_DEFINITION('design','',#63,#66);
#63 = PRODUCT_DEFINITION_FORMATION('','',#64);
#64 = PRODUCT('Bosch_LGA_8_3x3mm_P08mm_ClockwisePinNumbering',
  'Bosch_LGA_8_3x3mm_P08mm_ClockwisePinNumbering','',(#65));
#65 = PRODUCT_CONTEXT('',#2,'mechanical');
#66 = PRODUCT_DEFINITION_CONTEXT('part definition',#2,'design');
#67 = ADVANCED_BREP_SHAPE_REPRESENTATION('',(#11,#68),#1399);
#68 = MANIFOLD_SOLID_BREP('',#69);
#69 = CLOSED_SHELL('',(#70,#110,#141,#165,#189,#206,#490,#521,#545,#569,
    #586,#617,#641,#665,#682,#713,#737,#761,#778,#809,#833,#857,#874,
    #905,#929,#953,#970,#1001,#1025,#1049,#1066,#1097,#1121,#1145,#1162,
    #1193,#1217,#1241,#1258,#1281,#1293,#1305,#1317,#1329,#1341,#1353,
    #1365,#1390));
#70 = ADVANCED_FACE('',(#71),#105,.F.);
#71 = FACE_BOUND('',#72,.F.);
#72 = EDGE_LOOP('',(#73,#83,#91,#99));
#73 = ORIENTED_EDGE('',*,*,#74,.T.);
#74 = EDGE_CURVE('',#75,#77,#79,.T.);
#75 = VERTEX_POINT('',#76);
#76 = CARTESIAN_POINT('',(-1.325,1.4,0.));
#77 = VERTEX_POINT('',#78);
#78 = CARTESIAN_POINT('',(-1.325,0.9,0.));
#79 = LINE('',#80,#81);
#80 = CARTESIAN_POINT('',(-1.325,1.4,0.));
#81 = VECTOR('',#82,1.);
#82 = DIRECTION('',(-4.555315873023E-16,-1.,0.));
#83 = ORIENTED_EDGE('',*,*,#84,.T.);
#84 = EDGE_CURVE('',#77,#85,#87,.T.);
#85 = VERTEX_POINT('',#86);
#86 = CARTESIAN_POINT('',(-1.075,0.9,0.));
#87 = LINE('',#88,#89);
#88 = CARTESIAN_POINT('',(-1.325,0.9,0.));
#89 = VECTOR('',#90,1.);
#90 = DIRECTION('',(1.,-4.555315873023E-16,0.));
#91 = ORIENTED_EDGE('',*,*,#92,.T.);
#92 = EDGE_CURVE('',#85,#93,#95,.T.);
#93 = VERTEX_POINT('',#94);
#94 = CARTESIAN_POINT('',(-1.075,1.4,0.));
#95 = LINE('',#96,#97);
#96 = CARTESIAN_POINT('',(-1.075,0.9,0.));
#97 = VECTOR('',#98,1.);
#98 = DIRECTION('',(4.555315873023E-16,1.,0.));
#99 = ORIENTED_EDGE('',*,*,#100,.T.);
#100 = EDGE_CURVE('',#93,#75,#101,.T.);
#101 = LINE('',#102,#103);
#102 = CARTESIAN_POINT('',(-1.075,1.4,0.));
#103 = VECTOR('',#104,1.);
#104 = DIRECTION('',(-1.,4.555315873023E-16,0.));
#105 = PLANE('',#106);
#106 = AXIS2_PLACEMENT_3D('',#107,#108,#109);
#107 = CARTESIAN_POINT('',(-1.2,1.15,0.));
#108 = DIRECTION('',(0.,0.,1.));
#109 = DIRECTION('',(-1.,4.555315873023E-16,0.));
#110 = ADVANCED_FACE('',(#111),#136,.F.);
#111 = FACE_BOUND('',#112,.F.);
#112 = EDGE_LOOP('',(#113,#114,#122,#130));
#113 = ORIENTED_EDGE('',*,*,#74,.F.);
#114 = ORIENTED_EDGE('',*,*,#115,.T.);
#115 = EDGE_CURVE('',#75,#116,#118,.T.);
#116 = VERTEX_POINT('',#117);
#117 = CARTESIAN_POINT('',(-1.325,1.4,3.E-02));
#118 = LINE('',#119,#120);
#119 = CARTESIAN_POINT('',(-1.325,1.4,0.));
#120 = VECTOR('',#121,1.);
#121 = DIRECTION('',(0.,0.,1.));
#122 = ORIENTED_EDGE('',*,*,#123,.F.);
#123 = EDGE_CURVE('',#124,#116,#126,.T.);
#124 = VERTEX_POINT('',#125);
#125 = CARTESIAN_POINT('',(-1.325,0.9,3.E-02));
#126 = LINE('',#127,#128);
#127 = CARTESIAN_POINT('',(-1.325,1.45,3.E-02));
#128 = VECTOR('',#129,1.);
#129 = DIRECTION('',(4.555315873023E-16,1.,0.));
#130 = ORIENTED_EDGE('',*,*,#131,.F.);
#131 = EDGE_CURVE('',#77,#124,#132,.T.);
#132 = LINE('',#133,#134);
#133 = CARTESIAN_POINT('',(-1.325,0.9,0.));
#134 = VECTOR('',#135,1.);
#135 = DIRECTION('',(0.,0.,1.));
#136 = PLANE('',#137);
#137 = AXIS2_PLACEMENT_3D('',#138,#139,#140);
#138 = CARTESIAN_POINT('',(-1.325,1.4,0.));
#139 = DIRECTION('',(1.,-4.555315873023E-16,0.));
#140 = DIRECTION('',(-4.555315873023E-16,-1.,0.));
#141 = ADVANCED_FACE('',(#142),#160,.F.);
#142 = FACE_BOUND('',#143,.F.);
#143 = EDGE_LOOP('',(#144,#145,#146,#154));
#144 = ORIENTED_EDGE('',*,*,#84,.F.);
#145 = ORIENTED_EDGE('',*,*,#131,.T.);
#146 = ORIENTED_EDGE('',*,*,#147,.F.);
#147 = EDGE_CURVE('',#148,#124,#150,.T.);
#148 = VERTEX_POINT('',#149);
#149 = CARTESIAN_POINT('',(-1.075,0.9,3.E-02));
#150 = LINE('',#151,#152);
#151 = CARTESIAN_POINT('',(-1.4125,0.9,3.E-02));
#152 = VECTOR('',#153,1.);
#153 = DIRECTION('',(-1.,4.555315873023E-16,0.));
#154 = ORIENTED_EDGE('',*,*,#155,.F.);
#155 = EDGE_CURVE('',#85,#148,#156,.T.);
#156 = LINE('',#157,#158);
#157 = CARTESIAN_POINT('',(-1.075,0.9,0.));
#158 = VECTOR('',#159,1.);
#159 = DIRECTION('',(0.,0.,1.));
#160 = PLANE('',#161);
#161 = AXIS2_PLACEMENT_3D('',#162,#163,#164);
#162 = CARTESIAN_POINT('',(-1.325,0.9,0.));
#163 = DIRECTION('',(4.555315873023E-16,1.,0.));
#164 = DIRECTION('',(1.,-4.555315873023E-16,0.));
#165 = ADVANCED_FACE('',(#166),#184,.F.);
#166 = FACE_BOUND('',#167,.F.);
#167 = EDGE_LOOP('',(#168,#169,#170,#178));
#168 = ORIENTED_EDGE('',*,*,#92,.F.);
#169 = ORIENTED_EDGE('',*,*,#155,.T.);
#170 = ORIENTED_EDGE('',*,*,#171,.F.);
#171 = EDGE_CURVE('',#172,#148,#174,.T.);
#172 = VERTEX_POINT('',#173);
#173 = CARTESIAN_POINT('',(-1.075,1.4,3.E-02));
#174 = LINE('',#175,#176);
#175 = CARTESIAN_POINT('',(-1.075,1.2,3.E-02));
#176 = VECTOR('',#177,1.);
#177 = DIRECTION('',(-4.555315873023E-16,-1.,0.));
#178 = ORIENTED_EDGE('',*,*,#179,.F.);
#179 = EDGE_CURVE('',#93,#172,#180,.T.);
#180 = LINE('',#181,#182);
#181 = CARTESIAN_POINT('',(-1.075,1.4,0.));
#182 = VECTOR('',#183,1.);
#183 = DIRECTION('',(0.,0.,1.));
#184 = PLANE('',#185);
#185 = AXIS2_PLACEMENT_3D('',#186,#187,#188);
#186 = CARTESIAN_POINT('',(-1.075,0.9,0.));
#187 = DIRECTION('',(-1.,4.555315873023E-16,0.));
#188 = DIRECTION('',(4.555315873023E-16,1.,0.));
#189 = ADVANCED_FACE('',(#190),#201,.F.);
#190 = FACE_BOUND('',#191,.F.);
#191 = EDGE_LOOP('',(#192,#193,#194,#200));
#192 = ORIENTED_EDGE('',*,*,#100,.F.);
#193 = ORIENTED_EDGE('',*,*,#179,.T.);
#194 = ORIENTED_EDGE('',*,*,#195,.F.);
#195 = EDGE_CURVE('',#116,#172,#196,.T.);
#196 = LINE('',#197,#198);
#197 = CARTESIAN_POINT('',(-1.2875,1.4,3.E-02));
#198 = VECTOR('',#199,1.);
#199 = DIRECTION('',(1.,-4.555315873023E-16,0.));
#200 = ORIENTED_EDGE('',*,*,#115,.F.);
#201 = PLANE('',#202);
#202 = AXIS2_PLACEMENT_3D('',#203,#204,#205);
#203 = CARTESIAN_POINT('',(-1.075,1.4,0.));
#204 = DIRECTION('',(-4.555315873023E-16,-1.,0.));
#205 = DIRECTION('',(-1.,4.555315873023E-16,0.));
#206 = ADVANCED_FACE('',(#207,#241,#275,#309,#315,#349,#383,#417,#451),
  #485,.F.);
#207 = FACE_BOUND('',#208,.F.);
#208 = EDGE_LOOP('',(#209,#219,#227,#235));
#209 = ORIENTED_EDGE('',*,*,#210,.F.);
#210 = EDGE_CURVE('',#211,#213,#215,.T.);
#211 = VERTEX_POINT('',#212);
#212 = CARTESIAN_POINT('',(-1.5,1.5,3.E-02));
#213 = VERTEX_POINT('',#214);
#214 = CARTESIAN_POINT('',(1.5,1.5,3.E-02));
#215 = LINE('',#216,#217);
#216 = CARTESIAN_POINT('',(-1.5,1.5,3.E-02));
#217 = VECTOR('',#218,1.);
#218 = DIRECTION('',(1.,-2.22044604925E-16,0.));
#219 = ORIENTED_EDGE('',*,*,#220,.T.);
#220 = EDGE_CURVE('',#211,#221,#223,.T.);
#221 = VERTEX_POINT('',#222);
#222 = CARTESIAN_POINT('',(-1.5,-1.5,3.E-02));
#223 = LINE('',#224,#225);
#224 = CARTESIAN_POINT('',(-1.5,1.5,3.E-02));
#225 = VECTOR('',#226,1.);
#226 = DIRECTION('',(-2.22044604925E-16,-1.,0.));
#227 = ORIENTED_EDGE('',*,*,#228,.T.);
#228 = EDGE_CURVE('',#221,#229,#231,.T.);
#229 = VERTEX_POINT('',#230);
#230 = CARTESIAN_POINT('',(1.5,-1.5,3.E-02));
#231 = LINE('',#232,#233);
#232 = CARTESIAN_POINT('',(-1.5,-1.5,3.E-02));
#233 = VECTOR('',#234,1.);
#234 = DIRECTION('',(1.,-2.22044604925E-16,0.));
#235 = ORIENTED_EDGE('',*,*,#236,.F.);
#236 = EDGE_CURVE('',#213,#229,#237,.T.);
#237 = LINE('',#238,#239);
#238 = CARTESIAN_POINT('',(1.5,1.5,3.E-02));
#239 = VECTOR('',#240,1.);
#240 = DIRECTION('',(-2.22044604925E-16,-1.,0.));
#241 = FACE_BOUND('',#242,.F.);
#242 = EDGE_LOOP('',(#243,#253,#261,#269));
#243 = ORIENTED_EDGE('',*,*,#244,.T.);
#244 = EDGE_CURVE('',#245,#247,#249,.T.);
#245 = VERTEX_POINT('',#246);
#246 = CARTESIAN_POINT('',(1.325,0.9,3.E-02));
#247 = VERTEX_POINT('',#248);
#248 = CARTESIAN_POINT('',(1.075,0.9,3.E-02));
#249 = LINE('',#250,#251);
#250 = CARTESIAN_POINT('',(-0.2125,0.9,3.E-02));
#251 = VECTOR('',#252,1.);
#252 = DIRECTION('',(-1.,4.555315873023E-16,0.));
#253 = ORIENTED_EDGE('',*,*,#254,.T.);
#254 = EDGE_CURVE('',#247,#255,#257,.T.);
#255 = VERTEX_POINT('',#256);
#256 = CARTESIAN_POINT('',(1.075,1.4,3.E-02));
#257 = LINE('',#258,#259);
#258 = CARTESIAN_POINT('',(1.075,1.45,3.E-02));
#259 = VECTOR('',#260,1.);
#260 = DIRECTION('',(4.555315873023E-16,1.,0.));
#261 = ORIENTED_EDGE('',*,*,#262,.T.);
#262 = EDGE_CURVE('',#255,#263,#265,.T.);
#263 = VERTEX_POINT('',#264);
#264 = CARTESIAN_POINT('',(1.325,1.4,3.E-02));
#265 = LINE('',#266,#267);
#266 = CARTESIAN_POINT('',(-8.75E-02,1.4,3.E-02));
#267 = VECTOR('',#268,1.);
#268 = DIRECTION('',(1.,-4.555315873023E-16,0.));
#269 = ORIENTED_EDGE('',*,*,#270,.T.);
#270 = EDGE_CURVE('',#263,#245,#271,.T.);
#271 = LINE('',#272,#273);
#272 = CARTESIAN_POINT('',(1.325,1.2,3.E-02));
#273 = VECTOR('',#274,1.);
#274 = DIRECTION('',(-4.555315873023E-16,-1.,0.));
#275 = FACE_BOUND('',#276,.F.);
#276 = EDGE_LOOP('',(#277,#287,#295,#303));
#277 = ORIENTED_EDGE('',*,*,#278,.T.);
#278 = EDGE_CURVE('',#279,#281,#283,.T.);
#279 = VERTEX_POINT('',#280);
#280 = CARTESIAN_POINT('',(0.275,0.9,3.E-02));
#281 = VERTEX_POINT('',#282);
#282 = CARTESIAN_POINT('',(0.275,1.4,3.E-02));
#283 = LINE('',#284,#285);
#284 = CARTESIAN_POINT('',(0.275,1.45,3.E-02));
#285 = VECTOR('',#286,1.);
#286 = DIRECTION('',(4.555315873023E-16,1.,0.));
#287 = ORIENTED_EDGE('',*,*,#288,.T.);
#288 = EDGE_CURVE('',#281,#289,#291,.T.);
#289 = VERTEX_POINT('',#290);
#290 = CARTESIAN_POINT('',(0.525,1.4,3.E-02));
#291 = LINE('',#292,#293);
#292 = CARTESIAN_POINT('',(-0.4875,1.4,3.E-02));
#293 = VECTOR('',#294,1.);
#294 = DIRECTION('',(1.,-4.555315873023E-16,0.));
#295 = ORIENTED_EDGE('',*,*,#296,.T.);
#296 = EDGE_CURVE('',#289,#297,#299,.T.);
#297 = VERTEX_POINT('',#298);
#298 = CARTESIAN_POINT('',(0.525,0.9,3.E-02));
#299 = LINE('',#300,#301);
#300 = CARTESIAN_POINT('',(0.525,1.2,3.E-02));
#301 = VECTOR('',#302,1.);
#302 = DIRECTION('',(-4.555315873023E-16,-1.,0.));
#303 = ORIENTED_EDGE('',*,*,#304,.T.);
#304 = EDGE_CURVE('',#297,#279,#305,.T.);
#305 = LINE('',#306,#307);
#306 = CARTESIAN_POINT('',(-0.6125,0.9,3.E-02));
#307 = VECTOR('',#308,1.);
#308 = DIRECTION('',(-1.,4.555315873023E-16,0.));
#309 = FACE_BOUND('',#310,.F.);
#310 = EDGE_LOOP('',(#311,#312,#313,#314));
#311 = ORIENTED_EDGE('',*,*,#171,.T.);
#312 = ORIENTED_EDGE('',*,*,#147,.T.);
#313 = ORIENTED_EDGE('',*,*,#123,.T.);
#314 = ORIENTED_EDGE('',*,*,#195,.T.);
#315 = FACE_BOUND('',#316,.F.);
#316 = EDGE_LOOP('',(#317,#327,#335,#343));
#317 = ORIENTED_EDGE('',*,*,#318,.T.);
#318 = EDGE_CURVE('',#319,#321,#323,.T.);
#319 = VERTEX_POINT('',#320);
#320 = CARTESIAN_POINT('',(-0.525,1.4,3.E-02));
#321 = VERTEX_POINT('',#322);
#322 = CARTESIAN_POINT('',(-0.275,1.4,3.E-02));
#323 = LINE('',#324,#325);
#324 = CARTESIAN_POINT('',(-0.8875,1.4,3.E-02));
#325 = VECTOR('',#326,1.);
#326 = DIRECTION('',(1.,-4.555315873023E-16,0.));
#327 = ORIENTED_EDGE('',*,*,#328,.T.);
#328 = EDGE_CURVE('',#321,#329,#331,.T.);
#329 = VERTEX_POINT('',#330);
#330 = CARTESIAN_POINT('',(-0.275,0.9,3.E-02));
#331 = LINE('',#332,#333);
#332 = CARTESIAN_POINT('',(-0.275,1.2,3.E-02));
#333 = VECTOR('',#334,1.);
#334 = DIRECTION('',(-4.555315873023E-16,-1.,0.));
#335 = ORIENTED_EDGE('',*,*,#336,.T.);
#336 = EDGE_CURVE('',#329,#337,#339,.T.);
#337 = VERTEX_POINT('',#338);
#338 = CARTESIAN_POINT('',(-0.525,0.9,3.E-02));
#339 = LINE('',#340,#341);
#340 = CARTESIAN_POINT('',(-1.0125,0.9,3.E-02));
#341 = VECTOR('',#342,1.);
#342 = DIRECTION('',(-1.,4.555315873023E-16,0.));
#343 = ORIENTED_EDGE('',*,*,#344,.T.);
#344 = EDGE_CURVE('',#337,#319,#345,.T.);
#345 = LINE('',#346,#347);
#346 = CARTESIAN_POINT('',(-0.525,1.45,3.E-02));
#347 = VECTOR('',#348,1.);
#348 = DIRECTION('',(4.555315873023E-16,1.,0.));
#349 = FACE_BOUND('',#350,.F.);
#350 = EDGE_LOOP('',(#351,#361,#369,#377));
#351 = ORIENTED_EDGE('',*,*,#352,.T.);
#352 = EDGE_CURVE('',#353,#355,#357,.T.);
#353 = VERTEX_POINT('',#354);
#354 = CARTESIAN_POINT('',(-0.275,-1.4,3.E-02));
#355 = VERTEX_POINT('',#356);
#356 = CARTESIAN_POINT('',(-0.525,-1.4,3.E-02));
#357 = LINE('',#358,#359);
#358 = CARTESIAN_POINT('',(-1.0125,-1.4,3.E-02));
#359 = VECTOR('',#360,1.);
#360 = DIRECTION('',(-1.,5.665538897648E-16,0.));
#361 = ORIENTED_EDGE('',*,*,#362,.T.);
#362 = EDGE_CURVE('',#355,#363,#365,.T.);
#363 = VERTEX_POINT('',#364);
#364 = CARTESIAN_POINT('',(-0.525,-0.9,3.E-02));
#365 = LINE('',#366,#367);
#366 = CARTESIAN_POINT('',(-0.525,0.3,3.E-02));
#367 = VECTOR('',#368,1.);
#368 = DIRECTION('',(5.665538897648E-16,1.,0.));
#369 = ORIENTED_EDGE('',*,*,#370,.T.);
#370 = EDGE_CURVE('',#363,#371,#373,.T.);
#371 = VERTEX_POINT('',#372);
#372 = CARTESIAN_POINT('',(-0.275,-0.9,3.E-02));
#373 = LINE('',#374,#375);
#374 = CARTESIAN_POINT('',(-0.8875,-0.9,3.E-02));
#375 = VECTOR('',#376,1.);
#376 = DIRECTION('',(1.,-5.665538897648E-16,0.));
#377 = ORIENTED_EDGE('',*,*,#378,.T.);
#378 = EDGE_CURVE('',#371,#353,#379,.T.);
#379 = LINE('',#380,#381);
#380 = CARTESIAN_POINT('',(-0.275,5.E-02,3.E-02));
#381 = VECTOR('',#382,1.);
#382 = DIRECTION('',(-5.665538897648E-16,-1.,0.));
#383 = FACE_BOUND('',#384,.F.);
#384 = EDGE_LOOP('',(#385,#395,#403,#411));
#385 = ORIENTED_EDGE('',*,*,#386,.T.);
#386 = EDGE_CURVE('',#387,#389,#391,.T.);
#387 = VERTEX_POINT('',#388);
#388 = CARTESIAN_POINT('',(0.525,-0.9,3.E-02));
#389 = VERTEX_POINT('',#390);
#390 = CARTESIAN_POINT('',(0.525,-1.4,3.E-02));
#391 = LINE('',#392,#393);
#392 = CARTESIAN_POINT('',(0.525,5.E-02,3.E-02));
#393 = VECTOR('',#394,1.);
#394 = DIRECTION('',(-5.665538897648E-16,-1.,0.));
#395 = ORIENTED_EDGE('',*,*,#396,.T.);
#396 = EDGE_CURVE('',#389,#397,#399,.T.);
#397 = VERTEX_POINT('',#398);
#398 = CARTESIAN_POINT('',(0.275,-1.4,3.E-02));
#399 = LINE('',#400,#401);
#400 = CARTESIAN_POINT('',(-0.6125,-1.4,3.E-02));
#401 = VECTOR('',#402,1.);
#402 = DIRECTION('',(-1.,5.665538897648E-16,0.));
#403 = ORIENTED_EDGE('',*,*,#404,.T.);
#404 = EDGE_CURVE('',#397,#405,#407,.T.);
#405 = VERTEX_POINT('',#406);
#406 = CARTESIAN_POINT('',(0.275,-0.9,3.E-02));
#407 = LINE('',#408,#409);
#408 = CARTESIAN_POINT('',(0.275,0.3,3.E-02));
#409 = VECTOR('',#410,1.);
#410 = DIRECTION('',(5.665538897648E-16,1.,0.));
#411 = ORIENTED_EDGE('',*,*,#412,.T.);
#412 = EDGE_CURVE('',#405,#387,#413,.T.);
#413 = LINE('',#414,#415);
#414 = CARTESIAN_POINT('',(-0.4875,-0.9,3.E-02));
#415 = VECTOR('',#416,1.);
#416 = DIRECTION('',(1.,-5.665538897648E-16,0.));
#417 = FACE_BOUND('',#418,.F.);
#418 = EDGE_LOOP('',(#419,#429,#437,#445));
#419 = ORIENTED_EDGE('',*,*,#420,.T.);
#420 = EDGE_CURVE('',#421,#423,#425,.T.);
#421 = VERTEX_POINT('',#422);
#422 = CARTESIAN_POINT('',(1.325,-1.4,3.E-02));
#423 = VERTEX_POINT('',#424);
#424 = CARTESIAN_POINT('',(1.075,-1.4,3.E-02));
#425 = LINE('',#426,#427);
#426 = CARTESIAN_POINT('',(-0.2125,-1.4,3.E-02));
#427 = VECTOR('',#428,1.);
#428 = DIRECTION('',(-1.,5.665538897648E-16,0.));
#429 = ORIENTED_EDGE('',*,*,#430,.T.);
#430 = EDGE_CURVE('',#423,#431,#433,.T.);
#431 = VERTEX_POINT('',#432);
#432 = CARTESIAN_POINT('',(1.075,-0.9,3.E-02));
#433 = LINE('',#434,#435);
#434 = CARTESIAN_POINT('',(1.075,0.3,3.E-02));
#435 = VECTOR('',#436,1.);
#436 = DIRECTION('',(5.665538897648E-16,1.,0.));
#437 = ORIENTED_EDGE('',*,*,#438,.T.);
#438 = EDGE_CURVE('',#431,#439,#441,.T.);
#439 = VERTEX_POINT('',#440);
#440 = CARTESIAN_POINT('',(1.325,-0.9,3.E-02));
#441 = LINE('',#442,#443);
#442 = CARTESIAN_POINT('',(-8.75E-02,-0.9,3.E-02));
#443 = VECTOR('',#444,1.);
#444 = DIRECTION('',(1.,-5.665538897648E-16,0.));
#445 = ORIENTED_EDGE('',*,*,#446,.T.);
#446 = EDGE_CURVE('',#439,#421,#447,.T.);
#447 = LINE('',#448,#449);
#448 = CARTESIAN_POINT('',(1.325,5.E-02,3.E-02));
#449 = VECTOR('',#450,1.);
#450 = DIRECTION('',(-5.665538897648E-16,-1.,0.));
#451 = FACE_BOUND('',#452,.F.);
#452 = EDGE_LOOP('',(#453,#463,#471,#479));
#453 = ORIENTED_EDGE('',*,*,#454,.T.);
#454 = EDGE_CURVE('',#455,#457,#459,.T.);
#455 = VERTEX_POINT('',#456);
#456 = CARTESIAN_POINT('',(-1.075,-0.9,3.E-02));
#457 = VERTEX_POINT('',#458);
#458 = CARTESIAN_POINT('',(-1.075,-1.4,3.E-02));
#459 = LINE('',#460,#461);
#460 = CARTESIAN_POINT('',(-1.075,5.E-02,3.E-02));
#461 = VECTOR('',#462,1.);
#462 = DIRECTION('',(-5.665538897648E-16,-1.,0.));
#463 = ORIENTED_EDGE('',*,*,#464,.T.);
#464 = EDGE_CURVE('',#457,#465,#467,.T.);
#465 = VERTEX_POINT('',#466);
#466 = CARTESIAN_POINT('',(-1.325,-1.4,3.E-02));
#467 = LINE('',#468,#469);
#468 = CARTESIAN_POINT('',(-1.4125,-1.4,3.E-02));
#469 = VECTOR('',#470,1.);
#470 = DIRECTION('',(-1.,5.665538897648E-16,0.));
#471 = ORIENTED_EDGE('',*,*,#472,.T.);
#472 = EDGE_CURVE('',#465,#473,#475,.T.);
#473 = VERTEX_POINT('',#474);
#474 = CARTESIAN_POINT('',(-1.325,-0.9,3.E-02));
#475 = LINE('',#476,#477);
#476 = CARTESIAN_POINT('',(-1.325,0.3,3.E-02));
#477 = VECTOR('',#478,1.);
#478 = DIRECTION('',(5.665538897648E-16,1.,0.));
#479 = ORIENTED_EDGE('',*,*,#480,.T.);
#480 = EDGE_CURVE('',#473,#455,#481,.T.);
#481 = LINE('',#482,#483);
#482 = CARTESIAN_POINT('',(-1.2875,-0.9,3.E-02));
#483 = VECTOR('',#484,1.);
#484 = DIRECTION('',(1.,-5.665538897648E-16,0.));
#485 = PLANE('',#486);
#486 = AXIS2_PLACEMENT_3D('',#487,#488,#489);
#487 = CARTESIAN_POINT('',(-1.5,1.5,3.E-02));
#488 = DIRECTION('',(0.,0.,1.));
#489 = DIRECTION('',(-2.22044604925E-16,-1.,0.));
#490 = ADVANCED_FACE('',(#491),#516,.F.);
#491 = FACE_BOUND('',#492,.F.);
#492 = EDGE_LOOP('',(#493,#501,#502,#510));
#493 = ORIENTED_EDGE('',*,*,#494,.F.);
#494 = EDGE_CURVE('',#211,#495,#497,.T.);
#495 = VERTEX_POINT('',#496);
#496 = CARTESIAN_POINT('',(-1.5,1.5,0.78));
#497 = LINE('',#498,#499);
#498 = CARTESIAN_POINT('',(-1.5,1.5,3.E-02));
#499 = VECTOR('',#500,1.);
#500 = DIRECTION('',(0.,0.,1.));
#501 = ORIENTED_EDGE('',*,*,#210,.T.);
#502 = ORIENTED_EDGE('',*,*,#503,.T.);
#503 = EDGE_CURVE('',#213,#504,#506,.T.);
#504 = VERTEX_POINT('',#505);
#505 = CARTESIAN_POINT('',(1.5,1.5,0.78));
#506 = LINE('',#507,#508);
#507 = CARTESIAN_POINT('',(1.5,1.5,3.E-02));
#508 = VECTOR('',#509,1.);
#509 = DIRECTION('',(0.,0.,1.));
#510 = ORIENTED_EDGE('',*,*,#511,.F.);
#511 = EDGE_CURVE('',#495,#504,#512,.T.);
#512 = LINE('',#513,#514);
#513 = CARTESIAN_POINT('',(-1.5,1.5,0.78));
#514 = VECTOR('',#515,1.);
#515 = DIRECTION('',(1.,-2.22044604925E-16,0.));
#516 = PLANE('',#517);
#517 = AXIS2_PLACEMENT_3D('',#518,#519,#520);
#518 = CARTESIAN_POINT('',(-1.5,1.5,3.E-02));
#519 = DIRECTION('',(-2.22044604925E-16,-1.,0.));
#520 = DIRECTION('',(0.,0.,1.));
#521 = ADVANCED_FACE('',(#522),#540,.T.);
#522 = FACE_BOUND('',#523,.T.);
#523 = EDGE_LOOP('',(#524,#525,#526,#534));
#524 = ORIENTED_EDGE('',*,*,#236,.F.);
#525 = ORIENTED_EDGE('',*,*,#503,.T.);
#526 = ORIENTED_EDGE('',*,*,#527,.T.);
#527 = EDGE_CURVE('',#504,#528,#530,.T.);
#528 = VERTEX_POINT('',#529);
#529 = CARTESIAN_POINT('',(1.5,-1.5,0.78));
#530 = LINE('',#531,#532);
#531 = CARTESIAN_POINT('',(1.5,1.5,0.78));
#532 = VECTOR('',#533,1.);
#533 = DIRECTION('',(-2.22044604925E-16,-1.,0.));
#534 = ORIENTED_EDGE('',*,*,#535,.F.);
#535 = EDGE_CURVE('',#229,#528,#536,.T.);
#536 = LINE('',#537,#538);
#537 = CARTESIAN_POINT('',(1.5,-1.5,3.E-02));
#538 = VECTOR('',#539,1.);
#539 = DIRECTION('',(0.,0.,1.));
#540 = PLANE('',#541);
#541 = AXIS2_PLACEMENT_3D('',#542,#543,#544);
#542 = CARTESIAN_POINT('',(1.5,1.5,3.E-02));
#543 = DIRECTION('',(1.,-2.22044604925E-16,0.));
#544 = DIRECTION('',(0.,0.,1.));
#545 = ADVANCED_FACE('',(#546),#564,.F.);
#546 = FACE_BOUND('',#547,.F.);
#547 = EDGE_LOOP('',(#548,#549,#550,#558));
#548 = ORIENTED_EDGE('',*,*,#220,.F.);
#549 = ORIENTED_EDGE('',*,*,#494,.T.);
#550 = ORIENTED_EDGE('',*,*,#551,.T.);
#551 = EDGE_CURVE('',#495,#552,#554,.T.);
#552 = VERTEX_POINT('',#553);
#553 = CARTESIAN_POINT('',(-1.5,-1.5,0.78));
#554 = LINE('',#555,#556);
#555 = CARTESIAN_POINT('',(-1.5,1.5,0.78));
#556 = VECTOR('',#557,1.);
#557 = DIRECTION('',(-2.22044604925E-16,-1.,0.));
#558 = ORIENTED_EDGE('',*,*,#559,.F.);
#559 = EDGE_CURVE('',#221,#552,#560,.T.);
#560 = LINE('',#561,#562);
#561 = CARTESIAN_POINT('',(-1.5,-1.5,3.E-02));
#562 = VECTOR('',#563,1.);
#563 = DIRECTION('',(0.,0.,1.));
#564 = PLANE('',#565);
#565 = AXIS2_PLACEMENT_3D('',#566,#567,#568);
#566 = CARTESIAN_POINT('',(-1.5,1.5,3.E-02));
#567 = DIRECTION('',(1.,-2.22044604925E-16,0.));
#568 = DIRECTION('',(0.,0.,1.));
#569 = ADVANCED_FACE('',(#570),#581,.T.);
#570 = FACE_BOUND('',#571,.T.);
#571 = EDGE_LOOP('',(#572,#573,#574,#575));
#572 = ORIENTED_EDGE('',*,*,#559,.F.);
#573 = ORIENTED_EDGE('',*,*,#228,.T.);
#574 = ORIENTED_EDGE('',*,*,#535,.T.);
#575 = ORIENTED_EDGE('',*,*,#576,.F.);
#576 = EDGE_CURVE('',#552,#528,#577,.T.);
#577 = LINE('',#578,#579);
#578 = CARTESIAN_POINT('',(-1.5,-1.5,0.78));
#579 = VECTOR('',#580,1.);
#580 = DIRECTION('',(1.,-2.22044604925E-16,0.));
#581 = PLANE('',#582);
#582 = AXIS2_PLACEMENT_3D('',#583,#584,#585);
#583 = CARTESIAN_POINT('',(-1.5,-1.5,3.E-02));
#584 = DIRECTION('',(-2.22044604925E-16,-1.,0.));
#585 = DIRECTION('',(0.,0.,1.));
#586 = ADVANCED_FACE('',(#587),#612,.F.);
#587 = FACE_BOUND('',#588,.F.);
#588 = EDGE_LOOP('',(#589,#599,#605,#606));
#589 = ORIENTED_EDGE('',*,*,#590,.F.);
#590 = EDGE_CURVE('',#591,#593,#595,.T.);
#591 = VERTEX_POINT('',#592);
#592 = CARTESIAN_POINT('',(1.075,0.9,0.));
#593 = VERTEX_POINT('',#594);
#594 = CARTESIAN_POINT('',(1.325,0.9,0.));
#595 = LINE('',#596,#597);
#596 = CARTESIAN_POINT('',(1.075,0.9,0.));
#597 = VECTOR('',#598,1.);
#598 = DIRECTION('',(1.,-4.555315873023E-16,0.));
#599 = ORIENTED_EDGE('',*,*,#600,.T.);
#600 = EDGE_CURVE('',#591,#247,#601,.T.);
#601 = LINE('',#602,#603);
#602 = CARTESIAN_POINT('',(1.075,0.9,0.));
#603 = VECTOR('',#604,1.);
#604 = DIRECTION('',(0.,0.,1.));
#605 = ORIENTED_EDGE('',*,*,#244,.F.);
#606 = ORIENTED_EDGE('',*,*,#607,.F.);
#607 = EDGE_CURVE('',#593,#245,#608,.T.);
#608 = LINE('',#609,#610);
#609 = CARTESIAN_POINT('',(1.325,0.9,0.));
#610 = VECTOR('',#611,1.);
#611 = DIRECTION('',(0.,0.,1.));
#612 = PLANE('',#613);
#613 = AXIS2_PLACEMENT_3D('',#614,#615,#616);
#614 = CARTESIAN_POINT('',(1.075,0.9,0.));
#615 = DIRECTION('',(4.555315873023E-16,1.,0.));
#616 = DIRECTION('',(1.,-4.555315873023E-16,0.));
#617 = ADVANCED_FACE('',(#618),#636,.F.);
#618 = FACE_BOUND('',#619,.F.);
#619 = EDGE_LOOP('',(#620,#628,#629,#630));
#620 = ORIENTED_EDGE('',*,*,#621,.F.);
#621 = EDGE_CURVE('',#593,#622,#624,.T.);
#622 = VERTEX_POINT('',#623);
#623 = CARTESIAN_POINT('',(1.325,1.4,0.));
#624 = LINE('',#625,#626);
#625 = CARTESIAN_POINT('',(1.325,0.9,0.));
#626 = VECTOR('',#627,1.);
#627 = DIRECTION('',(4.555315873023E-16,1.,0.));
#628 = ORIENTED_EDGE('',*,*,#607,.T.);
#629 = ORIENTED_EDGE('',*,*,#270,.F.);
#630 = ORIENTED_EDGE('',*,*,#631,.F.);
#631 = EDGE_CURVE('',#622,#263,#632,.T.);
#632 = LINE('',#633,#634);
#633 = CARTESIAN_POINT('',(1.325,1.4,0.));
#634 = VECTOR('',#635,1.);
#635 = DIRECTION('',(0.,0.,1.));
#636 = PLANE('',#637);
#637 = AXIS2_PLACEMENT_3D('',#638,#639,#640);
#638 = CARTESIAN_POINT('',(1.325,0.9,0.));
#639 = DIRECTION('',(-1.,4.555315873023E-16,0.));
#640 = DIRECTION('',(4.555315873023E-16,1.,0.));
#641 = ADVANCED_FACE('',(#642),#660,.F.);
#642 = FACE_BOUND('',#643,.F.);
#643 = EDGE_LOOP('',(#644,#652,#658,#659));
#644 = ORIENTED_EDGE('',*,*,#645,.F.);
#645 = EDGE_CURVE('',#646,#591,#648,.T.);
#646 = VERTEX_POINT('',#647);
#647 = CARTESIAN_POINT('',(1.075,1.4,0.));
#648 = LINE('',#649,#650);
#649 = CARTESIAN_POINT('',(1.075,1.4,0.));
#650 = VECTOR('',#651,1.);
#651 = DIRECTION('',(-4.555315873023E-16,-1.,0.));
#652 = ORIENTED_EDGE('',*,*,#653,.T.);
#653 = EDGE_CURVE('',#646,#255,#654,.T.);
#654 = LINE('',#655,#656);
#655 = CARTESIAN_POINT('',(1.075,1.4,0.));
#656 = VECTOR('',#657,1.);
#657 = DIRECTION('',(0.,0.,1.));
#658 = ORIENTED_EDGE('',*,*,#254,.F.);
#659 = ORIENTED_EDGE('',*,*,#600,.F.);
#660 = PLANE('',#661);
#661 = AXIS2_PLACEMENT_3D('',#662,#663,#664);
#662 = CARTESIAN_POINT('',(1.075,1.4,0.));
#663 = DIRECTION('',(1.,-4.555315873023E-16,0.));
#664 = DIRECTION('',(-4.555315873023E-16,-1.,0.));
#665 = ADVANCED_FACE('',(#666),#677,.F.);
#666 = FACE_BOUND('',#667,.F.);
#667 = EDGE_LOOP('',(#668,#674,#675,#676));
#668 = ORIENTED_EDGE('',*,*,#669,.F.);
#669 = EDGE_CURVE('',#622,#646,#670,.T.);
#670 = LINE('',#671,#672);
#671 = CARTESIAN_POINT('',(1.325,1.4,0.));
#672 = VECTOR('',#673,1.);
#673 = DIRECTION('',(-1.,4.555315873023E-16,0.));
#674 = ORIENTED_EDGE('',*,*,#631,.T.);
#675 = ORIENTED_EDGE('',*,*,#262,.F.);
#676 = ORIENTED_EDGE('',*,*,#653,.F.);
#677 = PLANE('',#678);
#678 = AXIS2_PLACEMENT_3D('',#679,#680,#681);
#679 = CARTESIAN_POINT('',(1.325,1.4,0.));
#680 = DIRECTION('',(-4.555315873023E-16,-1.,0.));
#681 = DIRECTION('',(-1.,4.555315873023E-16,0.));
#682 = ADVANCED_FACE('',(#683),#708,.F.);
#683 = FACE_BOUND('',#684,.F.);
#684 = EDGE_LOOP('',(#685,#695,#701,#702));
#685 = ORIENTED_EDGE('',*,*,#686,.F.);
#686 = EDGE_CURVE('',#687,#689,#691,.T.);
#687 = VERTEX_POINT('',#688);
#688 = CARTESIAN_POINT('',(0.275,1.4,0.));
#689 = VERTEX_POINT('',#690);
#690 = CARTESIAN_POINT('',(0.275,0.9,0.));
#691 = LINE('',#692,#693);
#692 = CARTESIAN_POINT('',(0.275,1.4,0.));
#693 = VECTOR('',#694,1.);
#694 = DIRECTION('',(-4.555315873023E-16,-1.,0.));
#695 = ORIENTED_EDGE('',*,*,#696,.T.);
#696 = EDGE_CURVE('',#687,#281,#697,.T.);
#697 = LINE('',#698,#699);
#698 = CARTESIAN_POINT('',(0.275,1.4,0.));
#699 = VECTOR('',#700,1.);
#700 = DIRECTION('',(0.,0.,1.));
#701 = ORIENTED_EDGE('',*,*,#278,.F.);
#702 = ORIENTED_EDGE('',*,*,#703,.F.);
#703 = EDGE_CURVE('',#689,#279,#704,.T.);
#704 = LINE('',#705,#706);
#705 = CARTESIAN_POINT('',(0.275,0.9,0.));
#706 = VECTOR('',#707,1.);
#707 = DIRECTION('',(0.,0.,1.));
#708 = PLANE('',#709);
#709 = AXIS2_PLACEMENT_3D('',#710,#711,#712);
#710 = CARTESIAN_POINT('',(0.275,1.4,0.));
#711 = DIRECTION('',(1.,-4.555315873023E-16,0.));
#712 = DIRECTION('',(-4.555315873023E-16,-1.,0.));
#713 = ADVANCED_FACE('',(#714),#732,.F.);
#714 = FACE_BOUND('',#715,.F.);
#715 = EDGE_LOOP('',(#716,#724,#725,#726));
#716 = ORIENTED_EDGE('',*,*,#717,.F.);
#717 = EDGE_CURVE('',#689,#718,#720,.T.);
#718 = VERTEX_POINT('',#719);
#719 = CARTESIAN_POINT('',(0.525,0.9,0.));
#720 = LINE('',#721,#722);
#721 = CARTESIAN_POINT('',(0.275,0.9,0.));
#722 = VECTOR('',#723,1.);
#723 = DIRECTION('',(1.,-4.555315873023E-16,0.));
#724 = ORIENTED_EDGE('',*,*,#703,.T.);
#725 = ORIENTED_EDGE('',*,*,#304,.F.);
#726 = ORIENTED_EDGE('',*,*,#727,.F.);
#727 = EDGE_CURVE('',#718,#297,#728,.T.);
#728 = LINE('',#729,#730);
#729 = CARTESIAN_POINT('',(0.525,0.9,0.));
#730 = VECTOR('',#731,1.);
#731 = DIRECTION('',(0.,0.,1.));
#732 = PLANE('',#733);
#733 = AXIS2_PLACEMENT_3D('',#734,#735,#736);
#734 = CARTESIAN_POINT('',(0.275,0.9,0.));
#735 = DIRECTION('',(4.555315873023E-16,1.,0.));
#736 = DIRECTION('',(1.,-4.555315873023E-16,0.));
#737 = ADVANCED_FACE('',(#738),#756,.F.);
#738 = FACE_BOUND('',#739,.F.);
#739 = EDGE_LOOP('',(#740,#748,#754,#755));
#740 = ORIENTED_EDGE('',*,*,#741,.F.);
#741 = EDGE_CURVE('',#742,#687,#744,.T.);
#742 = VERTEX_POINT('',#743);
#743 = CARTESIAN_POINT('',(0.525,1.4,0.));
#744 = LINE('',#745,#746);
#745 = CARTESIAN_POINT('',(0.525,1.4,0.));
#746 = VECTOR('',#747,1.);
#747 = DIRECTION('',(-1.,4.555315873023E-16,0.));
#748 = ORIENTED_EDGE('',*,*,#749,.T.);
#749 = EDGE_CURVE('',#742,#289,#750,.T.);
#750 = LINE('',#751,#752);
#751 = CARTESIAN_POINT('',(0.525,1.4,0.));
#752 = VECTOR('',#753,1.);
#753 = DIRECTION('',(0.,0.,1.));
#754 = ORIENTED_EDGE('',*,*,#288,.F.);
#755 = ORIENTED_EDGE('',*,*,#696,.F.);
#756 = PLANE('',#757);
#757 = AXIS2_PLACEMENT_3D('',#758,#759,#760);
#758 = CARTESIAN_POINT('',(0.525,1.4,0.));
#759 = DIRECTION('',(-4.555315873023E-16,-1.,0.));
#760 = DIRECTION('',(-1.,4.555315873023E-16,0.));
#761 = ADVANCED_FACE('',(#762),#773,.F.);
#762 = FACE_BOUND('',#763,.F.);
#763 = EDGE_LOOP('',(#764,#770,#771,#772));
#764 = ORIENTED_EDGE('',*,*,#765,.F.);
#765 = EDGE_CURVE('',#718,#742,#766,.T.);
#766 = LINE('',#767,#768);
#767 = CARTESIAN_POINT('',(0.525,0.9,0.));
#768 = VECTOR('',#769,1.);
#769 = DIRECTION('',(4.555315873023E-16,1.,0.));
#770 = ORIENTED_EDGE('',*,*,#727,.T.);
#771 = ORIENTED_EDGE('',*,*,#296,.F.);
#772 = ORIENTED_EDGE('',*,*,#749,.F.);
#773 = PLANE('',#774);
#774 = AXIS2_PLACEMENT_3D('',#775,#776,#777);
#775 = CARTESIAN_POINT('',(0.525,0.9,0.));
#776 = DIRECTION('',(-1.,4.555315873023E-16,0.));
#777 = DIRECTION('',(4.555315873023E-16,1.,0.));
#778 = ADVANCED_FACE('',(#779),#804,.F.);
#779 = FACE_BOUND('',#780,.F.);
#780 = EDGE_LOOP('',(#781,#791,#797,#798));
#781 = ORIENTED_EDGE('',*,*,#782,.F.);
#782 = EDGE_CURVE('',#783,#785,#787,.T.);
#783 = VERTEX_POINT('',#784);
#784 = CARTESIAN_POINT('',(-0.275,1.4,0.));
#785 = VERTEX_POINT('',#786);
#786 = CARTESIAN_POINT('',(-0.525,1.4,0.));
#787 = LINE('',#788,#789);
#788 = CARTESIAN_POINT('',(-0.275,1.4,0.));
#789 = VECTOR('',#790,1.);
#790 = DIRECTION('',(-1.,4.555315873023E-16,0.));
#791 = ORIENTED_EDGE('',*,*,#792,.T.);
#792 = EDGE_CURVE('',#783,#321,#793,.T.);
#793 = LINE('',#794,#795);
#794 = CARTESIAN_POINT('',(-0.275,1.4,0.));
#795 = VECTOR('',#796,1.);
#796 = DIRECTION('',(0.,0.,1.));
#797 = ORIENTED_EDGE('',*,*,#318,.F.);
#798 = ORIENTED_EDGE('',*,*,#799,.F.);
#799 = EDGE_CURVE('',#785,#319,#800,.T.);
#800 = LINE('',#801,#802);
#801 = CARTESIAN_POINT('',(-0.525,1.4,0.));
#802 = VECTOR('',#803,1.);
#803 = DIRECTION('',(0.,0.,1.));
#804 = PLANE('',#805);
#805 = AXIS2_PLACEMENT_3D('',#806,#807,#808);
#806 = CARTESIAN_POINT('',(-0.275,1.4,0.));
#807 = DIRECTION('',(-4.555315873023E-16,-1.,0.));
#808 = DIRECTION('',(-1.,4.555315873023E-16,0.));
#809 = ADVANCED_FACE('',(#810),#828,.F.);
#810 = FACE_BOUND('',#811,.F.);
#811 = EDGE_LOOP('',(#812,#820,#821,#822));
#812 = ORIENTED_EDGE('',*,*,#813,.F.);
#813 = EDGE_CURVE('',#785,#814,#816,.T.);
#814 = VERTEX_POINT('',#815);
#815 = CARTESIAN_POINT('',(-0.525,0.9,0.));
#816 = LINE('',#817,#818);
#817 = CARTESIAN_POINT('',(-0.525,1.4,0.));
#818 = VECTOR('',#819,1.);
#819 = DIRECTION('',(-4.555315873023E-16,-1.,0.));
#820 = ORIENTED_EDGE('',*,*,#799,.T.);
#821 = ORIENTED_EDGE('',*,*,#344,.F.);
#822 = ORIENTED_EDGE('',*,*,#823,.F.);
#823 = EDGE_CURVE('',#814,#337,#824,.T.);
#824 = LINE('',#825,#826);
#825 = CARTESIAN_POINT('',(-0.525,0.9,0.));
#826 = VECTOR('',#827,1.);
#827 = DIRECTION('',(0.,0.,1.));
#828 = PLANE('',#829);
#829 = AXIS2_PLACEMENT_3D('',#830,#831,#832);
#830 = CARTESIAN_POINT('',(-0.525,1.4,0.));
#831 = DIRECTION('',(1.,-4.555315873023E-16,0.));
#832 = DIRECTION('',(-4.555315873023E-16,-1.,0.));
#833 = ADVANCED_FACE('',(#834),#852,.F.);
#834 = FACE_BOUND('',#835,.F.);
#835 = EDGE_LOOP('',(#836,#844,#850,#851));
#836 = ORIENTED_EDGE('',*,*,#837,.F.);
#837 = EDGE_CURVE('',#838,#783,#840,.T.);
#838 = VERTEX_POINT('',#839);
#839 = CARTESIAN_POINT('',(-0.275,0.9,0.));
#840 = LINE('',#841,#842);
#841 = CARTESIAN_POINT('',(-0.275,0.9,0.));
#842 = VECTOR('',#843,1.);
#843 = DIRECTION('',(4.555315873023E-16,1.,0.));
#844 = ORIENTED_EDGE('',*,*,#845,.T.);
#845 = EDGE_CURVE('',#838,#329,#846,.T.);
#846 = LINE('',#847,#848);
#847 = CARTESIAN_POINT('',(-0.275,0.9,0.));
#848 = VECTOR('',#849,1.);
#849 = DIRECTION('',(0.,0.,1.));
#850 = ORIENTED_EDGE('',*,*,#328,.F.);
#851 = ORIENTED_EDGE('',*,*,#792,.F.);
#852 = PLANE('',#853);
#853 = AXIS2_PLACEMENT_3D('',#854,#855,#856);
#854 = CARTESIAN_POINT('',(-0.275,0.9,0.));
#855 = DIRECTION('',(-1.,4.555315873023E-16,0.));
#856 = DIRECTION('',(4.555315873023E-16,1.,0.));
#857 = ADVANCED_FACE('',(#858),#869,.F.);
#858 = FACE_BOUND('',#859,.F.);
#859 = EDGE_LOOP('',(#860,#866,#867,#868));
#860 = ORIENTED_EDGE('',*,*,#861,.F.);
#861 = EDGE_CURVE('',#814,#838,#862,.T.);
#862 = LINE('',#863,#864);
#863 = CARTESIAN_POINT('',(-0.525,0.9,0.));
#864 = VECTOR('',#865,1.);
#865 = DIRECTION('',(1.,-4.555315873023E-16,0.));
#866 = ORIENTED_EDGE('',*,*,#823,.T.);
#867 = ORIENTED_EDGE('',*,*,#336,.F.);
#868 = ORIENTED_EDGE('',*,*,#845,.F.);
#869 = PLANE('',#870);
#870 = AXIS2_PLACEMENT_3D('',#871,#872,#873);
#871 = CARTESIAN_POINT('',(-0.525,0.9,0.));
#872 = DIRECTION('',(4.555315873023E-16,1.,0.));
#873 = DIRECTION('',(1.,-4.555315873023E-16,0.));
#874 = ADVANCED_FACE('',(#875),#900,.F.);
#875 = FACE_BOUND('',#876,.F.);
#876 = EDGE_LOOP('',(#877,#887,#893,#894));
#877 = ORIENTED_EDGE('',*,*,#878,.F.);
#878 = EDGE_CURVE('',#879,#881,#883,.T.);
#879 = VERTEX_POINT('',#880);
#880 = CARTESIAN_POINT('',(-0.525,-1.4,0.));
#881 = VERTEX_POINT('',#882);
#882 = CARTESIAN_POINT('',(-0.275,-1.4,0.));
#883 = LINE('',#884,#885);
#884 = CARTESIAN_POINT('',(-0.525,-1.4,0.));
#885 = VECTOR('',#886,1.);
#886 = DIRECTION('',(1.,-5.665538897648E-16,0.));
#887 = ORIENTED_EDGE('',*,*,#888,.T.);
#888 = EDGE_CURVE('',#879,#355,#889,.T.);
#889 = LINE('',#890,#891);
#890 = CARTESIAN_POINT('',(-0.525,-1.4,0.));
#891 = VECTOR('',#892,1.);
#892 = DIRECTION('',(0.,0.,1.));
#893 = ORIENTED_EDGE('',*,*,#352,.F.);
#894 = ORIENTED_EDGE('',*,*,#895,.F.);
#895 = EDGE_CURVE('',#881,#353,#896,.T.);
#896 = LINE('',#897,#898);
#897 = CARTESIAN_POINT('',(-0.275,-1.4,0.));
#898 = VECTOR('',#899,1.);
#899 = DIRECTION('',(0.,0.,1.));
#900 = PLANE('',#901);
#901 = AXIS2_PLACEMENT_3D('',#902,#903,#904);
#902 = CARTESIAN_POINT('',(-0.525,-1.4,0.));
#903 = DIRECTION('',(5.665538897648E-16,1.,0.));
#904 = DIRECTION('',(1.,-5.665538897648E-16,0.));
#905 = ADVANCED_FACE('',(#906),#924,.F.);
#906 = FACE_BOUND('',#907,.F.);
#907 = EDGE_LOOP('',(#908,#916,#917,#918));
#908 = ORIENTED_EDGE('',*,*,#909,.F.);
#909 = EDGE_CURVE('',#881,#910,#912,.T.);
#910 = VERTEX_POINT('',#911);
#911 = CARTESIAN_POINT('',(-0.275,-0.9,0.));
#912 = LINE('',#913,#914);
#913 = CARTESIAN_POINT('',(-0.275,-1.4,0.));
#914 = VECTOR('',#915,1.);
#915 = DIRECTION('',(5.665538897648E-16,1.,0.));
#916 = ORIENTED_EDGE('',*,*,#895,.T.);
#917 = ORIENTED_EDGE('',*,*,#378,.F.);
#918 = ORIENTED_EDGE('',*,*,#919,.F.);
#919 = EDGE_CURVE('',#910,#371,#920,.T.);
#920 = LINE('',#921,#922);
#921 = CARTESIAN_POINT('',(-0.275,-0.9,0.));
#922 = VECTOR('',#923,1.);
#923 = DIRECTION('',(0.,0.,1.));
#924 = PLANE('',#925);
#925 = AXIS2_PLACEMENT_3D('',#926,#927,#928);
#926 = CARTESIAN_POINT('',(-0.275,-1.4,0.));
#927 = DIRECTION('',(-1.,5.665538897648E-16,0.));
#928 = DIRECTION('',(5.665538897648E-16,1.,0.));
#929 = ADVANCED_FACE('',(#930),#948,.F.);
#930 = FACE_BOUND('',#931,.F.);
#931 = EDGE_LOOP('',(#932,#940,#946,#947));
#932 = ORIENTED_EDGE('',*,*,#933,.F.);
#933 = EDGE_CURVE('',#934,#879,#936,.T.);
#934 = VERTEX_POINT('',#935);
#935 = CARTESIAN_POINT('',(-0.525,-0.9,0.));
#936 = LINE('',#937,#938);
#937 = CARTESIAN_POINT('',(-0.525,-0.9,0.));
#938 = VECTOR('',#939,1.);
#939 = DIRECTION('',(-5.665538897648E-16,-1.,0.));
#940 = ORIENTED_EDGE('',*,*,#941,.T.);
#941 = EDGE_CURVE('',#934,#363,#942,.T.);
#942 = LINE('',#943,#944);
#943 = CARTESIAN_POINT('',(-0.525,-0.9,0.));
#944 = VECTOR('',#945,1.);
#945 = DIRECTION('',(0.,0.,1.));
#946 = ORIENTED_EDGE('',*,*,#362,.F.);
#947 = ORIENTED_EDGE('',*,*,#888,.F.);
#948 = PLANE('',#949);
#949 = AXIS2_PLACEMENT_3D('',#950,#951,#952);
#950 = CARTESIAN_POINT('',(-0.525,-0.9,0.));
#951 = DIRECTION('',(1.,-5.665538897648E-16,0.));
#952 = DIRECTION('',(-5.665538897648E-16,-1.,0.));
#953 = ADVANCED_FACE('',(#954),#965,.F.);
#954 = FACE_BOUND('',#955,.F.);
#955 = EDGE_LOOP('',(#956,#962,#963,#964));
#956 = ORIENTED_EDGE('',*,*,#957,.F.);
#957 = EDGE_CURVE('',#910,#934,#958,.T.);
#958 = LINE('',#959,#960);
#959 = CARTESIAN_POINT('',(-0.275,-0.9,0.));
#960 = VECTOR('',#961,1.);
#961 = DIRECTION('',(-1.,5.665538897648E-16,0.));
#962 = ORIENTED_EDGE('',*,*,#919,.T.);
#963 = ORIENTED_EDGE('',*,*,#370,.F.);
#964 = ORIENTED_EDGE('',*,*,#941,.F.);
#965 = PLANE('',#966);
#966 = AXIS2_PLACEMENT_3D('',#967,#968,#969);
#967 = CARTESIAN_POINT('',(-0.275,-0.9,0.));
#968 = DIRECTION('',(-5.665538897648E-16,-1.,0.));
#969 = DIRECTION('',(-1.,5.665538897648E-16,0.));
#970 = ADVANCED_FACE('',(#971),#996,.F.);
#971 = FACE_BOUND('',#972,.F.);
#972 = EDGE_LOOP('',(#973,#983,#989,#990));
#973 = ORIENTED_EDGE('',*,*,#974,.F.);
#974 = EDGE_CURVE('',#975,#977,#979,.T.);
#975 = VERTEX_POINT('',#976);
#976 = CARTESIAN_POINT('',(0.525,-1.4,0.));
#977 = VERTEX_POINT('',#978);
#978 = CARTESIAN_POINT('',(0.525,-0.9,0.));
#979 = LINE('',#980,#981);
#980 = CARTESIAN_POINT('',(0.525,-1.4,0.));
#981 = VECTOR('',#982,1.);
#982 = DIRECTION('',(5.665538897648E-16,1.,0.));
#983 = ORIENTED_EDGE('',*,*,#984,.T.);
#984 = EDGE_CURVE('',#975,#389,#985,.T.);
#985 = LINE('',#986,#987);
#986 = CARTESIAN_POINT('',(0.525,-1.4,0.));
#987 = VECTOR('',#988,1.);
#988 = DIRECTION('',(0.,0.,1.));
#989 = ORIENTED_EDGE('',*,*,#386,.F.);
#990 = ORIENTED_EDGE('',*,*,#991,.F.);
#991 = EDGE_CURVE('',#977,#387,#992,.T.);
#992 = LINE('',#993,#994);
#993 = CARTESIAN_POINT('',(0.525,-0.9,0.));
#994 = VECTOR('',#995,1.);
#995 = DIRECTION('',(0.,0.,1.));
#996 = PLANE('',#997);
#997 = AXIS2_PLACEMENT_3D('',#998,#999,#1000);
#998 = CARTESIAN_POINT('',(0.525,-1.4,0.));
#999 = DIRECTION('',(-1.,5.665538897648E-16,0.));
#1000 = DIRECTION('',(5.665538897648E-16,1.,0.));
#1001 = ADVANCED_FACE('',(#1002),#1020,.F.);
#1002 = FACE_BOUND('',#1003,.F.);
#1003 = EDGE_LOOP('',(#1004,#1012,#1013,#1014));
#1004 = ORIENTED_EDGE('',*,*,#1005,.F.);
#1005 = EDGE_CURVE('',#977,#1006,#1008,.T.);
#1006 = VERTEX_POINT('',#1007);
#1007 = CARTESIAN_POINT('',(0.275,-0.9,0.));
#1008 = LINE('',#1009,#1010);
#1009 = CARTESIAN_POINT('',(0.525,-0.9,0.));
#1010 = VECTOR('',#1011,1.);
#1011 = DIRECTION('',(-1.,5.665538897648E-16,0.));
#1012 = ORIENTED_EDGE('',*,*,#991,.T.);
#1013 = ORIENTED_EDGE('',*,*,#412,.F.);
#1014 = ORIENTED_EDGE('',*,*,#1015,.F.);
#1015 = EDGE_CURVE('',#1006,#405,#1016,.T.);
#1016 = LINE('',#1017,#1018);
#1017 = CARTESIAN_POINT('',(0.275,-0.9,0.));
#1018 = VECTOR('',#1019,1.);
#1019 = DIRECTION('',(0.,0.,1.));
#1020 = PLANE('',#1021);
#1021 = AXIS2_PLACEMENT_3D('',#1022,#1023,#1024);
#1022 = CARTESIAN_POINT('',(0.525,-0.9,0.));
#1023 = DIRECTION('',(-5.665538897648E-16,-1.,0.));
#1024 = DIRECTION('',(-1.,5.665538897648E-16,0.));
#1025 = ADVANCED_FACE('',(#1026),#1044,.F.);
#1026 = FACE_BOUND('',#1027,.F.);
#1027 = EDGE_LOOP('',(#1028,#1036,#1042,#1043));
#1028 = ORIENTED_EDGE('',*,*,#1029,.F.);
#1029 = EDGE_CURVE('',#1030,#975,#1032,.T.);
#1030 = VERTEX_POINT('',#1031);
#1031 = CARTESIAN_POINT('',(0.275,-1.4,0.));
#1032 = LINE('',#1033,#1034);
#1033 = CARTESIAN_POINT('',(0.275,-1.4,0.));
#1034 = VECTOR('',#1035,1.);
#1035 = DIRECTION('',(1.,-5.665538897648E-16,0.));
#1036 = ORIENTED_EDGE('',*,*,#1037,.T.);
#1037 = EDGE_CURVE('',#1030,#397,#1038,.T.);
#1038 = LINE('',#1039,#1040);
#1039 = CARTESIAN_POINT('',(0.275,-1.4,0.));
#1040 = VECTOR('',#1041,1.);
#1041 = DIRECTION('',(0.,0.,1.));
#1042 = ORIENTED_EDGE('',*,*,#396,.F.);
#1043 = ORIENTED_EDGE('',*,*,#984,.F.);
#1044 = PLANE('',#1045);
#1045 = AXIS2_PLACEMENT_3D('',#1046,#1047,#1048);
#1046 = CARTESIAN_POINT('',(0.275,-1.4,0.));
#1047 = DIRECTION('',(5.665538897648E-16,1.,0.));
#1048 = DIRECTION('',(1.,-5.665538897648E-16,0.));
#1049 = ADVANCED_FACE('',(#1050),#1061,.F.);
#1050 = FACE_BOUND('',#1051,.F.);
#1051 = EDGE_LOOP('',(#1052,#1058,#1059,#1060));
#1052 = ORIENTED_EDGE('',*,*,#1053,.F.);
#1053 = EDGE_CURVE('',#1006,#1030,#1054,.T.);
#1054 = LINE('',#1055,#1056);
#1055 = CARTESIAN_POINT('',(0.275,-0.9,0.));
#1056 = VECTOR('',#1057,1.);
#1057 = DIRECTION('',(-5.665538897648E-16,-1.,0.));
#1058 = ORIENTED_EDGE('',*,*,#1015,.T.);
#1059 = ORIENTED_EDGE('',*,*,#404,.F.);
#1060 = ORIENTED_EDGE('',*,*,#1037,.F.);
#1061 = PLANE('',#1062);
#1062 = AXIS2_PLACEMENT_3D('',#1063,#1064,#1065);
#1063 = CARTESIAN_POINT('',(0.275,-0.9,0.));
#1064 = DIRECTION('',(1.,-5.665538897648E-16,0.));
#1065 = DIRECTION('',(-5.665538897648E-16,-1.,0.));
#1066 = ADVANCED_FACE('',(#1067),#1092,.F.);
#1067 = FACE_BOUND('',#1068,.F.);
#1068 = EDGE_LOOP('',(#1069,#1079,#1085,#1086));
#1069 = ORIENTED_EDGE('',*,*,#1070,.F.);
#1070 = EDGE_CURVE('',#1071,#1073,#1075,.T.);
#1071 = VERTEX_POINT('',#1072);
#1072 = CARTESIAN_POINT('',(1.075,-1.4,0.));
#1073 = VERTEX_POINT('',#1074);
#1074 = CARTESIAN_POINT('',(1.325,-1.4,0.));
#1075 = LINE('',#1076,#1077);
#1076 = CARTESIAN_POINT('',(1.075,-1.4,0.));
#1077 = VECTOR('',#1078,1.);
#1078 = DIRECTION('',(1.,-5.665538897648E-16,0.));
#1079 = ORIENTED_EDGE('',*,*,#1080,.T.);
#1080 = EDGE_CURVE('',#1071,#423,#1081,.T.);
#1081 = LINE('',#1082,#1083);
#1082 = CARTESIAN_POINT('',(1.075,-1.4,0.));
#1083 = VECTOR('',#1084,1.);
#1084 = DIRECTION('',(0.,0.,1.));
#1085 = ORIENTED_EDGE('',*,*,#420,.F.);
#1086 = ORIENTED_EDGE('',*,*,#1087,.F.);
#1087 = EDGE_CURVE('',#1073,#421,#1088,.T.);
#1088 = LINE('',#1089,#1090);
#1089 = CARTESIAN_POINT('',(1.325,-1.4,0.));
#1090 = VECTOR('',#1091,1.);
#1091 = DIRECTION('',(0.,0.,1.));
#1092 = PLANE('',#1093);
#1093 = AXIS2_PLACEMENT_3D('',#1094,#1095,#1096);
#1094 = CARTESIAN_POINT('',(1.075,-1.4,0.));
#1095 = DIRECTION('',(5.665538897648E-16,1.,0.));
#1096 = DIRECTION('',(1.,-5.665538897648E-16,0.));
#1097 = ADVANCED_FACE('',(#1098),#1116,.F.);
#1098 = FACE_BOUND('',#1099,.F.);
#1099 = EDGE_LOOP('',(#1100,#1108,#1109,#1110));
#1100 = ORIENTED_EDGE('',*,*,#1101,.F.);
#1101 = EDGE_CURVE('',#1073,#1102,#1104,.T.);
#1102 = VERTEX_POINT('',#1103);
#1103 = CARTESIAN_POINT('',(1.325,-0.9,0.));
#1104 = LINE('',#1105,#1106);
#1105 = CARTESIAN_POINT('',(1.325,-1.4,0.));
#1106 = VECTOR('',#1107,1.);
#1107 = DIRECTION('',(5.665538897648E-16,1.,0.));
#1108 = ORIENTED_EDGE('',*,*,#1087,.T.);
#1109 = ORIENTED_EDGE('',*,*,#446,.F.);
#1110 = ORIENTED_EDGE('',*,*,#1111,.F.);
#1111 = EDGE_CURVE('',#1102,#439,#1112,.T.);
#1112 = LINE('',#1113,#1114);
#1113 = CARTESIAN_POINT('',(1.325,-0.9,0.));
#1114 = VECTOR('',#1115,1.);
#1115 = DIRECTION('',(0.,0.,1.));
#1116 = PLANE('',#1117);
#1117 = AXIS2_PLACEMENT_3D('',#1118,#1119,#1120);
#1118 = CARTESIAN_POINT('',(1.325,-1.4,0.));
#1119 = DIRECTION('',(-1.,5.665538897648E-16,0.));
#1120 = DIRECTION('',(5.665538897648E-16,1.,0.));
#1121 = ADVANCED_FACE('',(#1122),#1140,.F.);
#1122 = FACE_BOUND('',#1123,.F.);
#1123 = EDGE_LOOP('',(#1124,#1132,#1138,#1139));
#1124 = ORIENTED_EDGE('',*,*,#1125,.F.);
#1125 = EDGE_CURVE('',#1126,#1071,#1128,.T.);
#1126 = VERTEX_POINT('',#1127);
#1127 = CARTESIAN_POINT('',(1.075,-0.9,0.));
#1128 = LINE('',#1129,#1130);
#1129 = CARTESIAN_POINT('',(1.075,-0.9,0.));
#1130 = VECTOR('',#1131,1.);
#1131 = DIRECTION('',(-5.665538897648E-16,-1.,0.));
#1132 = ORIENTED_EDGE('',*,*,#1133,.T.);
#1133 = EDGE_CURVE('',#1126,#431,#1134,.T.);
#1134 = LINE('',#1135,#1136);
#1135 = CARTESIAN_POINT('',(1.075,-0.9,0.));
#1136 = VECTOR('',#1137,1.);
#1137 = DIRECTION('',(0.,0.,1.));
#1138 = ORIENTED_EDGE('',*,*,#430,.F.);
#1139 = ORIENTED_EDGE('',*,*,#1080,.F.);
#1140 = PLANE('',#1141);
#1141 = AXIS2_PLACEMENT_3D('',#1142,#1143,#1144);
#1142 = CARTESIAN_POINT('',(1.075,-0.9,0.));
#1143 = DIRECTION('',(1.,-5.665538897648E-16,0.));
#1144 = DIRECTION('',(-5.665538897648E-16,-1.,0.));
#1145 = ADVANCED_FACE('',(#1146),#1157,.F.);
#1146 = FACE_BOUND('',#1147,.F.);
#1147 = EDGE_LOOP('',(#1148,#1154,#1155,#1156));
#1148 = ORIENTED_EDGE('',*,*,#1149,.F.);
#1149 = EDGE_CURVE('',#1102,#1126,#1150,.T.);
#1150 = LINE('',#1151,#1152);
#1151 = CARTESIAN_POINT('',(1.325,-0.9,0.));
#1152 = VECTOR('',#1153,1.);
#1153 = DIRECTION('',(-1.,5.665538897648E-16,0.));
#1154 = ORIENTED_EDGE('',*,*,#1111,.T.);
#1155 = ORIENTED_EDGE('',*,*,#438,.F.);
#1156 = ORIENTED_EDGE('',*,*,#1133,.F.);
#1157 = PLANE('',#1158);
#1158 = AXIS2_PLACEMENT_3D('',#1159,#1160,#1161);
#1159 = CARTESIAN_POINT('',(1.325,-0.9,0.));
#1160 = DIRECTION('',(-5.665538897648E-16,-1.,0.));
#1161 = DIRECTION('',(-1.,5.665538897648E-16,0.));
#1162 = ADVANCED_FACE('',(#1163),#1188,.F.);
#1163 = FACE_BOUND('',#1164,.F.);
#1164 = EDGE_LOOP('',(#1165,#1175,#1181,#1182));
#1165 = ORIENTED_EDGE('',*,*,#1166,.F.);
#1166 = EDGE_CURVE('',#1167,#1169,#1171,.T.);
#1167 = VERTEX_POINT('',#1168);
#1168 = CARTESIAN_POINT('',(-1.075,-1.4,0.));
#1169 = VERTEX_POINT('',#1170);
#1170 = CARTESIAN_POINT('',(-1.075,-0.9,0.));
#1171 = LINE('',#1172,#1173);
#1172 = CARTESIAN_POINT('',(-1.075,-1.4,0.));
#1173 = VECTOR('',#1174,1.);
#1174 = DIRECTION('',(5.665538897648E-16,1.,0.));
#1175 = ORIENTED_EDGE('',*,*,#1176,.T.);
#1176 = EDGE_CURVE('',#1167,#457,#1177,.T.);
#1177 = LINE('',#1178,#1179);
#1178 = CARTESIAN_POINT('',(-1.075,-1.4,0.));
#1179 = VECTOR('',#1180,1.);
#1180 = DIRECTION('',(0.,0.,1.));
#1181 = ORIENTED_EDGE('',*,*,#454,.F.);
#1182 = ORIENTED_EDGE('',*,*,#1183,.F.);
#1183 = EDGE_CURVE('',#1169,#455,#1184,.T.);
#1184 = LINE('',#1185,#1186);
#1185 = CARTESIAN_POINT('',(-1.075,-0.9,0.));
#1186 = VECTOR('',#1187,1.);
#1187 = DIRECTION('',(0.,0.,1.));
#1188 = PLANE('',#1189);
#1189 = AXIS2_PLACEMENT_3D('',#1190,#1191,#1192);
#1190 = CARTESIAN_POINT('',(-1.075,-1.4,0.));
#1191 = DIRECTION('',(-1.,5.665538897648E-16,0.));
#1192 = DIRECTION('',(5.665538897648E-16,1.,0.));
#1193 = ADVANCED_FACE('',(#1194),#1212,.F.);
#1194 = FACE_BOUND('',#1195,.F.);
#1195 = EDGE_LOOP('',(#1196,#1204,#1205,#1206));
#1196 = ORIENTED_EDGE('',*,*,#1197,.F.);
#1197 = EDGE_CURVE('',#1169,#1198,#1200,.T.);
#1198 = VERTEX_POINT('',#1199);
#1199 = CARTESIAN_POINT('',(-1.325,-0.9,0.));
#1200 = LINE('',#1201,#1202);
#1201 = CARTESIAN_POINT('',(-1.075,-0.9,0.));
#1202 = VECTOR('',#1203,1.);
#1203 = DIRECTION('',(-1.,5.665538897648E-16,0.));
#1204 = ORIENTED_EDGE('',*,*,#1183,.T.);
#1205 = ORIENTED_EDGE('',*,*,#480,.F.);
#1206 = ORIENTED_EDGE('',*,*,#1207,.F.);
#1207 = EDGE_CURVE('',#1198,#473,#1208,.T.);
#1208 = LINE('',#1209,#1210);
#1209 = CARTESIAN_POINT('',(-1.325,-0.9,0.));
#1210 = VECTOR('',#1211,1.);
#1211 = DIRECTION('',(0.,0.,1.));
#1212 = PLANE('',#1213);
#1213 = AXIS2_PLACEMENT_3D('',#1214,#1215,#1216);
#1214 = CARTESIAN_POINT('',(-1.075,-0.9,0.));
#1215 = DIRECTION('',(-5.665538897648E-16,-1.,0.));
#1216 = DIRECTION('',(-1.,5.665538897648E-16,0.));
#1217 = ADVANCED_FACE('',(#1218),#1236,.F.);
#1218 = FACE_BOUND('',#1219,.F.);
#1219 = EDGE_LOOP('',(#1220,#1228,#1234,#1235));
#1220 = ORIENTED_EDGE('',*,*,#1221,.F.);
#1221 = EDGE_CURVE('',#1222,#1167,#1224,.T.);
#1222 = VERTEX_POINT('',#1223);
#1223 = CARTESIAN_POINT('',(-1.325,-1.4,0.));
#1224 = LINE('',#1225,#1226);
#1225 = CARTESIAN_POINT('',(-1.325,-1.4,0.));
#1226 = VECTOR('',#1227,1.);
#1227 = DIRECTION('',(1.,-5.665538897648E-16,0.));
#1228 = ORIENTED_EDGE('',*,*,#1229,.T.);
#1229 = EDGE_CURVE('',#1222,#465,#1230,.T.);
#1230 = LINE('',#1231,#1232);
#1231 = CARTESIAN_POINT('',(-1.325,-1.4,0.));
#1232 = VECTOR('',#1233,1.);
#1233 = DIRECTION('',(0.,0.,1.));
#1234 = ORIENTED_EDGE('',*,*,#464,.F.);
#1235 = ORIENTED_EDGE('',*,*,#1176,.F.);
#1236 = PLANE('',#1237);
#1237 = AXIS2_PLACEMENT_3D('',#1238,#1239,#1240);
#1238 = CARTESIAN_POINT('',(-1.325,-1.4,0.));
#1239 = DIRECTION('',(5.665538897648E-16,1.,0.));
#1240 = DIRECTION('',(1.,-5.665538897648E-16,0.));
#1241 = ADVANCED_FACE('',(#1242),#1253,.F.);
#1242 = FACE_BOUND('',#1243,.F.);
#1243 = EDGE_LOOP('',(#1244,#1250,#1251,#1252));
#1244 = ORIENTED_EDGE('',*,*,#1245,.F.);
#1245 = EDGE_CURVE('',#1198,#1222,#1246,.T.);
#1246 = LINE('',#1247,#1248);
#1247 = CARTESIAN_POINT('',(-1.325,-0.9,0.));
#1248 = VECTOR('',#1249,1.);
#1249 = DIRECTION('',(-5.665538897648E-16,-1.,0.));
#1250 = ORIENTED_EDGE('',*,*,#1207,.T.);
#1251 = ORIENTED_EDGE('',*,*,#472,.F.);
#1252 = ORIENTED_EDGE('',*,*,#1229,.F.);
#1253 = PLANE('',#1254);
#1254 = AXIS2_PLACEMENT_3D('',#1255,#1256,#1257);
#1255 = CARTESIAN_POINT('',(-1.325,-0.9,0.));
#1256 = DIRECTION('',(1.,-5.665538897648E-16,0.));
#1257 = DIRECTION('',(-5.665538897648E-16,-1.,0.));
#1258 = ADVANCED_FACE('',(#1259,#1265),#1276,.T.);
#1259 = FACE_BOUND('',#1260,.T.);
#1260 = EDGE_LOOP('',(#1261,#1262,#1263,#1264));
#1261 = ORIENTED_EDGE('',*,*,#511,.F.);
#1262 = ORIENTED_EDGE('',*,*,#551,.T.);
#1263 = ORIENTED_EDGE('',*,*,#576,.T.);
#1264 = ORIENTED_EDGE('',*,*,#527,.F.);
#1265 = FACE_BOUND('',#1266,.T.);
#1266 = EDGE_LOOP('',(#1267));
#1267 = ORIENTED_EDGE('',*,*,#1268,.T.);
#1268 = EDGE_CURVE('',#1269,#1269,#1271,.T.);
#1269 = VERTEX_POINT('',#1270);
#1270 = CARTESIAN_POINT('',(-1.,0.9,0.78));
#1271 = CIRCLE('',#1272,0.1);
#1272 = AXIS2_PLACEMENT_3D('',#1273,#1274,#1275);
#1273 = CARTESIAN_POINT('',(-1.,1.,0.78));
#1274 = DIRECTION('',(-0.,0.,-1.));
#1275 = DIRECTION('',(-2.22044604925E-16,-1.,0.));
#1276 = PLANE('',#1277);
#1277 = AXIS2_PLACEMENT_3D('',#1278,#1279,#1280);
#1278 = CARTESIAN_POINT('',(-1.5,1.5,0.78));
#1279 = DIRECTION('',(0.,0.,1.));
#1280 = DIRECTION('',(-2.22044604925E-16,-1.,0.));
#1281 = ADVANCED_FACE('',(#1282),#1288,.F.);
#1282 = FACE_BOUND('',#1283,.F.);
#1283 = EDGE_LOOP('',(#1284,#1285,#1286,#1287));
#1284 = ORIENTED_EDGE('',*,*,#645,.T.);
#1285 = ORIENTED_EDGE('',*,*,#590,.T.);
#1286 = ORIENTED_EDGE('',*,*,#621,.T.);
#1287 = ORIENTED_EDGE('',*,*,#669,.T.);
#1288 = PLANE('',#1289);
#1289 = AXIS2_PLACEMENT_3D('',#1290,#1291,#1292);
#1290 = CARTESIAN_POINT('',(1.2,1.15,0.));
#1291 = DIRECTION('',(0.,0.,1.));
#1292 = DIRECTION('',(-1.,4.555315873023E-16,0.));
#1293 = ADVANCED_FACE('',(#1294),#1300,.F.);
#1294 = FACE_BOUND('',#1295,.F.);
#1295 = EDGE_LOOP('',(#1296,#1297,#1298,#1299));
#1296 = ORIENTED_EDGE('',*,*,#686,.T.);
#1297 = ORIENTED_EDGE('',*,*,#717,.T.);
#1298 = ORIENTED_EDGE('',*,*,#765,.T.);
#1299 = ORIENTED_EDGE('',*,*,#741,.T.);
#1300 = PLANE('',#1301);
#1301 = AXIS2_PLACEMENT_3D('',#1302,#1303,#1304);
#1302 = CARTESIAN_POINT('',(0.4,1.15,0.));
#1303 = DIRECTION('',(0.,0.,1.));
#1304 = DIRECTION('',(-1.,4.555315873023E-16,0.));
#1305 = ADVANCED_FACE('',(#1306),#1312,.F.);
#1306 = FACE_BOUND('',#1307,.F.);
#1307 = EDGE_LOOP('',(#1308,#1309,#1310,#1311));
#1308 = ORIENTED_EDGE('',*,*,#813,.T.);
#1309 = ORIENTED_EDGE('',*,*,#861,.T.);
#1310 = ORIENTED_EDGE('',*,*,#837,.T.);
#1311 = ORIENTED_EDGE('',*,*,#782,.T.);
#1312 = PLANE('',#1313);
#1313 = AXIS2_PLACEMENT_3D('',#1314,#1315,#1316);
#1314 = CARTESIAN_POINT('',(-0.4,1.15,0.));
#1315 = DIRECTION('',(0.,0.,1.));
#1316 = DIRECTION('',(-1.,4.555315873023E-16,0.));
#1317 = ADVANCED_FACE('',(#1318),#1324,.F.);
#1318 = FACE_BOUND('',#1319,.F.);
#1319 = EDGE_LOOP('',(#1320,#1321,#1322,#1323));
#1320 = ORIENTED_EDGE('',*,*,#909,.T.);
#1321 = ORIENTED_EDGE('',*,*,#957,.T.);
#1322 = ORIENTED_EDGE('',*,*,#933,.T.);
#1323 = ORIENTED_EDGE('',*,*,#878,.T.);
#1324 = PLANE('',#1325);
#1325 = AXIS2_PLACEMENT_3D('',#1326,#1327,#1328);
#1326 = CARTESIAN_POINT('',(-0.4,-1.15,0.));
#1327 = DIRECTION('',(0.,0.,1.));
#1328 = DIRECTION('',(1.,-5.665538897648E-16,0.));
#1329 = ADVANCED_FACE('',(#1330),#1336,.F.);
#1330 = FACE_BOUND('',#1331,.F.);
#1331 = EDGE_LOOP('',(#1332,#1333,#1334,#1335));
#1332 = ORIENTED_EDGE('',*,*,#974,.T.);
#1333 = ORIENTED_EDGE('',*,*,#1005,.T.);
#1334 = ORIENTED_EDGE('',*,*,#1053,.T.);
#1335 = ORIENTED_EDGE('',*,*,#1029,.T.);
#1336 = PLANE('',#1337);
#1337 = AXIS2_PLACEMENT_3D('',#1338,#1339,#1340);
#1338 = CARTESIAN_POINT('',(0.4,-1.15,0.));
#1339 = DIRECTION('',(0.,0.,1.));
#1340 = DIRECTION('',(1.,-5.665538897648E-16,0.));
#1341 = ADVANCED_FACE('',(#1342),#1348,.F.);
#1342 = FACE_BOUND('',#1343,.F.);
#1343 = EDGE_LOOP('',(#1344,#1345,#1346,#1347));
#1344 = ORIENTED_EDGE('',*,*,#1101,.T.);
#1345 = ORIENTED_EDGE('',*,*,#1149,.T.);
#1346 = ORIENTED_EDGE('',*,*,#1125,.T.);
#1347 = ORIENTED_EDGE('',*,*,#1070,.T.);
#1348 = PLANE('',#1349);
#1349 = AXIS2_PLACEMENT_3D('',#1350,#1351,#1352);
#1350 = CARTESIAN_POINT('',(1.2,-1.15,0.));
#1351 = DIRECTION('',(0.,0.,1.));
#1352 = DIRECTION('',(1.,-5.665538897648E-16,0.));
#1353 = ADVANCED_FACE('',(#1354),#1360,.F.);
#1354 = FACE_BOUND('',#1355,.F.);
#1355 = EDGE_LOOP('',(#1356,#1357,#1358,#1359));
#1356 = ORIENTED_EDGE('',*,*,#1166,.T.);
#1357 = ORIENTED_EDGE('',*,*,#1197,.T.);
#1358 = ORIENTED_EDGE('',*,*,#1245,.T.);
#1359 = ORIENTED_EDGE('',*,*,#1221,.T.);
#1360 = PLANE('',#1361);
#1361 = AXIS2_PLACEMENT_3D('',#1362,#1363,#1364);
#1362 = CARTESIAN_POINT('',(-1.2,-1.15,0.));
#1363 = DIRECTION('',(0.,0.,1.));
#1364 = DIRECTION('',(1.,-5.665538897648E-16,0.));
#1365 = ADVANCED_FACE('',(#1366),#1385,.F.);
#1366 = FACE_BOUND('',#1367,.F.);
#1367 = EDGE_LOOP('',(#1368,#1376,#1383,#1384));
#1368 = ORIENTED_EDGE('',*,*,#1369,.T.);
#1369 = EDGE_CURVE('',#1269,#1370,#1372,.T.);
#1370 = VERTEX_POINT('',#1371);
#1371 = CARTESIAN_POINT('',(-1.,0.9,0.76));
#1372 = LINE('',#1373,#1374);
#1373 = CARTESIAN_POINT('',(-1.,0.9,0.8));
#1374 = VECTOR('',#1375,1.);
#1375 = DIRECTION('',(-0.,0.,-1.));
#1376 = ORIENTED_EDGE('',*,*,#1377,.T.);
#1377 = EDGE_CURVE('',#1370,#1370,#1378,.T.);
#1378 = CIRCLE('',#1379,0.1);
#1379 = AXIS2_PLACEMENT_3D('',#1380,#1381,#1382);
#1380 = CARTESIAN_POINT('',(-1.,1.,0.76));
#1381 = DIRECTION('',(0.,0.,1.));
#1382 = DIRECTION('',(-2.22044604925E-16,-1.,0.));
#1383 = ORIENTED_EDGE('',*,*,#1369,.F.);
#1384 = ORIENTED_EDGE('',*,*,#1268,.T.);
#1385 = CYLINDRICAL_SURFACE('',#1386,0.1);
#1386 = AXIS2_PLACEMENT_3D('',#1387,#1388,#1389);
#1387 = CARTESIAN_POINT('',(-1.,1.,0.8));
#1388 = DIRECTION('',(0.,0.,-1.));
#1389 = DIRECTION('',(-2.22044604925E-16,-1.,-0.));
#1390 = ADVANCED_FACE('',(#1391),#1394,.T.);
#1391 = FACE_BOUND('',#1392,.T.);
#1392 = EDGE_LOOP('',(#1393));
#1393 = ORIENTED_EDGE('',*,*,#1377,.T.);
#1394 = PLANE('',#1395);
#1395 = AXIS2_PLACEMENT_3D('',#1396,#1397,#1398);
#1396 = CARTESIAN_POINT('',(-1.,1.,0.76));
#1397 = DIRECTION('',(0.,0.,1.));
#1398 = DIRECTION('',(-2.22044604925E-16,-1.,0.));
#1399 = ( GEOMETRIC_REPRESENTATION_CONTEXT(3) 
GLOBAL_UNCERTAINTY_ASSIGNED_CONTEXT((#1403)) 
GLOBAL_UNIT_ASSIGNED_CONTEXT((#1400,#1401,#1402)) REPRESENTATION_CONTEXT
('Context #1','3D Context with UNIT and UNCERTAINTY') );
#1400 = ( LENGTH_UNIT() NAMED_UNIT(*) SI_UNIT(.MILLI.,.METRE.) );
#1401 = ( NAMED_UNIT(*) PLANE_ANGLE_UNIT() SI_UNIT($,.RADIAN.) );
#1402 = ( NAMED_UNIT(*) SI_UNIT($,.STERADIAN.) SOLID_ANGLE_UNIT() );
#1403 = UNCERTAINTY_MEASURE_WITH_UNIT(LENGTH_MEASURE(1.E-07),#1400,
  'distance_accuracy_value','confusion accuracy');
#1404 = CONTEXT_DEPENDENT_SHAPE_REPRESENTATION(#1405,#1407);
#1405 = ( REPRESENTATION_RELATIONSHIP('','',#67,#44) 
REPRESENTATION_RELATIONSHIP_WITH_TRANSFORMATION(#1406) 
SHAPE_REPRESENTATION_RELATIONSHIP() );
#1406 = ITEM_DEFINED_TRANSFORMATION('','',#11,#45);
#1407 = PRODUCT_DEFINITION_SHAPE('Placement','Placement of an item',
  #1408);
#1408 = NEXT_ASSEMBLY_USAGE_OCCURRENCE('1','=>[0:1:1:3]','',#39,#62,$);
#1409 = PRODUCT_RELATED_PRODUCT_CATEGORY('part',$,(#64));
#1410 = SHAPE_DEFINITION_REPRESENTATION(#1411,#1417);
#1411 = PRODUCT_DEFINITION_SHAPE('','',#1412);
#1412 = PRODUCT_DEFINITION('design','',#1413,#1416);
#1413 = PRODUCT_DEFINITION_FORMATION('','',#1414);
#1414 = PRODUCT('C_0603_1608Metric','C_0603_1608Metric','',(#1415));
#1415 = PRODUCT_CONTEXT('',#2,'mechanical');
#1416 = PRODUCT_DEFINITION_CONTEXT('part definition',#2,'design');
#1417 = SHAPE_REPRESENTATION('',(#11,#1418),#1422);
#1418 = AXIS2_PLACEMENT_3D('',#1419,#1420,#1421);
#1419 = CARTESIAN_POINT('',(0.,0.,0.));
#1420 = DIRECTION('',(0.,0.,1.));
#1421 = DIRECTION('',(1.,0.,-0.));
#1422 = ( GEOMETRIC_REPRESENTATION_CONTEXT(3) 
GLOBAL_UNCERTAINTY_ASSIGNED_CONTEXT((#1426)) 
GLOBAL_UNIT_ASSIGNED_CONTEXT((#1423,#1424,#1425)) REPRESENTATION_CONTEXT
('Context #1','3D Context with UNIT and UNCERTAINTY') );
#1423 = ( LENGTH_UNIT() NAMED_UNIT(*) SI_UNIT(.MILLI.,.METRE.) );
#1424 = ( NAMED_UNIT(*) PLANE_ANGLE_UNIT() SI_UNIT($,.RADIAN.) );
#1425 = ( NAMED_UNIT(*) SI_UNIT($,.STERADIAN.) SOLID_ANGLE_UNIT() );
#1426 = UNCERTAINTY_MEASURE_WITH_UNIT(LENGTH_MEASURE(1.E-07),#1423,
  'distance_accuracy_value','confusion accuracy');
#1427 = CONTEXT_DEPENDENT_SHAPE_REPRESENTATION(#1428,#1430);
#1428 = ( REPRESENTATION_RELATIONSHIP('','',#1417,#10) 
REPRESENTATION_RELATIONSHIP_WITH_TRANSFORMATION(#1429) 
SHAPE_REPRESENTATION_RELATIONSHIP() );
#1429 = ITEM_DEFINED_TRANSFORMATION('','',#11,#19);
#1430 = PRODUCT_DEFINITION_SHAPE('Placement','Placement of an item',
  #1431);
#1431 = NEXT_ASSEMBLY_USAGE_OCCURRENCE('4','C2','',#5,#1412,$);
#1432 = PRODUCT_RELATED_PRODUCT_CATEGORY('part',$,(#1414));
#1433 = SHAPE_DEFINITION_REPRESENTATION(#1434,#1440);
#1434 = PRODUCT_DEFINITION_SHAPE('','',#1435);
#1435 = PRODUCT_DEFINITION('design','',#1436,#1439);
#1436 = PRODUCT_DEFINITION_FORMATION('','',#1437);
#1437 = PRODUCT('C_0603_1608Metric','C_0603_1608Metric','',(#1438));
#1438 = PRODUCT_CONTEXT('',#2,'mechanical');
#1439 = PRODUCT_DEFINITION_CONTEXT('part definition',#2,'design');
#1440 = ADVANCED_BREP_SHAPE_REPRESENTATION('',(#11,#1441),#2295);
#1441 = MANIFOLD_SOLID_BREP('',#1442);
#1442 = CLOSED_SHELL('',(#1443,#1519,#1550,#1575,#1600,#1624,#1648,#1673
    ,#1698,#1715,#1801,#1833,#1857,#1882,#1906,#1931,#1955,#1980,#1997,
    #2083,#2114,#2139,#2164,#2188,#2212,#2237,#2262,#2279));
#1443 = ADVANCED_FACE('',(#1444),#1514,.F.);
#1444 = FACE_BOUND('',#1445,.F.);
#1445 = EDGE_LOOP('',(#1446,#1456,#1465,#1473,#1482,#1490,#1499,#1507));
#1446 = ORIENTED_EDGE('',*,*,#1447,.F.);
#1447 = EDGE_CURVE('',#1448,#1450,#1452,.T.);
#1448 = VERTEX_POINT('',#1449);
#1449 = CARTESIAN_POINT('',(-0.8,-0.4,3.E-02));
#1450 = VERTEX_POINT('',#1451);
#1451 = CARTESIAN_POINT('',(-0.8,-0.4,0.77));
#1452 = LINE('',#1453,#1454);
#1453 = CARTESIAN_POINT('',(-0.8,-0.4,0.));
#1454 = VECTOR('',#1455,1.);
#1455 = DIRECTION('',(0.,0.,1.));
#1456 = ORIENTED_EDGE('',*,*,#1457,.T.);
#1457 = EDGE_CURVE('',#1448,#1458,#1460,.T.);
#1458 = VERTEX_POINT('',#1459);
#1459 = CARTESIAN_POINT('',(-0.8,-0.37,0.));
#1460 = CIRCLE('',#1461,3.E-02);
#1461 = AXIS2_PLACEMENT_3D('',#1462,#1463,#1464);
#1462 = CARTESIAN_POINT('',(-0.8,-0.37,3.E-02));
#1463 = DIRECTION('',(1.,0.,-0.));
#1464 = DIRECTION('',(0.,0.,1.));
#1465 = ORIENTED_EDGE('',*,*,#1466,.T.);
#1466 = EDGE_CURVE('',#1458,#1467,#1469,.T.);
#1467 = VERTEX_POINT('',#1468);
#1468 = CARTESIAN_POINT('',(-0.8,0.37,0.));
#1469 = LINE('',#1470,#1471);
#1470 = CARTESIAN_POINT('',(-0.8,-0.4,0.));
#1471 = VECTOR('',#1472,1.);
#1472 = DIRECTION('',(0.,1.,0.));
#1473 = ORIENTED_EDGE('',*,*,#1474,.F.);
#1474 = EDGE_CURVE('',#1475,#1467,#1477,.T.);
#1475 = VERTEX_POINT('',#1476);
#1476 = CARTESIAN_POINT('',(-0.8,0.4,3.E-02));
#1477 = CIRCLE('',#1478,3.E-02);
#1478 = AXIS2_PLACEMENT_3D('',#1479,#1480,#1481);
#1479 = CARTESIAN_POINT('',(-0.8,0.37,3.E-02));
#1480 = DIRECTION('',(-1.,0.,0.));
#1481 = DIRECTION('',(0.,0.,1.));
#1482 = ORIENTED_EDGE('',*,*,#1483,.T.);
#1483 = EDGE_CURVE('',#1475,#1484,#1486,.T.);
#1484 = VERTEX_POINT('',#1485);
#1485 = CARTESIAN_POINT('',(-0.8,0.4,0.77));
#1486 = LINE('',#1487,#1488);
#1487 = CARTESIAN_POINT('',(-0.8,0.4,0.));
#1488 = VECTOR('',#1489,1.);
#1489 = DIRECTION('',(0.,0.,1.));
#1490 = ORIENTED_EDGE('',*,*,#1491,.T.);
#1491 = EDGE_CURVE('',#1484,#1492,#1494,.T.);
#1492 = VERTEX_POINT('',#1493);
#1493 = CARTESIAN_POINT('',(-0.8,0.37,0.8));
#1494 = CIRCLE('',#1495,3.E-02);
#1495 = AXIS2_PLACEMENT_3D('',#1496,#1497,#1498);
#1496 = CARTESIAN_POINT('',(-0.8,0.37,0.77));
#1497 = DIRECTION('',(1.,0.,-0.));
#1498 = DIRECTION('',(0.,0.,1.));
#1499 = ORIENTED_EDGE('',*,*,#1500,.F.);
#1500 = EDGE_CURVE('',#1501,#1492,#1503,.T.);
#1501 = VERTEX_POINT('',#1502);
#1502 = CARTESIAN_POINT('',(-0.8,-0.37,0.8));
#1503 = LINE('',#1504,#1505);
#1504 = CARTESIAN_POINT('',(-0.8,-0.4,0.8));
#1505 = VECTOR('',#1506,1.);
#1506 = DIRECTION('',(0.,1.,0.));
#1507 = ORIENTED_EDGE('',*,*,#1508,.F.);
#1508 = EDGE_CURVE('',#1450,#1501,#1509,.T.);
#1509 = CIRCLE('',#1510,3.E-02);
#1510 = AXIS2_PLACEMENT_3D('',#1511,#1512,#1513);
#1511 = CARTESIAN_POINT('',(-0.8,-0.37,0.77));
#1512 = DIRECTION('',(-1.,0.,0.));
#1513 = DIRECTION('',(0.,0.,1.));
#1514 = PLANE('',#1515);
#1515 = AXIS2_PLACEMENT_3D('',#1516,#1517,#1518);
#1516 = CARTESIAN_POINT('',(-0.8,-0.4,0.));
#1517 = DIRECTION('',(1.,0.,0.));
#1518 = DIRECTION('',(0.,0.,1.));
#1519 = ADVANCED_FACE('',(#1520),#1545,.F.);
#1520 = FACE_BOUND('',#1521,.F.);
#1521 = EDGE_LOOP('',(#1522,#1532,#1538,#1539));
#1522 = ORIENTED_EDGE('',*,*,#1523,.F.);
#1523 = EDGE_CURVE('',#1524,#1526,#1528,.T.);
#1524 = VERTEX_POINT('',#1525);
#1525 = CARTESIAN_POINT('',(-0.5,-0.4,3.E-02));
#1526 = VERTEX_POINT('',#1527);
#1527 = CARTESIAN_POINT('',(-0.5,-0.4,0.77));
#1528 = LINE('',#1529,#1530);
#1529 = CARTESIAN_POINT('',(-0.5,-0.4,0.));
#1530 = VECTOR('',#1531,1.);
#1531 = DIRECTION('',(0.,0.,1.));
#1532 = ORIENTED_EDGE('',*,*,#1533,.F.);
#1533 = EDGE_CURVE('',#1448,#1524,#1534,.T.);
#1534 = LINE('',#1535,#1536);
#1535 = CARTESIAN_POINT('',(-0.8,-0.4,3.E-02));
#1536 = VECTOR('',#1537,1.);
#1537 = DIRECTION('',(1.,0.,0.));
#1538 = ORIENTED_EDGE('',*,*,#1447,.T.);
#1539 = ORIENTED_EDGE('',*,*,#1540,.T.);
#1540 = EDGE_CURVE('',#1450,#1526,#1541,.T.);
#1541 = LINE('',#1542,#1543);
#1542 = CARTESIAN_POINT('',(-0.8,-0.4,0.77));
#1543 = VECTOR('',#1544,1.);
#1544 = DIRECTION('',(1.,0.,0.));
#1545 = PLANE('',#1546);
#1546 = AXIS2_PLACEMENT_3D('',#1547,#1548,#1549);
#1547 = CARTESIAN_POINT('',(-0.8,-0.4,0.));
#1548 = DIRECTION('',(0.,1.,0.));
#1549 = DIRECTION('',(0.,-0.,1.));
#1550 = ADVANCED_FACE('',(#1551),#1570,.T.);
#1551 = FACE_BOUND('',#1552,.T.);
#1552 = EDGE_LOOP('',(#1553,#1554,#1562,#1569));
#1553 = ORIENTED_EDGE('',*,*,#1457,.T.);
#1554 = ORIENTED_EDGE('',*,*,#1555,.T.);
#1555 = EDGE_CURVE('',#1458,#1556,#1558,.T.);
#1556 = VERTEX_POINT('',#1557);
#1557 = CARTESIAN_POINT('',(-0.5,-0.37,0.));
#1558 = LINE('',#1559,#1560);
#1559 = CARTESIAN_POINT('',(-0.8,-0.37,0.));
#1560 = VECTOR('',#1561,1.);
#1561 = DIRECTION('',(1.,0.,0.));
#1562 = ORIENTED_EDGE('',*,*,#1563,.F.);
#1563 = EDGE_CURVE('',#1524,#1556,#1564,.T.);
#1564 = CIRCLE('',#1565,3.E-02);
#1565 = AXIS2_PLACEMENT_3D('',#1566,#1567,#1568);
#1566 = CARTESIAN_POINT('',(-0.5,-0.37,3.E-02));
#1567 = DIRECTION('',(1.,0.,-0.));
#1568 = DIRECTION('',(0.,0.,1.));
#1569 = ORIENTED_EDGE('',*,*,#1533,.F.);
#1570 = CYLINDRICAL_SURFACE('',#1571,3.E-02);
#1571 = AXIS2_PLACEMENT_3D('',#1572,#1573,#1574);
#1572 = CARTESIAN_POINT('',(-0.8,-0.37,3.E-02));
#1573 = DIRECTION('',(1.,0.,0.));
#1574 = DIRECTION('',(0.,-1.,0.));
#1575 = ADVANCED_FACE('',(#1576),#1595,.T.);
#1576 = FACE_BOUND('',#1577,.T.);
#1577 = EDGE_LOOP('',(#1578,#1579,#1588,#1594));
#1578 = ORIENTED_EDGE('',*,*,#1540,.T.);
#1579 = ORIENTED_EDGE('',*,*,#1580,.T.);
#1580 = EDGE_CURVE('',#1526,#1581,#1583,.T.);
#1581 = VERTEX_POINT('',#1582);
#1582 = CARTESIAN_POINT('',(-0.5,-0.37,0.8));
#1583 = CIRCLE('',#1584,3.E-02);
#1584 = AXIS2_PLACEMENT_3D('',#1585,#1586,#1587);
#1585 = CARTESIAN_POINT('',(-0.5,-0.37,0.77));
#1586 = DIRECTION('',(-1.,0.,0.));
#1587 = DIRECTION('',(0.,0.,1.));
#1588 = ORIENTED_EDGE('',*,*,#1589,.F.);
#1589 = EDGE_CURVE('',#1501,#1581,#1590,.T.);
#1590 = LINE('',#1591,#1592);
#1591 = CARTESIAN_POINT('',(-0.8,-0.37,0.8));
#1592 = VECTOR('',#1593,1.);
#1593 = DIRECTION('',(1.,0.,0.));
#1594 = ORIENTED_EDGE('',*,*,#1508,.F.);
#1595 = CYLINDRICAL_SURFACE('',#1596,3.E-02);
#1596 = AXIS2_PLACEMENT_3D('',#1597,#1598,#1599);
#1597 = CARTESIAN_POINT('',(-0.8,-0.37,0.77));
#1598 = DIRECTION('',(1.,0.,0.));
#1599 = DIRECTION('',(0.,-1.,0.));
#1600 = ADVANCED_FACE('',(#1601),#1619,.F.);
#1601 = FACE_BOUND('',#1602,.F.);
#1602 = EDGE_LOOP('',(#1603,#1604,#1605,#1613));
#1603 = ORIENTED_EDGE('',*,*,#1466,.F.);
#1604 = ORIENTED_EDGE('',*,*,#1555,.T.);
#1605 = ORIENTED_EDGE('',*,*,#1606,.T.);
#1606 = EDGE_CURVE('',#1556,#1607,#1609,.T.);
#1607 = VERTEX_POINT('',#1608);
#1608 = CARTESIAN_POINT('',(-0.5,0.37,0.));
#1609 = LINE('',#1610,#1611);
#1610 = CARTESIAN_POINT('',(-0.5,-0.4,0.));
#1611 = VECTOR('',#1612,1.);
#1612 = DIRECTION('',(0.,1.,0.));
#1613 = ORIENTED_EDGE('',*,*,#1614,.F.);
#1614 = EDGE_CURVE('',#1467,#1607,#1615,.T.);
#1615 = LINE('',#1616,#1617);
#1616 = CARTESIAN_POINT('',(-0.8,0.37,0.));
#1617 = VECTOR('',#1618,1.);
#1618 = DIRECTION('',(1.,0.,0.));
#1619 = PLANE('',#1620);
#1620 = AXIS2_PLACEMENT_3D('',#1621,#1622,#1623);
#1621 = CARTESIAN_POINT('',(-0.8,-0.4,0.));
#1622 = DIRECTION('',(0.,0.,1.));
#1623 = DIRECTION('',(1.,0.,-0.));
#1624 = ADVANCED_FACE('',(#1625),#1643,.T.);
#1625 = FACE_BOUND('',#1626,.T.);
#1626 = EDGE_LOOP('',(#1627,#1628,#1629,#1637));
#1627 = ORIENTED_EDGE('',*,*,#1500,.F.);
#1628 = ORIENTED_EDGE('',*,*,#1589,.T.);
#1629 = ORIENTED_EDGE('',*,*,#1630,.T.);
#1630 = EDGE_CURVE('',#1581,#1631,#1633,.T.);
#1631 = VERTEX_POINT('',#1632);
#1632 = CARTESIAN_POINT('',(-0.5,0.37,0.8));
#1633 = LINE('',#1634,#1635);
#1634 = CARTESIAN_POINT('',(-0.5,-0.4,0.8));
#1635 = VECTOR('',#1636,1.);
#1636 = DIRECTION('',(0.,1.,0.));
#1637 = ORIENTED_EDGE('',*,*,#1638,.F.);
#1638 = EDGE_CURVE('',#1492,#1631,#1639,.T.);
#1639 = LINE('',#1640,#1641);
#1640 = CARTESIAN_POINT('',(-0.8,0.37,0.8));
#1641 = VECTOR('',#1642,1.);
#1642 = DIRECTION('',(1.,0.,0.));
#1643 = PLANE('',#1644);
#1644 = AXIS2_PLACEMENT_3D('',#1645,#1646,#1647);
#1645 = CARTESIAN_POINT('',(-0.8,-0.4,0.8));
#1646 = DIRECTION('',(0.,0.,1.));
#1647 = DIRECTION('',(1.,0.,-0.));
#1648 = ADVANCED_FACE('',(#1649),#1668,.T.);
#1649 = FACE_BOUND('',#1650,.T.);
#1650 = EDGE_LOOP('',(#1651,#1659,#1666,#1667));
#1651 = ORIENTED_EDGE('',*,*,#1652,.T.);
#1652 = EDGE_CURVE('',#1475,#1653,#1655,.T.);
#1653 = VERTEX_POINT('',#1654);
#1654 = CARTESIAN_POINT('',(-0.5,0.4,3.E-02));
#1655 = LINE('',#1656,#1657);
#1656 = CARTESIAN_POINT('',(-0.8,0.4,3.E-02));
#1657 = VECTOR('',#1658,1.);
#1658 = DIRECTION('',(1.,0.,0.));
#1659 = ORIENTED_EDGE('',*,*,#1660,.T.);
#1660 = EDGE_CURVE('',#1653,#1607,#1661,.T.);
#1661 = CIRCLE('',#1662,3.E-02);
#1662 = AXIS2_PLACEMENT_3D('',#1663,#1664,#1665);
#1663 = CARTESIAN_POINT('',(-0.5,0.37,3.E-02));
#1664 = DIRECTION('',(-1.,0.,0.));
#1665 = DIRECTION('',(0.,0.,1.));
#1666 = ORIENTED_EDGE('',*,*,#1614,.F.);
#1667 = ORIENTED_EDGE('',*,*,#1474,.F.);
#1668 = CYLINDRICAL_SURFACE('',#1669,3.E-02);
#1669 = AXIS2_PLACEMENT_3D('',#1670,#1671,#1672);
#1670 = CARTESIAN_POINT('',(-0.8,0.37,3.E-02));
#1671 = DIRECTION('',(1.,0.,0.));
#1672 = DIRECTION('',(-0.,1.,0.));
#1673 = ADVANCED_FACE('',(#1674),#1693,.T.);
#1674 = FACE_BOUND('',#1675,.T.);
#1675 = EDGE_LOOP('',(#1676,#1677,#1678,#1687));
#1676 = ORIENTED_EDGE('',*,*,#1491,.T.);
#1677 = ORIENTED_EDGE('',*,*,#1638,.T.);
#1678 = ORIENTED_EDGE('',*,*,#1679,.F.);
#1679 = EDGE_CURVE('',#1680,#1631,#1682,.T.);
#1680 = VERTEX_POINT('',#1681);
#1681 = CARTESIAN_POINT('',(-0.5,0.4,0.77));
#1682 = CIRCLE('',#1683,3.E-02);
#1683 = AXIS2_PLACEMENT_3D('',#1684,#1685,#1686);
#1684 = CARTESIAN_POINT('',(-0.5,0.37,0.77));
#1685 = DIRECTION('',(1.,0.,-0.));
#1686 = DIRECTION('',(0.,0.,1.));
#1687 = ORIENTED_EDGE('',*,*,#1688,.F.);
#1688 = EDGE_CURVE('',#1484,#1680,#1689,.T.);
#1689 = LINE('',#1690,#1691);
#1690 = CARTESIAN_POINT('',(-0.8,0.4,0.77));
#1691 = VECTOR('',#1692,1.);
#1692 = DIRECTION('',(1.,0.,0.));
#1693 = CYLINDRICAL_SURFACE('',#1694,3.E-02);
#1694 = AXIS2_PLACEMENT_3D('',#1695,#1696,#1697);
#1695 = CARTESIAN_POINT('',(-0.8,0.37,0.77));
#1696 = DIRECTION('',(1.,0.,0.));
#1697 = DIRECTION('',(-0.,1.,0.));
#1698 = ADVANCED_FACE('',(#1699),#1710,.T.);
#1699 = FACE_BOUND('',#1700,.T.);
#1700 = EDGE_LOOP('',(#1701,#1707,#1708,#1709));
#1701 = ORIENTED_EDGE('',*,*,#1702,.F.);
#1702 = EDGE_CURVE('',#1653,#1680,#1703,.T.);
#1703 = LINE('',#1704,#1705);
#1704 = CARTESIAN_POINT('',(-0.5,0.4,0.));
#1705 = VECTOR('',#1706,1.);
#1706 = DIRECTION('',(0.,0.,1.));
#1707 = ORIENTED_EDGE('',*,*,#1652,.F.);
#1708 = ORIENTED_EDGE('',*,*,#1483,.T.);
#1709 = ORIENTED_EDGE('',*,*,#1688,.T.);
#1710 = PLANE('',#1711);
#1711 = AXIS2_PLACEMENT_3D('',#1712,#1713,#1714);
#1712 = CARTESIAN_POINT('',(-0.8,0.4,0.));
#1713 = DIRECTION('',(0.,1.,0.));
#1714 = DIRECTION('',(0.,-0.,1.));
#1715 = ADVANCED_FACE('',(#1716,#1726),#1796,.T.);
#1716 = FACE_BOUND('',#1717,.T.);
#1717 = EDGE_LOOP('',(#1718,#1719,#1720,#1721,#1722,#1723,#1724,#1725));
#1718 = ORIENTED_EDGE('',*,*,#1523,.F.);
#1719 = ORIENTED_EDGE('',*,*,#1563,.T.);
#1720 = ORIENTED_EDGE('',*,*,#1606,.T.);
#1721 = ORIENTED_EDGE('',*,*,#1660,.F.);
#1722 = ORIENTED_EDGE('',*,*,#1702,.T.);
#1723 = ORIENTED_EDGE('',*,*,#1679,.T.);
#1724 = ORIENTED_EDGE('',*,*,#1630,.F.);
#1725 = ORIENTED_EDGE('',*,*,#1580,.F.);
#1726 = FACE_BOUND('',#1727,.T.);
#1727 = EDGE_LOOP('',(#1728,#1739,#1747,#1756,#1764,#1773,#1781,#1790));
#1728 = ORIENTED_EDGE('',*,*,#1729,.F.);
#1729 = EDGE_CURVE('',#1730,#1732,#1734,.T.);
#1730 = VERTEX_POINT('',#1731);
#1731 = CARTESIAN_POINT('',(-0.5,-0.37,6.E-02));
#1732 = VERTEX_POINT('',#1733);
#1733 = CARTESIAN_POINT('',(-0.5,-0.34,3.E-02));
#1734 = CIRCLE('',#1735,3.E-02);
#1735 = AXIS2_PLACEMENT_3D('',#1736,#1737,#1738);
#1736 = CARTESIAN_POINT('',(-0.5,-0.34,6.E-02));
#1737 = DIRECTION('',(1.,0.,-0.));
#1738 = DIRECTION('',(0.,0.,1.));
#1739 = ORIENTED_EDGE('',*,*,#1740,.T.);
#1740 = EDGE_CURVE('',#1730,#1741,#1743,.T.);
#1741 = VERTEX_POINT('',#1742);
#1742 = CARTESIAN_POINT('',(-0.5,-0.37,0.74));
#1743 = LINE('',#1744,#1745);
#1744 = CARTESIAN_POINT('',(-0.5,-0.37,3.E-02));
#1745 = VECTOR('',#1746,1.);
#1746 = DIRECTION('',(0.,0.,1.));
#1747 = ORIENTED_EDGE('',*,*,#1748,.T.);
#1748 = EDGE_CURVE('',#1741,#1749,#1751,.T.);
#1749 = VERTEX_POINT('',#1750);
#1750 = CARTESIAN_POINT('',(-0.5,-0.34,0.77));
#1751 = CIRCLE('',#1752,3.E-02);
#1752 = AXIS2_PLACEMENT_3D('',#1753,#1754,#1755);
#1753 = CARTESIAN_POINT('',(-0.5,-0.34,0.74));
#1754 = DIRECTION('',(-1.,0.,0.));
#1755 = DIRECTION('',(0.,0.,1.));
#1756 = ORIENTED_EDGE('',*,*,#1757,.T.);
#1757 = EDGE_CURVE('',#1749,#1758,#1760,.T.);
#1758 = VERTEX_POINT('',#1759);
#1759 = CARTESIAN_POINT('',(-0.5,0.34,0.77));
#1760 = LINE('',#1761,#1762);
#1761 = CARTESIAN_POINT('',(-0.5,-0.37,0.77));
#1762 = VECTOR('',#1763,1.);
#1763 = DIRECTION('',(0.,1.,0.));
#1764 = ORIENTED_EDGE('',*,*,#1765,.F.);
#1765 = EDGE_CURVE('',#1766,#1758,#1768,.T.);
#1766 = VERTEX_POINT('',#1767);
#1767 = CARTESIAN_POINT('',(-0.5,0.37,0.74));
#1768 = CIRCLE('',#1769,3.E-02);
#1769 = AXIS2_PLACEMENT_3D('',#1770,#1771,#1772);
#1770 = CARTESIAN_POINT('',(-0.5,0.34,0.74));
#1771 = DIRECTION('',(1.,0.,-0.));
#1772 = DIRECTION('',(0.,0.,1.));
#1773 = ORIENTED_EDGE('',*,*,#1774,.F.);
#1774 = EDGE_CURVE('',#1775,#1766,#1777,.T.);
#1775 = VERTEX_POINT('',#1776);
#1776 = CARTESIAN_POINT('',(-0.5,0.37,6.E-02));
#1777 = LINE('',#1778,#1779);
#1778 = CARTESIAN_POINT('',(-0.5,0.37,3.E-02));
#1779 = VECTOR('',#1780,1.);
#1780 = DIRECTION('',(0.,0.,1.));
#1781 = ORIENTED_EDGE('',*,*,#1782,.T.);
#1782 = EDGE_CURVE('',#1775,#1783,#1785,.T.);
#1783 = VERTEX_POINT('',#1784);
#1784 = CARTESIAN_POINT('',(-0.5,0.34,3.E-02));
#1785 = CIRCLE('',#1786,3.E-02);
#1786 = AXIS2_PLACEMENT_3D('',#1787,#1788,#1789);
#1787 = CARTESIAN_POINT('',(-0.5,0.34,6.E-02));
#1788 = DIRECTION('',(-1.,0.,0.));
#1789 = DIRECTION('',(0.,0.,1.));
#1790 = ORIENTED_EDGE('',*,*,#1791,.F.);
#1791 = EDGE_CURVE('',#1732,#1783,#1792,.T.);
#1792 = LINE('',#1793,#1794);
#1793 = CARTESIAN_POINT('',(-0.5,-0.37,3.E-02));
#1794 = VECTOR('',#1795,1.);
#1795 = DIRECTION('',(0.,1.,0.));
#1796 = PLANE('',#1797);
#1797 = AXIS2_PLACEMENT_3D('',#1798,#1799,#1800);
#1798 = CARTESIAN_POINT('',(-0.5,-0.4,0.));
#1799 = DIRECTION('',(1.,0.,0.));
#1800 = DIRECTION('',(0.,0.,1.));
#1801 = ADVANCED_FACE('',(#1802),#1828,.T.);
#1802 = FACE_BOUND('',#1803,.T.);
#1803 = EDGE_LOOP('',(#1804,#1805,#1813,#1822));
#1804 = ORIENTED_EDGE('',*,*,#1729,.T.);
#1805 = ORIENTED_EDGE('',*,*,#1806,.T.);
#1806 = EDGE_CURVE('',#1732,#1807,#1809,.T.);
#1807 = VERTEX_POINT('',#1808);
#1808 = CARTESIAN_POINT('',(0.5,-0.34,3.E-02));
#1809 = LINE('',#1810,#1811);
#1810 = CARTESIAN_POINT('',(-0.5,-0.34,3.E-02));
#1811 = VECTOR('',#1812,1.);
#1812 = DIRECTION('',(1.,0.,0.));
#1813 = ORIENTED_EDGE('',*,*,#1814,.F.);
#1814 = EDGE_CURVE('',#1815,#1807,#1817,.T.);
#1815 = VERTEX_POINT('',#1816);
#1816 = CARTESIAN_POINT('',(0.5,-0.37,6.E-02));
#1817 = CIRCLE('',#1818,3.E-02);
#1818 = AXIS2_PLACEMENT_3D('',#1819,#1820,#1821);
#1819 = CARTESIAN_POINT('',(0.5,-0.34,6.E-02));
#1820 = DIRECTION('',(1.,0.,-0.));
#1821 = DIRECTION('',(0.,0.,1.));
#1822 = ORIENTED_EDGE('',*,*,#1823,.F.);
#1823 = EDGE_CURVE('',#1730,#1815,#1824,.T.);
#1824 = LINE('',#1825,#1826);
#1825 = CARTESIAN_POINT('',(-0.5,-0.37,6.E-02));
#1826 = VECTOR('',#1827,1.);
#1827 = DIRECTION('',(1.,0.,0.));
#1828 = CYLINDRICAL_SURFACE('',#1829,3.E-02);
#1829 = AXIS2_PLACEMENT_3D('',#1830,#1831,#1832);
#1830 = CARTESIAN_POINT('',(-0.5,-0.34,6.E-02));
#1831 = DIRECTION('',(1.,0.,0.));
#1832 = DIRECTION('',(0.,-1.,0.));
#1833 = ADVANCED_FACE('',(#1834),#1852,.F.);
#1834 = FACE_BOUND('',#1835,.F.);
#1835 = EDGE_LOOP('',(#1836,#1837,#1838,#1846));
#1836 = ORIENTED_EDGE('',*,*,#1791,.F.);
#1837 = ORIENTED_EDGE('',*,*,#1806,.T.);
#1838 = ORIENTED_EDGE('',*,*,#1839,.T.);
#1839 = EDGE_CURVE('',#1807,#1840,#1842,.T.);
#1840 = VERTEX_POINT('',#1841);
#1841 = CARTESIAN_POINT('',(0.5,0.34,3.E-02));
#1842 = LINE('',#1843,#1844);
#1843 = CARTESIAN_POINT('',(0.5,-0.37,3.E-02));
#1844 = VECTOR('',#1845,1.);
#1845 = DIRECTION('',(0.,1.,0.));
#1846 = ORIENTED_EDGE('',*,*,#1847,.F.);
#1847 = EDGE_CURVE('',#1783,#1840,#1848,.T.);
#1848 = LINE('',#1849,#1850);
#1849 = CARTESIAN_POINT('',(-0.5,0.34,3.E-02));
#1850 = VECTOR('',#1851,1.);
#1851 = DIRECTION('',(1.,0.,0.));
#1852 = PLANE('',#1853);
#1853 = AXIS2_PLACEMENT_3D('',#1854,#1855,#1856);
#1854 = CARTESIAN_POINT('',(-0.5,-0.37,3.E-02));
#1855 = DIRECTION('',(0.,0.,1.));
#1856 = DIRECTION('',(1.,0.,-0.));
#1857 = ADVANCED_FACE('',(#1858),#1877,.T.);
#1858 = FACE_BOUND('',#1859,.T.);
#1859 = EDGE_LOOP('',(#1860,#1868,#1875,#1876));
#1860 = ORIENTED_EDGE('',*,*,#1861,.T.);
#1861 = EDGE_CURVE('',#1775,#1862,#1864,.T.);
#1862 = VERTEX_POINT('',#1863);
#1863 = CARTESIAN_POINT('',(0.5,0.37,6.E-02));
#1864 = LINE('',#1865,#1866);
#1865 = CARTESIAN_POINT('',(-0.5,0.37,6.E-02));
#1866 = VECTOR('',#1867,1.);
#1867 = DIRECTION('',(1.,0.,0.));
#1868 = ORIENTED_EDGE('',*,*,#1869,.T.);
#1869 = EDGE_CURVE('',#1862,#1840,#1870,.T.);
#1870 = CIRCLE('',#1871,3.E-02);
#1871 = AXIS2_PLACEMENT_3D('',#1872,#1873,#1874);
#1872 = CARTESIAN_POINT('',(0.5,0.34,6.E-02));
#1873 = DIRECTION('',(-1.,0.,0.));
#1874 = DIRECTION('',(0.,0.,1.));
#1875 = ORIENTED_EDGE('',*,*,#1847,.F.);
#1876 = ORIENTED_EDGE('',*,*,#1782,.F.);
#1877 = CYLINDRICAL_SURFACE('',#1878,3.E-02);
#1878 = AXIS2_PLACEMENT_3D('',#1879,#1880,#1881);
#1879 = CARTESIAN_POINT('',(-0.5,0.34,6.E-02));
#1880 = DIRECTION('',(1.,0.,0.));
#1881 = DIRECTION('',(-0.,1.,0.));
#1882 = ADVANCED_FACE('',(#1883),#1901,.T.);
#1883 = FACE_BOUND('',#1884,.T.);
#1884 = EDGE_LOOP('',(#1885,#1893,#1894,#1895));
#1885 = ORIENTED_EDGE('',*,*,#1886,.F.);
#1886 = EDGE_CURVE('',#1862,#1887,#1889,.T.);
#1887 = VERTEX_POINT('',#1888);
#1888 = CARTESIAN_POINT('',(0.5,0.37,0.74));
#1889 = LINE('',#1890,#1891);
#1890 = CARTESIAN_POINT('',(0.5,0.37,3.E-02));
#1891 = VECTOR('',#1892,1.);
#1892 = DIRECTION('',(0.,0.,1.));
#1893 = ORIENTED_EDGE('',*,*,#1861,.F.);
#1894 = ORIENTED_EDGE('',*,*,#1774,.T.);
#1895 = ORIENTED_EDGE('',*,*,#1896,.T.);
#1896 = EDGE_CURVE('',#1766,#1887,#1897,.T.);
#1897 = LINE('',#1898,#1899);
#1898 = CARTESIAN_POINT('',(-0.5,0.37,0.74));
#1899 = VECTOR('',#1900,1.);
#1900 = DIRECTION('',(1.,0.,0.));
#1901 = PLANE('',#1902);
#1902 = AXIS2_PLACEMENT_3D('',#1903,#1904,#1905);
#1903 = CARTESIAN_POINT('',(-0.5,0.37,3.E-02));
#1904 = DIRECTION('',(0.,1.,0.));
#1905 = DIRECTION('',(0.,-0.,1.));
#1906 = ADVANCED_FACE('',(#1907),#1926,.T.);
#1907 = FACE_BOUND('',#1908,.T.);
#1908 = EDGE_LOOP('',(#1909,#1910,#1918,#1925));
#1909 = ORIENTED_EDGE('',*,*,#1765,.T.);
#1910 = ORIENTED_EDGE('',*,*,#1911,.T.);
#1911 = EDGE_CURVE('',#1758,#1912,#1914,.T.);
#1912 = VERTEX_POINT('',#1913);
#1913 = CARTESIAN_POINT('',(0.5,0.34,0.77));
#1914 = LINE('',#1915,#1916);
#1915 = CARTESIAN_POINT('',(-0.5,0.34,0.77));
#1916 = VECTOR('',#1917,1.);
#1917 = DIRECTION('',(1.,0.,0.));
#1918 = ORIENTED_EDGE('',*,*,#1919,.F.);
#1919 = EDGE_CURVE('',#1887,#1912,#1920,.T.);
#1920 = CIRCLE('',#1921,3.E-02);
#1921 = AXIS2_PLACEMENT_3D('',#1922,#1923,#1924);
#1922 = CARTESIAN_POINT('',(0.5,0.34,0.74));
#1923 = DIRECTION('',(1.,0.,-0.));
#1924 = DIRECTION('',(0.,0.,1.));
#1925 = ORIENTED_EDGE('',*,*,#1896,.F.);
#1926 = CYLINDRICAL_SURFACE('',#1927,3.E-02);
#1927 = AXIS2_PLACEMENT_3D('',#1928,#1929,#1930);
#1928 = CARTESIAN_POINT('',(-0.5,0.34,0.74));
#1929 = DIRECTION('',(1.,0.,0.));
#1930 = DIRECTION('',(-0.,1.,0.));
#1931 = ADVANCED_FACE('',(#1932),#1950,.T.);
#1932 = FACE_BOUND('',#1933,.T.);
#1933 = EDGE_LOOP('',(#1934,#1935,#1943,#1949));
#1934 = ORIENTED_EDGE('',*,*,#1757,.F.);
#1935 = ORIENTED_EDGE('',*,*,#1936,.T.);
#1936 = EDGE_CURVE('',#1749,#1937,#1939,.T.);
#1937 = VERTEX_POINT('',#1938);
#1938 = CARTESIAN_POINT('',(0.5,-0.34,0.77));
#1939 = LINE('',#1940,#1941);
#1940 = CARTESIAN_POINT('',(-0.5,-0.34,0.77));
#1941 = VECTOR('',#1942,1.);
#1942 = DIRECTION('',(1.,0.,0.));
#1943 = ORIENTED_EDGE('',*,*,#1944,.T.);
#1944 = EDGE_CURVE('',#1937,#1912,#1945,.T.);
#1945 = LINE('',#1946,#1947);
#1946 = CARTESIAN_POINT('',(0.5,-0.37,0.77));
#1947 = VECTOR('',#1948,1.);
#1948 = DIRECTION('',(0.,1.,0.));
#1949 = ORIENTED_EDGE('',*,*,#1911,.F.);
#1950 = PLANE('',#1951);
#1951 = AXIS2_PLACEMENT_3D('',#1952,#1953,#1954);
#1952 = CARTESIAN_POINT('',(-0.5,-0.37,0.77));
#1953 = DIRECTION('',(0.,0.,1.));
#1954 = DIRECTION('',(1.,0.,-0.));
#1955 = ADVANCED_FACE('',(#1956),#1975,.T.);
#1956 = FACE_BOUND('',#1957,.T.);
#1957 = EDGE_LOOP('',(#1958,#1966,#1973,#1974));
#1958 = ORIENTED_EDGE('',*,*,#1959,.T.);
#1959 = EDGE_CURVE('',#1741,#1960,#1962,.T.);
#1960 = VERTEX_POINT('',#1961);
#1961 = CARTESIAN_POINT('',(0.5,-0.37,0.74));
#1962 = LINE('',#1963,#1964);
#1963 = CARTESIAN_POINT('',(-0.5,-0.37,0.74));
#1964 = VECTOR('',#1965,1.);
#1965 = DIRECTION('',(1.,0.,0.));
#1966 = ORIENTED_EDGE('',*,*,#1967,.T.);
#1967 = EDGE_CURVE('',#1960,#1937,#1968,.T.);
#1968 = CIRCLE('',#1969,3.E-02);
#1969 = AXIS2_PLACEMENT_3D('',#1970,#1971,#1972);
#1970 = CARTESIAN_POINT('',(0.5,-0.34,0.74));
#1971 = DIRECTION('',(-1.,0.,0.));
#1972 = DIRECTION('',(0.,0.,1.));
#1973 = ORIENTED_EDGE('',*,*,#1936,.F.);
#1974 = ORIENTED_EDGE('',*,*,#1748,.F.);
#1975 = CYLINDRICAL_SURFACE('',#1976,3.E-02);
#1976 = AXIS2_PLACEMENT_3D('',#1977,#1978,#1979);
#1977 = CARTESIAN_POINT('',(-0.5,-0.34,0.74));
#1978 = DIRECTION('',(1.,0.,0.));
#1979 = DIRECTION('',(0.,-1.,0.));
#1980 = ADVANCED_FACE('',(#1981),#1992,.F.);
#1981 = FACE_BOUND('',#1982,.F.);
#1982 = EDGE_LOOP('',(#1983,#1989,#1990,#1991));
#1983 = ORIENTED_EDGE('',*,*,#1984,.F.);
#1984 = EDGE_CURVE('',#1815,#1960,#1985,.T.);
#1985 = LINE('',#1986,#1987);
#1986 = CARTESIAN_POINT('',(0.5,-0.37,3.E-02));
#1987 = VECTOR('',#1988,1.);
#1988 = DIRECTION('',(0.,0.,1.));
#1989 = ORIENTED_EDGE('',*,*,#1823,.F.);
#1990 = ORIENTED_EDGE('',*,*,#1740,.T.);
#1991 = ORIENTED_EDGE('',*,*,#1959,.T.);
#1992 = PLANE('',#1993);
#1993 = AXIS2_PLACEMENT_3D('',#1994,#1995,#1996);
#1994 = CARTESIAN_POINT('',(-0.5,-0.37,3.E-02));
#1995 = DIRECTION('',(0.,1.,0.));
#1996 = DIRECTION('',(0.,-0.,1.));
#1997 = ADVANCED_FACE('',(#1998,#2068),#2078,.F.);
#1998 = FACE_BOUND('',#1999,.F.);
#1999 = EDGE_LOOP('',(#2000,#2010,#2019,#2027,#2036,#2044,#2053,#2061));
#2000 = ORIENTED_EDGE('',*,*,#2001,.F.);
#2001 = EDGE_CURVE('',#2002,#2004,#2006,.T.);
#2002 = VERTEX_POINT('',#2003);
#2003 = CARTESIAN_POINT('',(0.5,-0.4,3.E-02));
#2004 = VERTEX_POINT('',#2005);
#2005 = CARTESIAN_POINT('',(0.5,-0.4,0.77));
#2006 = LINE('',#2007,#2008);
#2007 = CARTESIAN_POINT('',(0.5,-0.4,0.));
#2008 = VECTOR('',#2009,1.);
#2009 = DIRECTION('',(0.,0.,1.));
#2010 = ORIENTED_EDGE('',*,*,#2011,.T.);
#2011 = EDGE_CURVE('',#2002,#2012,#2014,.T.);
#2012 = VERTEX_POINT('',#2013);
#2013 = CARTESIAN_POINT('',(0.5,-0.37,0.));
#2014 = CIRCLE('',#2015,3.E-02);
#2015 = AXIS2_PLACEMENT_3D('',#2016,#2017,#2018);
#2016 = CARTESIAN_POINT('',(0.5,-0.37,3.E-02));
#2017 = DIRECTION('',(1.,0.,-0.));
#2018 = DIRECTION('',(0.,0.,1.));
#2019 = ORIENTED_EDGE('',*,*,#2020,.T.);
#2020 = EDGE_CURVE('',#2012,#2021,#2023,.T.);
#2021 = VERTEX_POINT('',#2022);
#2022 = CARTESIAN_POINT('',(0.5,0.37,0.));
#2023 = LINE('',#2024,#2025);
#2024 = CARTESIAN_POINT('',(0.5,-0.4,0.));
#2025 = VECTOR('',#2026,1.);
#2026 = DIRECTION('',(0.,1.,0.));
#2027 = ORIENTED_EDGE('',*,*,#2028,.F.);
#2028 = EDGE_CURVE('',#2029,#2021,#2031,.T.);
#2029 = VERTEX_POINT('',#2030);
#2030 = CARTESIAN_POINT('',(0.5,0.4,3.E-02));
#2031 = CIRCLE('',#2032,3.E-02);
#2032 = AXIS2_PLACEMENT_3D('',#2033,#2034,#2035);
#2033 = CARTESIAN_POINT('',(0.5,0.37,3.E-02));
#2034 = DIRECTION('',(-1.,0.,0.));
#2035 = DIRECTION('',(0.,0.,1.));
#2036 = ORIENTED_EDGE('',*,*,#2037,.T.);
#2037 = EDGE_CURVE('',#2029,#2038,#2040,.T.);
#2038 = VERTEX_POINT('',#2039);
#2039 = CARTESIAN_POINT('',(0.5,0.4,0.77));
#2040 = LINE('',#2041,#2042);
#2041 = CARTESIAN_POINT('',(0.5,0.4,0.));
#2042 = VECTOR('',#2043,1.);
#2043 = DIRECTION('',(0.,0.,1.));
#2044 = ORIENTED_EDGE('',*,*,#2045,.T.);
#2045 = EDGE_CURVE('',#2038,#2046,#2048,.T.);
#2046 = VERTEX_POINT('',#2047);
#2047 = CARTESIAN_POINT('',(0.5,0.37,0.8));
#2048 = CIRCLE('',#2049,3.E-02);
#2049 = AXIS2_PLACEMENT_3D('',#2050,#2051,#2052);
#2050 = CARTESIAN_POINT('',(0.5,0.37,0.77));
#2051 = DIRECTION('',(1.,0.,-0.));
#2052 = DIRECTION('',(0.,0.,1.));
#2053 = ORIENTED_EDGE('',*,*,#2054,.F.);
#2054 = EDGE_CURVE('',#2055,#2046,#2057,.T.);
#2055 = VERTEX_POINT('',#2056);
#2056 = CARTESIAN_POINT('',(0.5,-0.37,0.8));
#2057 = LINE('',#2058,#2059);
#2058 = CARTESIAN_POINT('',(0.5,-0.4,0.8));
#2059 = VECTOR('',#2060,1.);
#2060 = DIRECTION('',(0.,1.,0.));
#2061 = ORIENTED_EDGE('',*,*,#2062,.F.);
#2062 = EDGE_CURVE('',#2004,#2055,#2063,.T.);
#2063 = CIRCLE('',#2064,3.E-02);
#2064 = AXIS2_PLACEMENT_3D('',#2065,#2066,#2067);
#2065 = CARTESIAN_POINT('',(0.5,-0.37,0.77));
#2066 = DIRECTION('',(-1.,0.,0.));
#2067 = DIRECTION('',(0.,0.,1.));
#2068 = FACE_BOUND('',#2069,.F.);
#2069 = EDGE_LOOP('',(#2070,#2071,#2072,#2073,#2074,#2075,#2076,#2077));
#2070 = ORIENTED_EDGE('',*,*,#1814,.F.);
#2071 = ORIENTED_EDGE('',*,*,#1984,.T.);
#2072 = ORIENTED_EDGE('',*,*,#1967,.T.);
#2073 = ORIENTED_EDGE('',*,*,#1944,.T.);
#2074 = ORIENTED_EDGE('',*,*,#1919,.F.);
#2075 = ORIENTED_EDGE('',*,*,#1886,.F.);
#2076 = ORIENTED_EDGE('',*,*,#1869,.T.);
#2077 = ORIENTED_EDGE('',*,*,#1839,.F.);
#2078 = PLANE('',#2079);
#2079 = AXIS2_PLACEMENT_3D('',#2080,#2081,#2082);
#2080 = CARTESIAN_POINT('',(0.5,-0.4,0.));
#2081 = DIRECTION('',(1.,0.,0.));
#2082 = DIRECTION('',(0.,0.,1.));
#2083 = ADVANCED_FACE('',(#2084),#2109,.F.);
#2084 = FACE_BOUND('',#2085,.F.);
#2085 = EDGE_LOOP('',(#2086,#2096,#2102,#2103));
#2086 = ORIENTED_EDGE('',*,*,#2087,.F.);
#2087 = EDGE_CURVE('',#2088,#2090,#2092,.T.);
#2088 = VERTEX_POINT('',#2089);
#2089 = CARTESIAN_POINT('',(0.8,-0.4,3.E-02));
#2090 = VERTEX_POINT('',#2091);
#2091 = CARTESIAN_POINT('',(0.8,-0.4,0.77));
#2092 = LINE('',#2093,#2094);
#2093 = CARTESIAN_POINT('',(0.8,-0.4,0.));
#2094 = VECTOR('',#2095,1.);
#2095 = DIRECTION('',(0.,0.,1.));
#2096 = ORIENTED_EDGE('',*,*,#2097,.F.);
#2097 = EDGE_CURVE('',#2002,#2088,#2098,.T.);
#2098 = LINE('',#2099,#2100);
#2099 = CARTESIAN_POINT('',(0.5,-0.4,3.E-02));
#2100 = VECTOR('',#2101,1.);
#2101 = DIRECTION('',(1.,0.,0.));
#2102 = ORIENTED_EDGE('',*,*,#2001,.T.);
#2103 = ORIENTED_EDGE('',*,*,#2104,.T.);
#2104 = EDGE_CURVE('',#2004,#2090,#2105,.T.);
#2105 = LINE('',#2106,#2107);
#2106 = CARTESIAN_POINT('',(0.5,-0.4,0.77));
#2107 = VECTOR('',#2108,1.);
#2108 = DIRECTION('',(1.,0.,0.));
#2109 = PLANE('',#2110);
#2110 = AXIS2_PLACEMENT_3D('',#2111,#2112,#2113);
#2111 = CARTESIAN_POINT('',(0.5,-0.4,0.));
#2112 = DIRECTION('',(0.,1.,0.));
#2113 = DIRECTION('',(0.,-0.,1.));
#2114 = ADVANCED_FACE('',(#2115),#2134,.T.);
#2115 = FACE_BOUND('',#2116,.T.);
#2116 = EDGE_LOOP('',(#2117,#2118,#2126,#2133));
#2117 = ORIENTED_EDGE('',*,*,#2011,.T.);
#2118 = ORIENTED_EDGE('',*,*,#2119,.T.);
#2119 = EDGE_CURVE('',#2012,#2120,#2122,.T.);
#2120 = VERTEX_POINT('',#2121);
#2121 = CARTESIAN_POINT('',(0.8,-0.37,0.));
#2122 = LINE('',#2123,#2124);
#2123 = CARTESIAN_POINT('',(0.5,-0.37,0.));
#2124 = VECTOR('',#2125,1.);
#2125 = DIRECTION('',(1.,0.,0.));
#2126 = ORIENTED_EDGE('',*,*,#2127,.F.);
#2127 = EDGE_CURVE('',#2088,#2120,#2128,.T.);
#2128 = CIRCLE('',#2129,3.E-02);
#2129 = AXIS2_PLACEMENT_3D('',#2130,#2131,#2132);
#2130 = CARTESIAN_POINT('',(0.8,-0.37,3.E-02));
#2131 = DIRECTION('',(1.,0.,-0.));
#2132 = DIRECTION('',(0.,0.,1.));
#2133 = ORIENTED_EDGE('',*,*,#2097,.F.);
#2134 = CYLINDRICAL_SURFACE('',#2135,3.E-02);
#2135 = AXIS2_PLACEMENT_3D('',#2136,#2137,#2138);
#2136 = CARTESIAN_POINT('',(0.5,-0.37,3.E-02));
#2137 = DIRECTION('',(1.,0.,0.));
#2138 = DIRECTION('',(0.,-1.,0.));
#2139 = ADVANCED_FACE('',(#2140),#2159,.T.);
#2140 = FACE_BOUND('',#2141,.T.);
#2141 = EDGE_LOOP('',(#2142,#2143,#2152,#2158));
#2142 = ORIENTED_EDGE('',*,*,#2104,.T.);
#2143 = ORIENTED_EDGE('',*,*,#2144,.T.);
#2144 = EDGE_CURVE('',#2090,#2145,#2147,.T.);
#2145 = VERTEX_POINT('',#2146);
#2146 = CARTESIAN_POINT('',(0.8,-0.37,0.8));
#2147 = CIRCLE('',#2148,3.E-02);
#2148 = AXIS2_PLACEMENT_3D('',#2149,#2150,#2151);
#2149 = CARTESIAN_POINT('',(0.8,-0.37,0.77));
#2150 = DIRECTION('',(-1.,0.,0.));
#2151 = DIRECTION('',(0.,0.,1.));
#2152 = ORIENTED_EDGE('',*,*,#2153,.F.);
#2153 = EDGE_CURVE('',#2055,#2145,#2154,.T.);
#2154 = LINE('',#2155,#2156);
#2155 = CARTESIAN_POINT('',(0.5,-0.37,0.8));
#2156 = VECTOR('',#2157,1.);
#2157 = DIRECTION('',(1.,0.,0.));
#2158 = ORIENTED_EDGE('',*,*,#2062,.F.);
#2159 = CYLINDRICAL_SURFACE('',#2160,3.E-02);
#2160 = AXIS2_PLACEMENT_3D('',#2161,#2162,#2163);
#2161 = CARTESIAN_POINT('',(0.5,-0.37,0.77));
#2162 = DIRECTION('',(1.,0.,0.));
#2163 = DIRECTION('',(0.,-1.,0.));
#2164 = ADVANCED_FACE('',(#2165),#2183,.F.);
#2165 = FACE_BOUND('',#2166,.F.);
#2166 = EDGE_LOOP('',(#2167,#2168,#2169,#2177));
#2167 = ORIENTED_EDGE('',*,*,#2020,.F.);
#2168 = ORIENTED_EDGE('',*,*,#2119,.T.);
#2169 = ORIENTED_EDGE('',*,*,#2170,.T.);
#2170 = EDGE_CURVE('',#2120,#2171,#2173,.T.);
#2171 = VERTEX_POINT('',#2172);
#2172 = CARTESIAN_POINT('',(0.8,0.37,0.));
#2173 = LINE('',#2174,#2175);
#2174 = CARTESIAN_POINT('',(0.8,-0.4,0.));
#2175 = VECTOR('',#2176,1.);
#2176 = DIRECTION('',(0.,1.,0.));
#2177 = ORIENTED_EDGE('',*,*,#2178,.F.);
#2178 = EDGE_CURVE('',#2021,#2171,#2179,.T.);
#2179 = LINE('',#2180,#2181);
#2180 = CARTESIAN_POINT('',(0.5,0.37,0.));
#2181 = VECTOR('',#2182,1.);
#2182 = DIRECTION('',(1.,0.,0.));
#2183 = PLANE('',#2184);
#2184 = AXIS2_PLACEMENT_3D('',#2185,#2186,#2187);
#2185 = CARTESIAN_POINT('',(0.5,-0.4,0.));
#2186 = DIRECTION('',(0.,0.,1.));
#2187 = DIRECTION('',(1.,0.,-0.));
#2188 = ADVANCED_FACE('',(#2189),#2207,.T.);
#2189 = FACE_BOUND('',#2190,.T.);
#2190 = EDGE_LOOP('',(#2191,#2192,#2193,#2201));
#2191 = ORIENTED_EDGE('',*,*,#2054,.F.);
#2192 = ORIENTED_EDGE('',*,*,#2153,.T.);
#2193 = ORIENTED_EDGE('',*,*,#2194,.T.);
#2194 = EDGE_CURVE('',#2145,#2195,#2197,.T.);
#2195 = VERTEX_POINT('',#2196);
#2196 = CARTESIAN_POINT('',(0.8,0.37,0.8));
#2197 = LINE('',#2198,#2199);
#2198 = CARTESIAN_POINT('',(0.8,-0.4,0.8));
#2199 = VECTOR('',#2200,1.);
#2200 = DIRECTION('',(0.,1.,0.));
#2201 = ORIENTED_EDGE('',*,*,#2202,.F.);
#2202 = EDGE_CURVE('',#2046,#2195,#2203,.T.);
#2203 = LINE('',#2204,#2205);
#2204 = CARTESIAN_POINT('',(0.5,0.37,0.8));
#2205 = VECTOR('',#2206,1.);
#2206 = DIRECTION('',(1.,0.,0.));
#2207 = PLANE('',#2208);
#2208 = AXIS2_PLACEMENT_3D('',#2209,#2210,#2211);
#2209 = CARTESIAN_POINT('',(0.5,-0.4,0.8));
#2210 = DIRECTION('',(0.,0.,1.));
#2211 = DIRECTION('',(1.,0.,-0.));
#2212 = ADVANCED_FACE('',(#2213),#2232,.T.);
#2213 = FACE_BOUND('',#2214,.T.);
#2214 = EDGE_LOOP('',(#2215,#2223,#2230,#2231));
#2215 = ORIENTED_EDGE('',*,*,#2216,.T.);
#2216 = EDGE_CURVE('',#2029,#2217,#2219,.T.);
#2217 = VERTEX_POINT('',#2218);
#2218 = CARTESIAN_POINT('',(0.8,0.4,3.E-02));
#2219 = LINE('',#2220,#2221);
#2220 = CARTESIAN_POINT('',(0.5,0.4,3.E-02));
#2221 = VECTOR('',#2222,1.);
#2222 = DIRECTION('',(1.,0.,0.));
#2223 = ORIENTED_EDGE('',*,*,#2224,.T.);
#2224 = EDGE_CURVE('',#2217,#2171,#2225,.T.);
#2225 = CIRCLE('',#2226,3.E-02);
#2226 = AXIS2_PLACEMENT_3D('',#2227,#2228,#2229);
#2227 = CARTESIAN_POINT('',(0.8,0.37,3.E-02));
#2228 = DIRECTION('',(-1.,0.,0.));
#2229 = DIRECTION('',(0.,0.,1.));
#2230 = ORIENTED_EDGE('',*,*,#2178,.F.);
#2231 = ORIENTED_EDGE('',*,*,#2028,.F.);
#2232 = CYLINDRICAL_SURFACE('',#2233,3.E-02);
#2233 = AXIS2_PLACEMENT_3D('',#2234,#2235,#2236);
#2234 = CARTESIAN_POINT('',(0.5,0.37,3.E-02));
#2235 = DIRECTION('',(1.,0.,0.));
#2236 = DIRECTION('',(-0.,1.,0.));
#2237 = ADVANCED_FACE('',(#2238),#2257,.T.);
#2238 = FACE_BOUND('',#2239,.T.);
#2239 = EDGE_LOOP('',(#2240,#2241,#2242,#2251));
#2240 = ORIENTED_EDGE('',*,*,#2045,.T.);
#2241 = ORIENTED_EDGE('',*,*,#2202,.T.);
#2242 = ORIENTED_EDGE('',*,*,#2243,.F.);
#2243 = EDGE_CURVE('',#2244,#2195,#2246,.T.);
#2244 = VERTEX_POINT('',#2245);
#2245 = CARTESIAN_POINT('',(0.8,0.4,0.77));
#2246 = CIRCLE('',#2247,3.E-02);
#2247 = AXIS2_PLACEMENT_3D('',#2248,#2249,#2250);
#2248 = CARTESIAN_POINT('',(0.8,0.37,0.77));
#2249 = DIRECTION('',(1.,0.,-0.));
#2250 = DIRECTION('',(0.,0.,1.));
#2251 = ORIENTED_EDGE('',*,*,#2252,.F.);
#2252 = EDGE_CURVE('',#2038,#2244,#2253,.T.);
#2253 = LINE('',#2254,#2255);
#2254 = CARTESIAN_POINT('',(0.5,0.4,0.77));
#2255 = VECTOR('',#2256,1.);
#2256 = DIRECTION('',(1.,0.,0.));
#2257 = CYLINDRICAL_SURFACE('',#2258,3.E-02);
#2258 = AXIS2_PLACEMENT_3D('',#2259,#2260,#2261);
#2259 = CARTESIAN_POINT('',(0.5,0.37,0.77));
#2260 = DIRECTION('',(1.,0.,0.));
#2261 = DIRECTION('',(-0.,1.,0.));
#2262 = ADVANCED_FACE('',(#2263),#2274,.T.);
#2263 = FACE_BOUND('',#2264,.T.);
#2264 = EDGE_LOOP('',(#2265,#2271,#2272,#2273));
#2265 = ORIENTED_EDGE('',*,*,#2266,.F.);
#2266 = EDGE_CURVE('',#2217,#2244,#2267,.T.);
#2267 = LINE('',#2268,#2269);
#2268 = CARTESIAN_POINT('',(0.8,0.4,0.));
#2269 = VECTOR('',#2270,1.);
#2270 = DIRECTION('',(0.,0.,1.));
#2271 = ORIENTED_EDGE('',*,*,#2216,.F.);
#2272 = ORIENTED_EDGE('',*,*,#2037,.T.);
#2273 = ORIENTED_EDGE('',*,*,#2252,.T.);
#2274 = PLANE('',#2275);
#2275 = AXIS2_PLACEMENT_3D('',#2276,#2277,#2278);
#2276 = CARTESIAN_POINT('',(0.5,0.4,0.));
#2277 = DIRECTION('',(0.,1.,0.));
#2278 = DIRECTION('',(0.,-0.,1.));
#2279 = ADVANCED_FACE('',(#2280),#2290,.T.);
#2280 = FACE_BOUND('',#2281,.T.);
#2281 = EDGE_LOOP('',(#2282,#2283,#2284,#2285,#2286,#2287,#2288,#2289));
#2282 = ORIENTED_EDGE('',*,*,#2087,.F.);
#2283 = ORIENTED_EDGE('',*,*,#2127,.T.);
#2284 = ORIENTED_EDGE('',*,*,#2170,.T.);
#2285 = ORIENTED_EDGE('',*,*,#2224,.F.);
#2286 = ORIENTED_EDGE('',*,*,#2266,.T.);
#2287 = ORIENTED_EDGE('',*,*,#2243,.T.);
#2288 = ORIENTED_EDGE('',*,*,#2194,.F.);
#2289 = ORIENTED_EDGE('',*,*,#2144,.F.);
#2290 = PLANE('',#2291);
#2291 = AXIS2_PLACEMENT_3D('',#2292,#2293,#2294);
#2292 = CARTESIAN_POINT('',(0.8,-0.4,0.));
#2293 = DIRECTION('',(1.,0.,0.));
#2294 = DIRECTION('',(0.,0.,1.));
#2295 = ( GEOMETRIC_REPRESENTATION_CONTEXT(3) 
GLOBAL_UNCERTAINTY_ASSIGNED_CONTEXT((#2299)) 
GLOBAL_UNIT_ASSIGNED_CONTEXT((#2296,#2297,#2298)) REPRESENTATION_CONTEXT
('Context #1','3D Context with UNIT and UNCERTAINTY') );
#2296 = ( LENGTH_UNIT() NAMED_UNIT(*) SI_UNIT(.MILLI.,.METRE.) );
#2297 = ( NAMED_UNIT(*) PLANE_ANGLE_UNIT() SI_UNIT($,.RADIAN.) );
#2298 = ( NAMED_UNIT(*) SI_UNIT($,.STERADIAN.) SOLID_ANGLE_UNIT() );
#2299 = UNCERTAINTY_MEASURE_WITH_UNIT(LENGTH_MEASURE(1.E-07),#2296,
  'distance_accuracy_value','confusion accuracy');
#2300 = CONTEXT_DEPENDENT_SHAPE_REPRESENTATION(#2301,#2303);
#2301 = ( REPRESENTATION_RELATIONSHIP('','',#1440,#1417) 
REPRESENTATION_RELATIONSHIP_WITH_TRANSFORMATION(#2302) 
SHAPE_REPRESENTATION_RELATIONSHIP() );
#2302 = ITEM_DEFINED_TRANSFORMATION('','',#11,#1418);
#2303 = PRODUCT_DEFINITION_SHAPE('Placement','Placement of an item',
  #2304);
#2304 = NEXT_ASSEMBLY_USAGE_OCCURRENCE('3','=>[0:1:1:5]','',#1412,#1435,
  $);
#2305 = PRODUCT_RELATED_PRODUCT_CATEGORY('part',$,(#1437));
#2306 = SHAPE_DEFINITION_REPRESENTATION(#2307,#2313);
#2307 = PRODUCT_DEFINITION_SHAPE('','',#2308);
#2308 = PRODUCT_DEFINITION('design','',#2309,#2312);
#2309 = PRODUCT_DEFINITION_FORMATION('','',#2310);
#2310 = PRODUCT('PinHeader_1x04_P1.27mm_Horizontal',
  'PinHeader_1x04_P1.27mm_Horizontal','',(#2311));
#2311 = PRODUCT_CONTEXT('',#2,'mechanical');
#2312 = PRODUCT_DEFINITION_CONTEXT('part definition',#2,'design');
#2313 = SHAPE_REPRESENTATION('',(#11,#2314),#2318);
#2314 = AXIS2_PLACEMENT_3D('',#2315,#2316,#2317);
#2315 = CARTESIAN_POINT('',(0.,0.,0.));
#2316 = DIRECTION('',(0.,0.,1.));
#2317 = DIRECTION('',(1.,0.,-0.));
#2318 = ( GEOMETRIC_REPRESENTATION_CONTEXT(3) 
GLOBAL_UNCERTAINTY_ASSIGNED_CONTEXT((#2322)) 
GLOBAL_UNIT_ASSIGNED_CONTEXT((#2319,#2320,#2321)) REPRESENTATION_CONTEXT
('Context #1','3D Context with UNIT and UNCERTAINTY') );
#2319 = ( LENGTH_UNIT() NAMED_UNIT(*) SI_UNIT(.MILLI.,.METRE.) );
#2320 = ( NAMED_UNIT(*) PLANE_ANGLE_UNIT() SI_UNIT($,.RADIAN.) );
#2321 = ( NAMED_UNIT(*) SI_UNIT($,.STERADIAN.) SOLID_ANGLE_UNIT() );
#2322 = UNCERTAINTY_MEASURE_WITH_UNIT(LENGTH_MEASURE(1.E-07),#2319,
  'distance_accuracy_value','confusion accuracy');
#2323 = CONTEXT_DEPENDENT_SHAPE_REPRESENTATION(#2324,#2326);
#2324 = ( REPRESENTATION_RELATIONSHIP('','',#2313,#10) 
REPRESENTATION_RELATIONSHIP_WITH_TRANSFORMATION(#2325) 
SHAPE_REPRESENTATION_RELATIONSHIP() );
#2325 = ITEM_DEFINED_TRANSFORMATION('','',#11,#23);
#2326 = PRODUCT_DEFINITION_SHAPE('Placement','Placement of an item',
  #2327);
#2327 = NEXT_ASSEMBLY_USAGE_OCCURRENCE('6','J4','',#5,#2308,$);
#2328 = PRODUCT_RELATED_PRODUCT_CATEGORY('part',$,(#2310));
#2329 = SHAPE_DEFINITION_REPRESENTATION(#2330,#2336);
#2330 = PRODUCT_DEFINITION_SHAPE('','',#2331);
#2331 = PRODUCT_DEFINITION('design','',#2332,#2335);
#2332 = PRODUCT_DEFINITION_FORMATION('','',#2333);
#2333 = PRODUCT('PinHeader_1x04_P127mm_Horizontal',
  'PinHeader_1x04_P127mm_Horizontal','',(#2334));
#2334 = PRODUCT_CONTEXT('',#2,'mechanical');
#2335 = PRODUCT_DEFINITION_CONTEXT('part definition',#2,'design');
#2336 = ADVANCED_BREP_SHAPE_REPRESENTATION('',(#11,#2337),#5521);
#2337 = MANIFOLD_SOLID_BREP('',#2338);
#2338 = CLOSED_SHELL('',(#2339,#2379,#2410,#2441,#2770,#3099,#3116,#3133
    ,#3150,#3167,#3184,#3201,#3218,#3235,#3252,#3269,#3286,#3303,#3320,
    #3337,#3354,#3371,#3388,#3405,#3422,#3439,#3456,#3473,#3485,#3541,
    #3565,#3614,#3631,#3662,#3711,#3735,#3777,#3808,#3857,#3881,#3923,
    #3954,#4003,#4027,#4069,#4100,#4124,#4148,#4165,#4196,#4220,#4244,
    #4261,#4292,#4316,#4340,#4357,#4388,#4412,#4436,#4453,#4470,#4487,
    #4518,#4535,#4566,#4583,#4600,#4631,#4648,#4679,#4696,#4713,#4730,
    #4761,#4792,#4809,#4826,#4843,#4874,#4905,#4936,#4960,#4984,#5001,
    #5032,#5056,#5080,#5097,#5128,#5152,#5176,#5193,#5224,#5248,#5272,
    #5289,#5306,#5323,#5335,#5352,#5369,#5381,#5398,#5415,#5427,#5444,
    #5461,#5473,#5485,#5497,#5509));
#2339 = ADVANCED_FACE('',(#2340),#2374,.T.);
#2340 = FACE_BOUND('',#2341,.T.);
#2341 = EDGE_LOOP('',(#2342,#2352,#2360,#2368));
#2342 = ORIENTED_EDGE('',*,*,#2343,.T.);
#2343 = EDGE_CURVE('',#2344,#2346,#2348,.T.);
#2344 = VERTEX_POINT('',#2345);
#2345 = CARTESIAN_POINT('',(0.5,0.635,0.127));
#2346 = VERTEX_POINT('',#2347);
#2347 = CARTESIAN_POINT('',(1.5,0.635,0.127));
#2348 = LINE('',#2349,#2350);
#2349 = CARTESIAN_POINT('',(0.5,0.635,0.127));
#2350 = VECTOR('',#2351,1.);
#2351 = DIRECTION('',(1.,0.,0.));
#2352 = ORIENTED_EDGE('',*,*,#2353,.T.);
#2353 = EDGE_CURVE('',#2346,#2354,#2356,.T.);
#2354 = VERTEX_POINT('',#2355);
#2355 = CARTESIAN_POINT('',(1.5,0.508,0.));
#2356 = LINE('',#2357,#2358);
#2357 = CARTESIAN_POINT('',(1.5,0.635,0.127));
#2358 = VECTOR('',#2359,1.);
#2359 = DIRECTION('',(0.,-0.707106781187,-0.707106781187));
#2360 = ORIENTED_EDGE('',*,*,#2361,.F.);
#2361 = EDGE_CURVE('',#2362,#2354,#2364,.T.);
#2362 = VERTEX_POINT('',#2363);
#2363 = CARTESIAN_POINT('',(0.5,0.508,0.));
#2364 = LINE('',#2365,#2366);
#2365 = CARTESIAN_POINT('',(0.5,0.508,0.));
#2366 = VECTOR('',#2367,1.);
#2367 = DIRECTION('',(1.,0.,0.));
#2368 = ORIENTED_EDGE('',*,*,#2369,.F.);
#2369 = EDGE_CURVE('',#2344,#2362,#2370,.T.);
#2370 = LINE('',#2371,#2372);
#2371 = CARTESIAN_POINT('',(0.5,0.635,0.127));
#2372 = VECTOR('',#2373,1.);
#2373 = DIRECTION('',(0.,-0.707106781187,-0.707106781187));
#2374 = PLANE('',#2375);
#2375 = AXIS2_PLACEMENT_3D('',#2376,#2377,#2378);
#2376 = CARTESIAN_POINT('',(0.5,0.635,0.127));
#2377 = DIRECTION('',(0.,0.707106781187,-0.707106781187));
#2378 = DIRECTION('',(0.,-0.707106781187,-0.707106781187));
#2379 = ADVANCED_FACE('',(#2380),#2405,.T.);
#2380 = FACE_BOUND('',#2381,.T.);
#2381 = EDGE_LOOP('',(#2382,#2392,#2398,#2399));
#2382 = ORIENTED_EDGE('',*,*,#2383,.T.);
#2383 = EDGE_CURVE('',#2384,#2386,#2388,.T.);
#2384 = VERTEX_POINT('',#2385);
#2385 = CARTESIAN_POINT('',(0.5,0.635,1.973));
#2386 = VERTEX_POINT('',#2387);
#2387 = CARTESIAN_POINT('',(1.5,0.635,1.973));
#2388 = LINE('',#2389,#2390);
#2389 = CARTESIAN_POINT('',(0.5,0.635,1.973));
#2390 = VECTOR('',#2391,1.);
#2391 = DIRECTION('',(1.,0.,0.));
#2392 = ORIENTED_EDGE('',*,*,#2393,.T.);
#2393 = EDGE_CURVE('',#2386,#2346,#2394,.T.);
#2394 = LINE('',#2395,#2396);
#2395 = CARTESIAN_POINT('',(1.5,0.635,1.973));
#2396 = VECTOR('',#2397,1.);
#2397 = DIRECTION('',(0.,0.,-1.));
#2398 = ORIENTED_EDGE('',*,*,#2343,.F.);
#2399 = ORIENTED_EDGE('',*,*,#2400,.F.);
#2400 = EDGE_CURVE('',#2384,#2344,#2401,.T.);
#2401 = LINE('',#2402,#2403);
#2402 = CARTESIAN_POINT('',(0.5,0.635,1.973));
#2403 = VECTOR('',#2404,1.);
#2404 = DIRECTION('',(0.,0.,-1.));
#2405 = PLANE('',#2406);
#2406 = AXIS2_PLACEMENT_3D('',#2407,#2408,#2409);
#2407 = CARTESIAN_POINT('',(0.5,0.635,1.973));
#2408 = DIRECTION('',(0.,1.,0.));
#2409 = DIRECTION('',(0.,0.,-1.));
#2410 = ADVANCED_FACE('',(#2411),#2436,.T.);
#2411 = FACE_BOUND('',#2412,.T.);
#2412 = EDGE_LOOP('',(#2413,#2414,#2422,#2430));
#2413 = ORIENTED_EDGE('',*,*,#2361,.T.);
#2414 = ORIENTED_EDGE('',*,*,#2415,.T.);
#2415 = EDGE_CURVE('',#2354,#2416,#2418,.T.);
#2416 = VERTEX_POINT('',#2417);
#2417 = CARTESIAN_POINT('',(1.5,-0.508,0.));
#2418 = LINE('',#2419,#2420);
#2419 = CARTESIAN_POINT('',(1.5,0.508,0.));
#2420 = VECTOR('',#2421,1.);
#2421 = DIRECTION('',(0.,-1.,0.));
#2422 = ORIENTED_EDGE('',*,*,#2423,.F.);
#2423 = EDGE_CURVE('',#2424,#2416,#2426,.T.);
#2424 = VERTEX_POINT('',#2425);
#2425 = CARTESIAN_POINT('',(0.5,-0.508,0.));
#2426 = LINE('',#2427,#2428);
#2427 = CARTESIAN_POINT('',(0.5,-0.508,0.));
#2428 = VECTOR('',#2429,1.);
#2429 = DIRECTION('',(1.,0.,0.));
#2430 = ORIENTED_EDGE('',*,*,#2431,.F.);
#2431 = EDGE_CURVE('',#2362,#2424,#2432,.T.);
#2432 = LINE('',#2433,#2434);
#2433 = CARTESIAN_POINT('',(0.5,0.508,0.));
#2434 = VECTOR('',#2435,1.);
#2435 = DIRECTION('',(0.,-1.,0.));
#2436 = PLANE('',#2437);
#2437 = AXIS2_PLACEMENT_3D('',#2438,#2439,#2440);
#2438 = CARTESIAN_POINT('',(0.5,0.508,0.));
#2439 = DIRECTION('',(-0.,-0.,-1.));
#2440 = DIRECTION('',(0.,-1.,0.));
#2441 = ADVANCED_FACE('',(#2442,#2629,#2663,#2697,#2731),#2765,.T.);
#2442 = FACE_BOUND('',#2443,.T.);
#2443 = EDGE_LOOP('',(#2444,#2445,#2446,#2454,#2462,#2470,#2478,#2486,
    #2494,#2502,#2510,#2518,#2526,#2534,#2542,#2550,#2558,#2566,#2574,
    #2582,#2590,#2598,#2606,#2614,#2622,#2628));
#2444 = ORIENTED_EDGE('',*,*,#2369,.T.);
#2445 = ORIENTED_EDGE('',*,*,#2431,.T.);
#2446 = ORIENTED_EDGE('',*,*,#2447,.T.);
#2447 = EDGE_CURVE('',#2424,#2448,#2450,.T.);
#2448 = VERTEX_POINT('',#2449);
#2449 = CARTESIAN_POINT('',(0.5,-0.635,0.127));
#2450 = LINE('',#2451,#2452);
#2451 = CARTESIAN_POINT('',(0.5,-0.508,0.));
#2452 = VECTOR('',#2453,1.);
#2453 = DIRECTION('',(0.,-0.707106781187,0.707106781187));
#2454 = ORIENTED_EDGE('',*,*,#2455,.T.);
#2455 = EDGE_CURVE('',#2448,#2456,#2458,.T.);
#2456 = VERTEX_POINT('',#2457);
#2457 = CARTESIAN_POINT('',(0.5,-0.762,0.));
#2458 = LINE('',#2459,#2460);
#2459 = CARTESIAN_POINT('',(0.5,-0.635,0.127));
#2460 = VECTOR('',#2461,1.);
#2461 = DIRECTION('',(0.,-0.707106781187,-0.707106781187));
#2462 = ORIENTED_EDGE('',*,*,#2463,.T.);
#2463 = EDGE_CURVE('',#2456,#2464,#2466,.T.);
#2464 = VERTEX_POINT('',#2465);
#2465 = CARTESIAN_POINT('',(0.5,-1.778,0.));
#2466 = LINE('',#2467,#2468);
#2467 = CARTESIAN_POINT('',(0.5,-0.762,0.));
#2468 = VECTOR('',#2469,1.);
#2469 = DIRECTION('',(0.,-1.,0.));
#2470 = ORIENTED_EDGE('',*,*,#2471,.T.);
#2471 = EDGE_CURVE('',#2464,#2472,#2474,.T.);
#2472 = VERTEX_POINT('',#2473);
#2473 = CARTESIAN_POINT('',(0.5,-1.905,0.127));
#2474 = LINE('',#2475,#2476);
#2475 = CARTESIAN_POINT('',(0.5,-1.778,0.));
#2476 = VECTOR('',#2477,1.);
#2477 = DIRECTION('',(0.,-0.707106781187,0.707106781187));
#2478 = ORIENTED_EDGE('',*,*,#2479,.T.);
#2479 = EDGE_CURVE('',#2472,#2480,#2482,.T.);
#2480 = VERTEX_POINT('',#2481);
#2481 = CARTESIAN_POINT('',(0.5,-2.032,0.));
#2482 = LINE('',#2483,#2484);
#2483 = CARTESIAN_POINT('',(0.5,-1.905,0.127));
#2484 = VECTOR('',#2485,1.);
#2485 = DIRECTION('',(0.,-0.707106781187,-0.707106781187));
#2486 = ORIENTED_EDGE('',*,*,#2487,.T.);
#2487 = EDGE_CURVE('',#2480,#2488,#2490,.T.);
#2488 = VERTEX_POINT('',#2489);
#2489 = CARTESIAN_POINT('',(0.5,-3.048,0.));
#2490 = LINE('',#2491,#2492);
#2491 = CARTESIAN_POINT('',(0.5,-2.032,0.));
#2492 = VECTOR('',#2493,1.);
#2493 = DIRECTION('',(0.,-1.,0.));
#2494 = ORIENTED_EDGE('',*,*,#2495,.T.);
#2495 = EDGE_CURVE('',#2488,#2496,#2498,.T.);
#2496 = VERTEX_POINT('',#2497);
#2497 = CARTESIAN_POINT('',(0.5,-3.175,0.127));
#2498 = LINE('',#2499,#2500);
#2499 = CARTESIAN_POINT('',(0.5,-3.048,0.));
#2500 = VECTOR('',#2501,1.);
#2501 = DIRECTION('',(0.,-0.707106781187,0.707106781187));
#2502 = ORIENTED_EDGE('',*,*,#2503,.T.);
#2503 = EDGE_CURVE('',#2496,#2504,#2506,.T.);
#2504 = VERTEX_POINT('',#2505);
#2505 = CARTESIAN_POINT('',(0.5,-3.302,0.));
#2506 = LINE('',#2507,#2508);
#2507 = CARTESIAN_POINT('',(0.5,-3.175,0.127));
#2508 = VECTOR('',#2509,1.);
#2509 = DIRECTION('',(0.,-0.707106781187,-0.707106781187));
#2510 = ORIENTED_EDGE('',*,*,#2511,.T.);
#2511 = EDGE_CURVE('',#2504,#2512,#2514,.T.);
#2512 = VERTEX_POINT('',#2513);
#2513 = CARTESIAN_POINT('',(0.5,-4.318,0.));
#2514 = LINE('',#2515,#2516);
#2515 = CARTESIAN_POINT('',(0.5,-3.302,0.));
#2516 = VECTOR('',#2517,1.);
#2517 = DIRECTION('',(0.,-1.,0.));
#2518 = ORIENTED_EDGE('',*,*,#2519,.T.);
#2519 = EDGE_CURVE('',#2512,#2520,#2522,.T.);
#2520 = VERTEX_POINT('',#2521);
#2521 = CARTESIAN_POINT('',(0.5,-4.445,0.127));
#2522 = LINE('',#2523,#2524);
#2523 = CARTESIAN_POINT('',(0.5,-4.318,0.));
#2524 = VECTOR('',#2525,1.);
#2525 = DIRECTION('',(0.,-0.707106781187,0.707106781187));
#2526 = ORIENTED_EDGE('',*,*,#2527,.T.);
#2527 = EDGE_CURVE('',#2520,#2528,#2530,.T.);
#2528 = VERTEX_POINT('',#2529);
#2529 = CARTESIAN_POINT('',(0.5,-4.445,1.973));
#2530 = LINE('',#2531,#2532);
#2531 = CARTESIAN_POINT('',(0.5,-4.445,0.127));
#2532 = VECTOR('',#2533,1.);
#2533 = DIRECTION('',(0.,0.,1.));
#2534 = ORIENTED_EDGE('',*,*,#2535,.T.);
#2535 = EDGE_CURVE('',#2528,#2536,#2538,.T.);
#2536 = VERTEX_POINT('',#2537);
#2537 = CARTESIAN_POINT('',(0.5,-4.318,2.1));
#2538 = LINE('',#2539,#2540);
#2539 = CARTESIAN_POINT('',(0.5,-4.445,1.973));
#2540 = VECTOR('',#2541,1.);
#2541 = DIRECTION('',(0.,0.707106781187,0.707106781187));
#2542 = ORIENTED_EDGE('',*,*,#2543,.T.);
#2543 = EDGE_CURVE('',#2536,#2544,#2546,.T.);
#2544 = VERTEX_POINT('',#2545);
#2545 = CARTESIAN_POINT('',(0.5,-3.302,2.1));
#2546 = LINE('',#2547,#2548);
#2547 = CARTESIAN_POINT('',(0.5,-4.318,2.1));
#2548 = VECTOR('',#2549,1.);
#2549 = DIRECTION('',(0.,1.,0.));
#2550 = ORIENTED_EDGE('',*,*,#2551,.T.);
#2551 = EDGE_CURVE('',#2544,#2552,#2554,.T.);
#2552 = VERTEX_POINT('',#2553);
#2553 = CARTESIAN_POINT('',(0.5,-3.175,1.973));
#2554 = LINE('',#2555,#2556);
#2555 = CARTESIAN_POINT('',(0.5,-3.302,2.1));
#2556 = VECTOR('',#2557,1.);
#2557 = DIRECTION('',(0.,0.707106781187,-0.707106781187));
#2558 = ORIENTED_EDGE('',*,*,#2559,.T.);
#2559 = EDGE_CURVE('',#2552,#2560,#2562,.T.);
#2560 = VERTEX_POINT('',#2561);
#2561 = CARTESIAN_POINT('',(0.5,-3.048,2.1));
#2562 = LINE('',#2563,#2564);
#2563 = CARTESIAN_POINT('',(0.5,-3.175,1.973));
#2564 = VECTOR('',#2565,1.);
#2565 = DIRECTION('',(0.,0.707106781187,0.707106781187));
#2566 = ORIENTED_EDGE('',*,*,#2567,.T.);
#2567 = EDGE_CURVE('',#2560,#2568,#2570,.T.);
#2568 = VERTEX_POINT('',#2569);
#2569 = CARTESIAN_POINT('',(0.5,-2.032,2.1));
#2570 = LINE('',#2571,#2572);
#2571 = CARTESIAN_POINT('',(0.5,-3.048,2.1));
#2572 = VECTOR('',#2573,1.);
#2573 = DIRECTION('',(0.,1.,0.));
#2574 = ORIENTED_EDGE('',*,*,#2575,.T.);
#2575 = EDGE_CURVE('',#2568,#2576,#2578,.T.);
#2576 = VERTEX_POINT('',#2577);
#2577 = CARTESIAN_POINT('',(0.5,-1.905,1.973));
#2578 = LINE('',#2579,#2580);
#2579 = CARTESIAN_POINT('',(0.5,-2.032,2.1));
#2580 = VECTOR('',#2581,1.);
#2581 = DIRECTION('',(0.,0.707106781187,-0.707106781187));
#2582 = ORIENTED_EDGE('',*,*,#2583,.T.);
#2583 = EDGE_CURVE('',#2576,#2584,#2586,.T.);
#2584 = VERTEX_POINT('',#2585);
#2585 = CARTESIAN_POINT('',(0.5,-1.778,2.1));
#2586 = LINE('',#2587,#2588);
#2587 = CARTESIAN_POINT('',(0.5,-1.905,1.973));
#2588 = VECTOR('',#2589,1.);
#2589 = DIRECTION('',(0.,0.707106781187,0.707106781187));
#2590 = ORIENTED_EDGE('',*,*,#2591,.T.);
#2591 = EDGE_CURVE('',#2584,#2592,#2594,.T.);
#2592 = VERTEX_POINT('',#2593);
#2593 = CARTESIAN_POINT('',(0.5,-0.762,2.1));
#2594 = LINE('',#2595,#2596);
#2595 = CARTESIAN_POINT('',(0.5,-1.778,2.1));
#2596 = VECTOR('',#2597,1.);
#2597 = DIRECTION('',(0.,1.,0.));
#2598 = ORIENTED_EDGE('',*,*,#2599,.T.);
#2599 = EDGE_CURVE('',#2592,#2600,#2602,.T.);
#2600 = VERTEX_POINT('',#2601);
#2601 = CARTESIAN_POINT('',(0.5,-0.635,1.973));
#2602 = LINE('',#2603,#2604);
#2603 = CARTESIAN_POINT('',(0.5,-0.762,2.1));
#2604 = VECTOR('',#2605,1.);
#2605 = DIRECTION('',(0.,0.707106781187,-0.707106781187));
#2606 = ORIENTED_EDGE('',*,*,#2607,.T.);
#2607 = EDGE_CURVE('',#2600,#2608,#2610,.T.);
#2608 = VERTEX_POINT('',#2609);
#2609 = CARTESIAN_POINT('',(0.5,-0.508,2.1));
#2610 = LINE('',#2611,#2612);
#2611 = CARTESIAN_POINT('',(0.5,-0.635,1.973));
#2612 = VECTOR('',#2613,1.);
#2613 = DIRECTION('',(0.,0.707106781187,0.707106781187));
#2614 = ORIENTED_EDGE('',*,*,#2615,.T.);
#2615 = EDGE_CURVE('',#2608,#2616,#2618,.T.);
#2616 = VERTEX_POINT('',#2617);
#2617 = CARTESIAN_POINT('',(0.5,0.508,2.1));
#2618 = LINE('',#2619,#2620);
#2619 = CARTESIAN_POINT('',(0.5,-0.508,2.1));
#2620 = VECTOR('',#2621,1.);
#2621 = DIRECTION('',(0.,1.,0.));
#2622 = ORIENTED_EDGE('',*,*,#2623,.T.);
#2623 = EDGE_CURVE('',#2616,#2384,#2624,.T.);
#2624 = LINE('',#2625,#2626);
#2625 = CARTESIAN_POINT('',(0.5,0.508,2.1));
#2626 = VECTOR('',#2627,1.);
#2627 = DIRECTION('',(0.,0.707106781187,-0.707106781187));
#2628 = ORIENTED_EDGE('',*,*,#2400,.T.);
#2629 = FACE_BOUND('',#2630,.T.);
#2630 = EDGE_LOOP('',(#2631,#2641,#2649,#2657));
#2631 = ORIENTED_EDGE('',*,*,#2632,.F.);
#2632 = EDGE_CURVE('',#2633,#2635,#2637,.T.);
#2633 = VERTEX_POINT('',#2634);
#2634 = CARTESIAN_POINT('',(0.5,-2.34,1.25));
#2635 = VERTEX_POINT('',#2636);
#2636 = CARTESIAN_POINT('',(0.5,-2.34,0.85));
#2637 = LINE('',#2638,#2639);
#2638 = CARTESIAN_POINT('',(0.5,-2.34,0.698061497326));
#2639 = VECTOR('',#2640,1.);
#2640 = DIRECTION('',(0.,1.021399522613E-33,-1.));
#2641 = ORIENTED_EDGE('',*,*,#2642,.F.);
#2642 = EDGE_CURVE('',#2643,#2633,#2645,.T.);
#2643 = VERTEX_POINT('',#2644);
#2644 = CARTESIAN_POINT('',(0.5,-2.74,1.25));
#2645 = LINE('',#2646,#2647);
#2646 = CARTESIAN_POINT('',(0.5,-2.1225,1.25));
#2647 = VECTOR('',#2648,1.);
#2648 = DIRECTION('',(0.,1.,0.));
#2649 = ORIENTED_EDGE('',*,*,#2650,.T.);
#2650 = EDGE_CURVE('',#2643,#2651,#2653,.T.);
#2651 = VERTEX_POINT('',#2652);
#2652 = CARTESIAN_POINT('',(0.5,-2.74,0.85));
#2653 = LINE('',#2654,#2655);
#2654 = CARTESIAN_POINT('',(0.5,-2.74,0.698061497326));
#2655 = VECTOR('',#2656,1.);
#2656 = DIRECTION('',(0.,1.021399522613E-33,-1.));
#2657 = ORIENTED_EDGE('',*,*,#2658,.F.);
#2658 = EDGE_CURVE('',#2635,#2651,#2659,.T.);
#2659 = LINE('',#2660,#2661);
#2660 = CARTESIAN_POINT('',(0.5,-2.1225,0.85));
#2661 = VECTOR('',#2662,1.);
#2662 = DIRECTION('',(0.,-1.,0.));
#2663 = FACE_BOUND('',#2664,.T.);
#2664 = EDGE_LOOP('',(#2665,#2675,#2683,#2691));
#2665 = ORIENTED_EDGE('',*,*,#2666,.F.);
#2666 = EDGE_CURVE('',#2667,#2669,#2671,.T.);
#2667 = VERTEX_POINT('',#2668);
#2668 = CARTESIAN_POINT('',(0.5,-1.47,1.25));
#2669 = VERTEX_POINT('',#2670);
#2670 = CARTESIAN_POINT('',(0.5,-1.07,1.25));
#2671 = LINE('',#2672,#2673);
#2672 = CARTESIAN_POINT('',(0.5,-1.4875,1.25));
#2673 = VECTOR('',#2674,1.);
#2674 = DIRECTION('',(0.,1.,0.));
#2675 = ORIENTED_EDGE('',*,*,#2676,.T.);
#2676 = EDGE_CURVE('',#2667,#2677,#2679,.T.);
#2677 = VERTEX_POINT('',#2678);
#2678 = CARTESIAN_POINT('',(0.5,-1.47,0.85));
#2679 = LINE('',#2680,#2681);
#2680 = CARTESIAN_POINT('',(0.5,-1.47,0.698061497326));
#2681 = VECTOR('',#2682,1.);
#2682 = DIRECTION('',(0.,1.021399522613E-33,-1.));
#2683 = ORIENTED_EDGE('',*,*,#2684,.F.);
#2684 = EDGE_CURVE('',#2685,#2677,#2687,.T.);
#2685 = VERTEX_POINT('',#2686);
#2686 = CARTESIAN_POINT('',(0.5,-1.07,0.85));
#2687 = LINE('',#2688,#2689);
#2688 = CARTESIAN_POINT('',(0.5,-1.4875,0.85));
#2689 = VECTOR('',#2690,1.);
#2690 = DIRECTION('',(0.,-1.,0.));
#2691 = ORIENTED_EDGE('',*,*,#2692,.F.);
#2692 = EDGE_CURVE('',#2669,#2685,#2693,.T.);
#2693 = LINE('',#2694,#2695);
#2694 = CARTESIAN_POINT('',(0.5,-1.07,0.698061497326));
#2695 = VECTOR('',#2696,1.);
#2696 = DIRECTION('',(0.,1.021399522613E-33,-1.));
#2697 = FACE_BOUND('',#2698,.T.);
#2698 = EDGE_LOOP('',(#2699,#2709,#2717,#2725));
#2699 = ORIENTED_EDGE('',*,*,#2700,.F.);
#2700 = EDGE_CURVE('',#2701,#2703,#2705,.T.);
#2701 = VERTEX_POINT('',#2702);
#2702 = CARTESIAN_POINT('',(0.5,0.2,0.85));
#2703 = VERTEX_POINT('',#2704);
#2704 = CARTESIAN_POINT('',(0.5,-0.2,0.85));
#2705 = LINE('',#2706,#2707);
#2706 = CARTESIAN_POINT('',(0.5,-0.8525,0.85));
#2707 = VECTOR('',#2708,1.);
#2708 = DIRECTION('',(0.,-1.,0.));
#2709 = ORIENTED_EDGE('',*,*,#2710,.F.);
#2710 = EDGE_CURVE('',#2711,#2701,#2713,.T.);
#2711 = VERTEX_POINT('',#2712);
#2712 = CARTESIAN_POINT('',(0.5,0.2,1.25));
#2713 = LINE('',#2714,#2715);
#2714 = CARTESIAN_POINT('',(0.5,0.2,0.698061497326));
#2715 = VECTOR('',#2716,1.);
#2716 = DIRECTION('',(0.,1.021399522613E-33,-1.));
#2717 = ORIENTED_EDGE('',*,*,#2718,.F.);
#2718 = EDGE_CURVE('',#2719,#2711,#2721,.T.);
#2719 = VERTEX_POINT('',#2720);
#2720 = CARTESIAN_POINT('',(0.5,-0.2,1.25));
#2721 = LINE('',#2722,#2723);
#2722 = CARTESIAN_POINT('',(0.5,-0.8525,1.25));
#2723 = VECTOR('',#2724,1.);
#2724 = DIRECTION('',(0.,1.,0.));
#2725 = ORIENTED_EDGE('',*,*,#2726,.T.);
#2726 = EDGE_CURVE('',#2719,#2703,#2727,.T.);
#2727 = LINE('',#2728,#2729);
#2728 = CARTESIAN_POINT('',(0.5,-0.2,0.698061497326));
#2729 = VECTOR('',#2730,1.);
#2730 = DIRECTION('',(0.,1.021399522613E-33,-1.));
#2731 = FACE_BOUND('',#2732,.T.);
#2732 = EDGE_LOOP('',(#2733,#2743,#2751,#2759));
#2733 = ORIENTED_EDGE('',*,*,#2734,.F.);
#2734 = EDGE_CURVE('',#2735,#2737,#2739,.T.);
#2735 = VERTEX_POINT('',#2736);
#2736 = CARTESIAN_POINT('',(0.5,-3.61,0.85));
#2737 = VERTEX_POINT('',#2738);
#2738 = CARTESIAN_POINT('',(0.5,-4.01,0.85));
#2739 = LINE('',#2740,#2741);
#2740 = CARTESIAN_POINT('',(0.5,-2.7575,0.85));
#2741 = VECTOR('',#2742,1.);
#2742 = DIRECTION('',(0.,-1.,0.));
#2743 = ORIENTED_EDGE('',*,*,#2744,.F.);
#2744 = EDGE_CURVE('',#2745,#2735,#2747,.T.);
#2745 = VERTEX_POINT('',#2746);
#2746 = CARTESIAN_POINT('',(0.5,-3.61,1.25));
#2747 = LINE('',#2748,#2749);
#2748 = CARTESIAN_POINT('',(0.5,-3.61,0.698061497326));
#2749 = VECTOR('',#2750,1.);
#2750 = DIRECTION('',(0.,1.021399522613E-33,-1.));
#2751 = ORIENTED_EDGE('',*,*,#2752,.F.);
#2752 = EDGE_CURVE('',#2753,#2745,#2755,.T.);
#2753 = VERTEX_POINT('',#2754);
#2754 = CARTESIAN_POINT('',(0.5,-4.01,1.25));
#2755 = LINE('',#2756,#2757);
#2756 = CARTESIAN_POINT('',(0.5,-2.7575,1.25));
#2757 = VECTOR('',#2758,1.);
#2758 = DIRECTION('',(0.,1.,0.));
#2759 = ORIENTED_EDGE('',*,*,#2760,.T.);
#2760 = EDGE_CURVE('',#2753,#2737,#2761,.T.);
#2761 = LINE('',#2762,#2763);
#2762 = CARTESIAN_POINT('',(0.5,-4.01,0.698061497326));
#2763 = VECTOR('',#2764,1.);
#2764 = DIRECTION('',(0.,1.021399522613E-33,-1.));
#2765 = PLANE('',#2766);
#2766 = AXIS2_PLACEMENT_3D('',#2767,#2768,#2769);
#2767 = CARTESIAN_POINT('',(0.5,-1.905,1.05));
#2768 = DIRECTION('',(-1.,-0.,-0.));
#2769 = DIRECTION('',(0.,0.,-1.));
#2770 = ADVANCED_FACE('',(#2771,#2958,#2992,#3026,#3060),#3094,.F.);
#2771 = FACE_BOUND('',#2772,.F.);
#2772 = EDGE_LOOP('',(#2773,#2774,#2775,#2783,#2791,#2799,#2807,#2815,
    #2823,#2831,#2839,#2847,#2855,#2863,#2871,#2879,#2887,#2895,#2903,
    #2911,#2919,#2927,#2935,#2943,#2951,#2957));
#2773 = ORIENTED_EDGE('',*,*,#2353,.T.);
#2774 = ORIENTED_EDGE('',*,*,#2415,.T.);
#2775 = ORIENTED_EDGE('',*,*,#2776,.T.);
#2776 = EDGE_CURVE('',#2416,#2777,#2779,.T.);
#2777 = VERTEX_POINT('',#2778);
#2778 = CARTESIAN_POINT('',(1.5,-0.635,0.127));
#2779 = LINE('',#2780,#2781);
#2780 = CARTESIAN_POINT('',(1.5,-0.508,0.));
#2781 = VECTOR('',#2782,1.);
#2782 = DIRECTION('',(0.,-0.707106781187,0.707106781187));
#2783 = ORIENTED_EDGE('',*,*,#2784,.T.);
#2784 = EDGE_CURVE('',#2777,#2785,#2787,.T.);
#2785 = VERTEX_POINT('',#2786);
#2786 = CARTESIAN_POINT('',(1.5,-0.762,0.));
#2787 = LINE('',#2788,#2789);
#2788 = CARTESIAN_POINT('',(1.5,-0.635,0.127));
#2789 = VECTOR('',#2790,1.);
#2790 = DIRECTION('',(0.,-0.707106781187,-0.707106781187));
#2791 = ORIENTED_EDGE('',*,*,#2792,.T.);
#2792 = EDGE_CURVE('',#2785,#2793,#2795,.T.);
#2793 = VERTEX_POINT('',#2794);
#2794 = CARTESIAN_POINT('',(1.5,-1.778,0.));
#2795 = LINE('',#2796,#2797);
#2796 = CARTESIAN_POINT('',(1.5,-0.762,0.));
#2797 = VECTOR('',#2798,1.);
#2798 = DIRECTION('',(0.,-1.,0.));
#2799 = ORIENTED_EDGE('',*,*,#2800,.T.);
#2800 = EDGE_CURVE('',#2793,#2801,#2803,.T.);
#2801 = VERTEX_POINT('',#2802);
#2802 = CARTESIAN_POINT('',(1.5,-1.905,0.127));
#2803 = LINE('',#2804,#2805);
#2804 = CARTESIAN_POINT('',(1.5,-1.778,0.));
#2805 = VECTOR('',#2806,1.);
#2806 = DIRECTION('',(0.,-0.707106781187,0.707106781187));
#2807 = ORIENTED_EDGE('',*,*,#2808,.T.);
#2808 = EDGE_CURVE('',#2801,#2809,#2811,.T.);
#2809 = VERTEX_POINT('',#2810);
#2810 = CARTESIAN_POINT('',(1.5,-2.032,0.));
#2811 = LINE('',#2812,#2813);
#2812 = CARTESIAN_POINT('',(1.5,-1.905,0.127));
#2813 = VECTOR('',#2814,1.);
#2814 = DIRECTION('',(0.,-0.707106781187,-0.707106781187));
#2815 = ORIENTED_EDGE('',*,*,#2816,.T.);
#2816 = EDGE_CURVE('',#2809,#2817,#2819,.T.);
#2817 = VERTEX_POINT('',#2818);
#2818 = CARTESIAN_POINT('',(1.5,-3.048,0.));
#2819 = LINE('',#2820,#2821);
#2820 = CARTESIAN_POINT('',(1.5,-2.032,0.));
#2821 = VECTOR('',#2822,1.);
#2822 = DIRECTION('',(0.,-1.,0.));
#2823 = ORIENTED_EDGE('',*,*,#2824,.T.);
#2824 = EDGE_CURVE('',#2817,#2825,#2827,.T.);
#2825 = VERTEX_POINT('',#2826);
#2826 = CARTESIAN_POINT('',(1.5,-3.175,0.127));
#2827 = LINE('',#2828,#2829);
#2828 = CARTESIAN_POINT('',(1.5,-3.048,0.));
#2829 = VECTOR('',#2830,1.);
#2830 = DIRECTION('',(0.,-0.707106781187,0.707106781187));
#2831 = ORIENTED_EDGE('',*,*,#2832,.T.);
#2832 = EDGE_CURVE('',#2825,#2833,#2835,.T.);
#2833 = VERTEX_POINT('',#2834);
#2834 = CARTESIAN_POINT('',(1.5,-3.302,0.));
#2835 = LINE('',#2836,#2837);
#2836 = CARTESIAN_POINT('',(1.5,-3.175,0.127));
#2837 = VECTOR('',#2838,1.);
#2838 = DIRECTION('',(0.,-0.707106781187,-0.707106781187));
#2839 = ORIENTED_EDGE('',*,*,#2840,.T.);
#2840 = EDGE_CURVE('',#2833,#2841,#2843,.T.);
#2841 = VERTEX_POINT('',#2842);
#2842 = CARTESIAN_POINT('',(1.5,-4.318,0.));
#2843 = LINE('',#2844,#2845);
#2844 = CARTESIAN_POINT('',(1.5,-3.302,0.));
#2845 = VECTOR('',#2846,1.);
#2846 = DIRECTION('',(0.,-1.,0.));
#2847 = ORIENTED_EDGE('',*,*,#2848,.T.);
#2848 = EDGE_CURVE('',#2841,#2849,#2851,.T.);
#2849 = VERTEX_POINT('',#2850);
#2850 = CARTESIAN_POINT('',(1.5,-4.445,0.127));
#2851 = LINE('',#2852,#2853);
#2852 = CARTESIAN_POINT('',(1.5,-4.318,0.));
#2853 = VECTOR('',#2854,1.);
#2854 = DIRECTION('',(0.,-0.707106781187,0.707106781187));
#2855 = ORIENTED_EDGE('',*,*,#2856,.T.);
#2856 = EDGE_CURVE('',#2849,#2857,#2859,.T.);
#2857 = VERTEX_POINT('',#2858);
#2858 = CARTESIAN_POINT('',(1.5,-4.445,1.973));
#2859 = LINE('',#2860,#2861);
#2860 = CARTESIAN_POINT('',(1.5,-4.445,0.127));
#2861 = VECTOR('',#2862,1.);
#2862 = DIRECTION('',(0.,0.,1.));
#2863 = ORIENTED_EDGE('',*,*,#2864,.T.);
#2864 = EDGE_CURVE('',#2857,#2865,#2867,.T.);
#2865 = VERTEX_POINT('',#2866);
#2866 = CARTESIAN_POINT('',(1.5,-4.318,2.1));
#2867 = LINE('',#2868,#2869);
#2868 = CARTESIAN_POINT('',(1.5,-4.445,1.973));
#2869 = VECTOR('',#2870,1.);
#2870 = DIRECTION('',(0.,0.707106781187,0.707106781187));
#2871 = ORIENTED_EDGE('',*,*,#2872,.T.);
#2872 = EDGE_CURVE('',#2865,#2873,#2875,.T.);
#2873 = VERTEX_POINT('',#2874);
#2874 = CARTESIAN_POINT('',(1.5,-3.302,2.1));
#2875 = LINE('',#2876,#2877);
#2876 = CARTESIAN_POINT('',(1.5,-4.318,2.1));
#2877 = VECTOR('',#2878,1.);
#2878 = DIRECTION('',(0.,1.,0.));
#2879 = ORIENTED_EDGE('',*,*,#2880,.T.);
#2880 = EDGE_CURVE('',#2873,#2881,#2883,.T.);
#2881 = VERTEX_POINT('',#2882);
#2882 = CARTESIAN_POINT('',(1.5,-3.175,1.973));
#2883 = LINE('',#2884,#2885);
#2884 = CARTESIAN_POINT('',(1.5,-3.302,2.1));
#2885 = VECTOR('',#2886,1.);
#2886 = DIRECTION('',(0.,0.707106781187,-0.707106781187));
#2887 = ORIENTED_EDGE('',*,*,#2888,.T.);
#2888 = EDGE_CURVE('',#2881,#2889,#2891,.T.);
#2889 = VERTEX_POINT('',#2890);
#2890 = CARTESIAN_POINT('',(1.5,-3.048,2.1));
#2891 = LINE('',#2892,#2893);
#2892 = CARTESIAN_POINT('',(1.5,-3.175,1.973));
#2893 = VECTOR('',#2894,1.);
#2894 = DIRECTION('',(0.,0.707106781187,0.707106781187));
#2895 = ORIENTED_EDGE('',*,*,#2896,.T.);
#2896 = EDGE_CURVE('',#2889,#2897,#2899,.T.);
#2897 = VERTEX_POINT('',#2898);
#2898 = CARTESIAN_POINT('',(1.5,-2.032,2.1));
#2899 = LINE('',#2900,#2901);
#2900 = CARTESIAN_POINT('',(1.5,-3.048,2.1));
#2901 = VECTOR('',#2902,1.);
#2902 = DIRECTION('',(0.,1.,0.));
#2903 = ORIENTED_EDGE('',*,*,#2904,.T.);
#2904 = EDGE_CURVE('',#2897,#2905,#2907,.T.);
#2905 = VERTEX_POINT('',#2906);
#2906 = CARTESIAN_POINT('',(1.5,-1.905,1.973));
#2907 = LINE('',#2908,#2909);
#2908 = CARTESIAN_POINT('',(1.5,-2.032,2.1));
#2909 = VECTOR('',#2910,1.);
#2910 = DIRECTION('',(0.,0.707106781187,-0.707106781187));
#2911 = ORIENTED_EDGE('',*,*,#2912,.T.);
#2912 = EDGE_CURVE('',#2905,#2913,#2915,.T.);
#2913 = VERTEX_POINT('',#2914);
#2914 = CARTESIAN_POINT('',(1.5,-1.778,2.1));
#2915 = LINE('',#2916,#2917);
#2916 = CARTESIAN_POINT('',(1.5,-1.905,1.973));
#2917 = VECTOR('',#2918,1.);
#2918 = DIRECTION('',(0.,0.707106781187,0.707106781187));
#2919 = ORIENTED_EDGE('',*,*,#2920,.T.);
#2920 = EDGE_CURVE('',#2913,#2921,#2923,.T.);
#2921 = VERTEX_POINT('',#2922);
#2922 = CARTESIAN_POINT('',(1.5,-0.762,2.1));
#2923 = LINE('',#2924,#2925);
#2924 = CARTESIAN_POINT('',(1.5,-1.778,2.1));
#2925 = VECTOR('',#2926,1.);
#2926 = DIRECTION('',(0.,1.,0.));
#2927 = ORIENTED_EDGE('',*,*,#2928,.T.);
#2928 = EDGE_CURVE('',#2921,#2929,#2931,.T.);
#2929 = VERTEX_POINT('',#2930);
#2930 = CARTESIAN_POINT('',(1.5,-0.635,1.973));
#2931 = LINE('',#2932,#2933);
#2932 = CARTESIAN_POINT('',(1.5,-0.762,2.1));
#2933 = VECTOR('',#2934,1.);
#2934 = DIRECTION('',(0.,0.707106781187,-0.707106781187));
#2935 = ORIENTED_EDGE('',*,*,#2936,.T.);
#2936 = EDGE_CURVE('',#2929,#2937,#2939,.T.);
#2937 = VERTEX_POINT('',#2938);
#2938 = CARTESIAN_POINT('',(1.5,-0.508,2.1));
#2939 = LINE('',#2940,#2941);
#2940 = CARTESIAN_POINT('',(1.5,-0.635,1.973));
#2941 = VECTOR('',#2942,1.);
#2942 = DIRECTION('',(0.,0.707106781187,0.707106781187));
#2943 = ORIENTED_EDGE('',*,*,#2944,.T.);
#2944 = EDGE_CURVE('',#2937,#2945,#2947,.T.);
#2945 = VERTEX_POINT('',#2946);
#2946 = CARTESIAN_POINT('',(1.5,0.508,2.1));
#2947 = LINE('',#2948,#2949);
#2948 = CARTESIAN_POINT('',(1.5,-0.508,2.1));
#2949 = VECTOR('',#2950,1.);
#2950 = DIRECTION('',(0.,1.,0.));
#2951 = ORIENTED_EDGE('',*,*,#2952,.T.);
#2952 = EDGE_CURVE('',#2945,#2386,#2953,.T.);
#2953 = LINE('',#2954,#2955);
#2954 = CARTESIAN_POINT('',(1.5,0.508,2.1));
#2955 = VECTOR('',#2956,1.);
#2956 = DIRECTION('',(0.,0.707106781187,-0.707106781187));
#2957 = ORIENTED_EDGE('',*,*,#2393,.T.);
#2958 = FACE_BOUND('',#2959,.F.);
#2959 = EDGE_LOOP('',(#2960,#2970,#2978,#2986));
#2960 = ORIENTED_EDGE('',*,*,#2961,.F.);
#2961 = EDGE_CURVE('',#2962,#2964,#2966,.T.);
#2962 = VERTEX_POINT('',#2963);
#2963 = CARTESIAN_POINT('',(1.5,-2.34,1.25));
#2964 = VERTEX_POINT('',#2965);
#2965 = CARTESIAN_POINT('',(1.5,-2.34,0.85));
#2966 = LINE('',#2967,#2968);
#2967 = CARTESIAN_POINT('',(1.5,-2.34,0.698061497326));
#2968 = VECTOR('',#2969,1.);
#2969 = DIRECTION('',(0.,1.021399522613E-33,-1.));
#2970 = ORIENTED_EDGE('',*,*,#2971,.F.);
#2971 = EDGE_CURVE('',#2972,#2962,#2974,.T.);
#2972 = VERTEX_POINT('',#2973);
#2973 = CARTESIAN_POINT('',(1.5,-2.74,1.25));
#2974 = LINE('',#2975,#2976);
#2975 = CARTESIAN_POINT('',(1.5,-2.1225,1.25));
#2976 = VECTOR('',#2977,1.);
#2977 = DIRECTION('',(0.,1.,0.));
#2978 = ORIENTED_EDGE('',*,*,#2979,.T.);
#2979 = EDGE_CURVE('',#2972,#2980,#2982,.T.);
#2980 = VERTEX_POINT('',#2981);
#2981 = CARTESIAN_POINT('',(1.5,-2.74,0.85));
#2982 = LINE('',#2983,#2984);
#2983 = CARTESIAN_POINT('',(1.5,-2.74,0.698061497326));
#2984 = VECTOR('',#2985,1.);
#2985 = DIRECTION('',(0.,1.021399522613E-33,-1.));
#2986 = ORIENTED_EDGE('',*,*,#2987,.F.);
#2987 = EDGE_CURVE('',#2964,#2980,#2988,.T.);
#2988 = LINE('',#2989,#2990);
#2989 = CARTESIAN_POINT('',(1.5,-2.1225,0.85));
#2990 = VECTOR('',#2991,1.);
#2991 = DIRECTION('',(0.,-1.,0.));
#2992 = FACE_BOUND('',#2993,.F.);
#2993 = EDGE_LOOP('',(#2994,#3004,#3012,#3020));
#2994 = ORIENTED_EDGE('',*,*,#2995,.F.);
#2995 = EDGE_CURVE('',#2996,#2998,#3000,.T.);
#2996 = VERTEX_POINT('',#2997);
#2997 = CARTESIAN_POINT('',(1.5,-1.47,1.25));
#2998 = VERTEX_POINT('',#2999);
#2999 = CARTESIAN_POINT('',(1.5,-1.07,1.25));
#3000 = LINE('',#3001,#3002);
#3001 = CARTESIAN_POINT('',(1.5,-1.4875,1.25));
#3002 = VECTOR('',#3003,1.);
#3003 = DIRECTION('',(0.,1.,0.));
#3004 = ORIENTED_EDGE('',*,*,#3005,.T.);
#3005 = EDGE_CURVE('',#2996,#3006,#3008,.T.);
#3006 = VERTEX_POINT('',#3007);
#3007 = CARTESIAN_POINT('',(1.5,-1.47,0.85));
#3008 = LINE('',#3009,#3010);
#3009 = CARTESIAN_POINT('',(1.5,-1.47,0.698061497326));
#3010 = VECTOR('',#3011,1.);
#3011 = DIRECTION('',(0.,1.021399522613E-33,-1.));
#3012 = ORIENTED_EDGE('',*,*,#3013,.F.);
#3013 = EDGE_CURVE('',#3014,#3006,#3016,.T.);
#3014 = VERTEX_POINT('',#3015);
#3015 = CARTESIAN_POINT('',(1.5,-1.07,0.85));
#3016 = LINE('',#3017,#3018);
#3017 = CARTESIAN_POINT('',(1.5,-1.4875,0.85));
#3018 = VECTOR('',#3019,1.);
#3019 = DIRECTION('',(0.,-1.,0.));
#3020 = ORIENTED_EDGE('',*,*,#3021,.F.);
#3021 = EDGE_CURVE('',#2998,#3014,#3022,.T.);
#3022 = LINE('',#3023,#3024);
#3023 = CARTESIAN_POINT('',(1.5,-1.07,0.698061497326));
#3024 = VECTOR('',#3025,1.);
#3025 = DIRECTION('',(0.,1.021399522613E-33,-1.));
#3026 = FACE_BOUND('',#3027,.F.);
#3027 = EDGE_LOOP('',(#3028,#3038,#3046,#3054));
#3028 = ORIENTED_EDGE('',*,*,#3029,.F.);
#3029 = EDGE_CURVE('',#3030,#3032,#3034,.T.);
#3030 = VERTEX_POINT('',#3031);
#3031 = CARTESIAN_POINT('',(1.5,0.2,0.85));
#3032 = VERTEX_POINT('',#3033);
#3033 = CARTESIAN_POINT('',(1.5,-0.2,0.85));
#3034 = LINE('',#3035,#3036);
#3035 = CARTESIAN_POINT('',(1.5,-0.8525,0.85));
#3036 = VECTOR('',#3037,1.);
#3037 = DIRECTION('',(0.,-1.,0.));
#3038 = ORIENTED_EDGE('',*,*,#3039,.F.);
#3039 = EDGE_CURVE('',#3040,#3030,#3042,.T.);
#3040 = VERTEX_POINT('',#3041);
#3041 = CARTESIAN_POINT('',(1.5,0.2,1.25));
#3042 = LINE('',#3043,#3044);
#3043 = CARTESIAN_POINT('',(1.5,0.2,0.698061497326));
#3044 = VECTOR('',#3045,1.);
#3045 = DIRECTION('',(0.,1.021399522613E-33,-1.));
#3046 = ORIENTED_EDGE('',*,*,#3047,.F.);
#3047 = EDGE_CURVE('',#3048,#3040,#3050,.T.);
#3048 = VERTEX_POINT('',#3049);
#3049 = CARTESIAN_POINT('',(1.5,-0.2,1.25));
#3050 = LINE('',#3051,#3052);
#3051 = CARTESIAN_POINT('',(1.5,-0.8525,1.25));
#3052 = VECTOR('',#3053,1.);
#3053 = DIRECTION('',(0.,1.,0.));
#3054 = ORIENTED_EDGE('',*,*,#3055,.T.);
#3055 = EDGE_CURVE('',#3048,#3032,#3056,.T.);
#3056 = LINE('',#3057,#3058);
#3057 = CARTESIAN_POINT('',(1.5,-0.2,0.698061497326));
#3058 = VECTOR('',#3059,1.);
#3059 = DIRECTION('',(0.,1.021399522613E-33,-1.));
#3060 = FACE_BOUND('',#3061,.F.);
#3061 = EDGE_LOOP('',(#3062,#3072,#3080,#3088));
#3062 = ORIENTED_EDGE('',*,*,#3063,.F.);
#3063 = EDGE_CURVE('',#3064,#3066,#3068,.T.);
#3064 = VERTEX_POINT('',#3065);
#3065 = CARTESIAN_POINT('',(1.5,-3.61,0.85));
#3066 = VERTEX_POINT('',#3067);
#3067 = CARTESIAN_POINT('',(1.5,-4.01,0.85));
#3068 = LINE('',#3069,#3070);
#3069 = CARTESIAN_POINT('',(1.5,-2.7575,0.85));
#3070 = VECTOR('',#3071,1.);
#3071 = DIRECTION('',(0.,-1.,0.));
#3072 = ORIENTED_EDGE('',*,*,#3073,.F.);
#3073 = EDGE_CURVE('',#3074,#3064,#3076,.T.);
#3074 = VERTEX_POINT('',#3075);
#3075 = CARTESIAN_POINT('',(1.5,-3.61,1.25));
#3076 = LINE('',#3077,#3078);
#3077 = CARTESIAN_POINT('',(1.5,-3.61,0.698061497326));
#3078 = VECTOR('',#3079,1.);
#3079 = DIRECTION('',(0.,1.021399522613E-33,-1.));
#3080 = ORIENTED_EDGE('',*,*,#3081,.F.);
#3081 = EDGE_CURVE('',#3082,#3074,#3084,.T.);
#3082 = VERTEX_POINT('',#3083);
#3083 = CARTESIAN_POINT('',(1.5,-4.01,1.25));
#3084 = LINE('',#3085,#3086);
#3085 = CARTESIAN_POINT('',(1.5,-2.7575,1.25));
#3086 = VECTOR('',#3087,1.);
#3087 = DIRECTION('',(0.,1.,0.));
#3088 = ORIENTED_EDGE('',*,*,#3089,.T.);
#3089 = EDGE_CURVE('',#3082,#3066,#3090,.T.);
#3090 = LINE('',#3091,#3092);
#3091 = CARTESIAN_POINT('',(1.5,-4.01,0.698061497326));
#3092 = VECTOR('',#3093,1.);
#3093 = DIRECTION('',(0.,1.021399522613E-33,-1.));
#3094 = PLANE('',#3095);
#3095 = AXIS2_PLACEMENT_3D('',#3096,#3097,#3098);
#3096 = CARTESIAN_POINT('',(1.5,-1.905,1.05));
#3097 = DIRECTION('',(-1.,-0.,-0.));
#3098 = DIRECTION('',(0.,0.,-1.));
#3099 = ADVANCED_FACE('',(#3100),#3111,.T.);
#3100 = FACE_BOUND('',#3101,.T.);
#3101 = EDGE_LOOP('',(#3102,#3108,#3109,#3110));
#3102 = ORIENTED_EDGE('',*,*,#3103,.T.);
#3103 = EDGE_CURVE('',#2616,#2945,#3104,.T.);
#3104 = LINE('',#3105,#3106);
#3105 = CARTESIAN_POINT('',(0.5,0.508,2.1));
#3106 = VECTOR('',#3107,1.);
#3107 = DIRECTION('',(1.,0.,0.));
#3108 = ORIENTED_EDGE('',*,*,#2952,.T.);
#3109 = ORIENTED_EDGE('',*,*,#2383,.F.);
#3110 = ORIENTED_EDGE('',*,*,#2623,.F.);
#3111 = PLANE('',#3112);
#3112 = AXIS2_PLACEMENT_3D('',#3113,#3114,#3115);
#3113 = CARTESIAN_POINT('',(0.5,0.508,2.1));
#3114 = DIRECTION('',(0.,0.707106781187,0.707106781187));
#3115 = DIRECTION('',(0.,0.707106781187,-0.707106781187));
#3116 = ADVANCED_FACE('',(#3117),#3128,.T.);
#3117 = FACE_BOUND('',#3118,.T.);
#3118 = EDGE_LOOP('',(#3119,#3120,#3121,#3127));
#3119 = ORIENTED_EDGE('',*,*,#2423,.T.);
#3120 = ORIENTED_EDGE('',*,*,#2776,.T.);
#3121 = ORIENTED_EDGE('',*,*,#3122,.F.);
#3122 = EDGE_CURVE('',#2448,#2777,#3123,.T.);
#3123 = LINE('',#3124,#3125);
#3124 = CARTESIAN_POINT('',(0.5,-0.635,0.127));
#3125 = VECTOR('',#3126,1.);
#3126 = DIRECTION('',(1.,0.,0.));
#3127 = ORIENTED_EDGE('',*,*,#2447,.F.);
#3128 = PLANE('',#3129);
#3129 = AXIS2_PLACEMENT_3D('',#3130,#3131,#3132);
#3130 = CARTESIAN_POINT('',(0.5,-0.508,0.));
#3131 = DIRECTION('',(-0.,-0.707106781187,-0.707106781187));
#3132 = DIRECTION('',(0.,-0.707106781187,0.707106781187));
#3133 = ADVANCED_FACE('',(#3134),#3145,.T.);
#3134 = FACE_BOUND('',#3135,.T.);
#3135 = EDGE_LOOP('',(#3136,#3142,#3143,#3144));
#3136 = ORIENTED_EDGE('',*,*,#3137,.T.);
#3137 = EDGE_CURVE('',#2608,#2937,#3138,.T.);
#3138 = LINE('',#3139,#3140);
#3139 = CARTESIAN_POINT('',(0.5,-0.508,2.1));
#3140 = VECTOR('',#3141,1.);
#3141 = DIRECTION('',(1.,0.,0.));
#3142 = ORIENTED_EDGE('',*,*,#2944,.T.);
#3143 = ORIENTED_EDGE('',*,*,#3103,.F.);
#3144 = ORIENTED_EDGE('',*,*,#2615,.F.);
#3145 = PLANE('',#3146);
#3146 = AXIS2_PLACEMENT_3D('',#3147,#3148,#3149);
#3147 = CARTESIAN_POINT('',(0.5,-0.508,2.1));
#3148 = DIRECTION('',(0.,0.,1.));
#3149 = DIRECTION('',(0.,1.,0.));
#3150 = ADVANCED_FACE('',(#3151),#3162,.T.);
#3151 = FACE_BOUND('',#3152,.T.);
#3152 = EDGE_LOOP('',(#3153,#3154,#3155,#3161));
#3153 = ORIENTED_EDGE('',*,*,#3122,.T.);
#3154 = ORIENTED_EDGE('',*,*,#2784,.T.);
#3155 = ORIENTED_EDGE('',*,*,#3156,.F.);
#3156 = EDGE_CURVE('',#2456,#2785,#3157,.T.);
#3157 = LINE('',#3158,#3159);
#3158 = CARTESIAN_POINT('',(0.5,-0.762,0.));
#3159 = VECTOR('',#3160,1.);
#3160 = DIRECTION('',(1.,0.,0.));
#3161 = ORIENTED_EDGE('',*,*,#2455,.F.);
#3162 = PLANE('',#3163);
#3163 = AXIS2_PLACEMENT_3D('',#3164,#3165,#3166);
#3164 = CARTESIAN_POINT('',(0.5,-0.635,0.127));
#3165 = DIRECTION('',(0.,0.707106781187,-0.707106781187));
#3166 = DIRECTION('',(0.,-0.707106781187,-0.707106781187));
#3167 = ADVANCED_FACE('',(#3168),#3179,.T.);
#3168 = FACE_BOUND('',#3169,.T.);
#3169 = EDGE_LOOP('',(#3170,#3176,#3177,#3178));
#3170 = ORIENTED_EDGE('',*,*,#3171,.T.);
#3171 = EDGE_CURVE('',#2600,#2929,#3172,.T.);
#3172 = LINE('',#3173,#3174);
#3173 = CARTESIAN_POINT('',(0.5,-0.635,1.973));
#3174 = VECTOR('',#3175,1.);
#3175 = DIRECTION('',(1.,0.,0.));
#3176 = ORIENTED_EDGE('',*,*,#2936,.T.);
#3177 = ORIENTED_EDGE('',*,*,#3137,.F.);
#3178 = ORIENTED_EDGE('',*,*,#2607,.F.);
#3179 = PLANE('',#3180);
#3180 = AXIS2_PLACEMENT_3D('',#3181,#3182,#3183);
#3181 = CARTESIAN_POINT('',(0.5,-0.635,1.973));
#3182 = DIRECTION('',(0.,-0.707106781187,0.707106781187));
#3183 = DIRECTION('',(0.,0.707106781187,0.707106781187));
#3184 = ADVANCED_FACE('',(#3185),#3196,.T.);
#3185 = FACE_BOUND('',#3186,.T.);
#3186 = EDGE_LOOP('',(#3187,#3188,#3189,#3195));
#3187 = ORIENTED_EDGE('',*,*,#3156,.T.);
#3188 = ORIENTED_EDGE('',*,*,#2792,.T.);
#3189 = ORIENTED_EDGE('',*,*,#3190,.F.);
#3190 = EDGE_CURVE('',#2464,#2793,#3191,.T.);
#3191 = LINE('',#3192,#3193);
#3192 = CARTESIAN_POINT('',(0.5,-1.778,0.));
#3193 = VECTOR('',#3194,1.);
#3194 = DIRECTION('',(1.,0.,0.));
#3195 = ORIENTED_EDGE('',*,*,#2463,.F.);
#3196 = PLANE('',#3197);
#3197 = AXIS2_PLACEMENT_3D('',#3198,#3199,#3200);
#3198 = CARTESIAN_POINT('',(0.5,-0.762,0.));
#3199 = DIRECTION('',(-0.,-0.,-1.));
#3200 = DIRECTION('',(0.,-1.,0.));
#3201 = ADVANCED_FACE('',(#3202),#3213,.T.);
#3202 = FACE_BOUND('',#3203,.T.);
#3203 = EDGE_LOOP('',(#3204,#3210,#3211,#3212));
#3204 = ORIENTED_EDGE('',*,*,#3205,.T.);
#3205 = EDGE_CURVE('',#2592,#2921,#3206,.T.);
#3206 = LINE('',#3207,#3208);
#3207 = CARTESIAN_POINT('',(0.5,-0.762,2.1));
#3208 = VECTOR('',#3209,1.);
#3209 = DIRECTION('',(1.,0.,0.));
#3210 = ORIENTED_EDGE('',*,*,#2928,.T.);
#3211 = ORIENTED_EDGE('',*,*,#3171,.F.);
#3212 = ORIENTED_EDGE('',*,*,#2599,.F.);
#3213 = PLANE('',#3214);
#3214 = AXIS2_PLACEMENT_3D('',#3215,#3216,#3217);
#3215 = CARTESIAN_POINT('',(0.5,-0.762,2.1));
#3216 = DIRECTION('',(0.,0.707106781187,0.707106781187));
#3217 = DIRECTION('',(0.,0.707106781187,-0.707106781187));
#3218 = ADVANCED_FACE('',(#3219),#3230,.T.);
#3219 = FACE_BOUND('',#3220,.T.);
#3220 = EDGE_LOOP('',(#3221,#3222,#3223,#3229));
#3221 = ORIENTED_EDGE('',*,*,#3190,.T.);
#3222 = ORIENTED_EDGE('',*,*,#2800,.T.);
#3223 = ORIENTED_EDGE('',*,*,#3224,.F.);
#3224 = EDGE_CURVE('',#2472,#2801,#3225,.T.);
#3225 = LINE('',#3226,#3227);
#3226 = CARTESIAN_POINT('',(0.5,-1.905,0.127));
#3227 = VECTOR('',#3228,1.);
#3228 = DIRECTION('',(1.,0.,0.));
#3229 = ORIENTED_EDGE('',*,*,#2471,.F.);
#3230 = PLANE('',#3231);
#3231 = AXIS2_PLACEMENT_3D('',#3232,#3233,#3234);
#3232 = CARTESIAN_POINT('',(0.5,-1.778,0.));
#3233 = DIRECTION('',(-0.,-0.707106781187,-0.707106781187));
#3234 = DIRECTION('',(0.,-0.707106781187,0.707106781187));
#3235 = ADVANCED_FACE('',(#3236),#3247,.T.);
#3236 = FACE_BOUND('',#3237,.T.);
#3237 = EDGE_LOOP('',(#3238,#3244,#3245,#3246));
#3238 = ORIENTED_EDGE('',*,*,#3239,.T.);
#3239 = EDGE_CURVE('',#2584,#2913,#3240,.T.);
#3240 = LINE('',#3241,#3242);
#3241 = CARTESIAN_POINT('',(0.5,-1.778,2.1));
#3242 = VECTOR('',#3243,1.);
#3243 = DIRECTION('',(1.,0.,0.));
#3244 = ORIENTED_EDGE('',*,*,#2920,.T.);
#3245 = ORIENTED_EDGE('',*,*,#3205,.F.);
#3246 = ORIENTED_EDGE('',*,*,#2591,.F.);
#3247 = PLANE('',#3248);
#3248 = AXIS2_PLACEMENT_3D('',#3249,#3250,#3251);
#3249 = CARTESIAN_POINT('',(0.5,-1.778,2.1));
#3250 = DIRECTION('',(0.,0.,1.));
#3251 = DIRECTION('',(0.,1.,0.));
#3252 = ADVANCED_FACE('',(#3253),#3264,.T.);
#3253 = FACE_BOUND('',#3254,.T.);
#3254 = EDGE_LOOP('',(#3255,#3256,#3257,#3263));
#3255 = ORIENTED_EDGE('',*,*,#3224,.T.);
#3256 = ORIENTED_EDGE('',*,*,#2808,.T.);
#3257 = ORIENTED_EDGE('',*,*,#3258,.F.);
#3258 = EDGE_CURVE('',#2480,#2809,#3259,.T.);
#3259 = LINE('',#3260,#3261);
#3260 = CARTESIAN_POINT('',(0.5,-2.032,0.));
#3261 = VECTOR('',#3262,1.);
#3262 = DIRECTION('',(1.,0.,0.));
#3263 = ORIENTED_EDGE('',*,*,#2479,.F.);
#3264 = PLANE('',#3265);
#3265 = AXIS2_PLACEMENT_3D('',#3266,#3267,#3268);
#3266 = CARTESIAN_POINT('',(0.5,-1.905,0.127));
#3267 = DIRECTION('',(0.,0.707106781187,-0.707106781187));
#3268 = DIRECTION('',(0.,-0.707106781187,-0.707106781187));
#3269 = ADVANCED_FACE('',(#3270),#3281,.T.);
#3270 = FACE_BOUND('',#3271,.T.);
#3271 = EDGE_LOOP('',(#3272,#3278,#3279,#3280));
#3272 = ORIENTED_EDGE('',*,*,#3273,.T.);
#3273 = EDGE_CURVE('',#2576,#2905,#3274,.T.);
#3274 = LINE('',#3275,#3276);
#3275 = CARTESIAN_POINT('',(0.5,-1.905,1.973));
#3276 = VECTOR('',#3277,1.);
#3277 = DIRECTION('',(1.,0.,0.));
#3278 = ORIENTED_EDGE('',*,*,#2912,.T.);
#3279 = ORIENTED_EDGE('',*,*,#3239,.F.);
#3280 = ORIENTED_EDGE('',*,*,#2583,.F.);
#3281 = PLANE('',#3282);
#3282 = AXIS2_PLACEMENT_3D('',#3283,#3284,#3285);
#3283 = CARTESIAN_POINT('',(0.5,-1.905,1.973));
#3284 = DIRECTION('',(0.,-0.707106781187,0.707106781187));
#3285 = DIRECTION('',(0.,0.707106781187,0.707106781187));
#3286 = ADVANCED_FACE('',(#3287),#3298,.T.);
#3287 = FACE_BOUND('',#3288,.T.);
#3288 = EDGE_LOOP('',(#3289,#3290,#3291,#3297));
#3289 = ORIENTED_EDGE('',*,*,#3258,.T.);
#3290 = ORIENTED_EDGE('',*,*,#2816,.T.);
#3291 = ORIENTED_EDGE('',*,*,#3292,.F.);
#3292 = EDGE_CURVE('',#2488,#2817,#3293,.T.);
#3293 = LINE('',#3294,#3295);
#3294 = CARTESIAN_POINT('',(0.5,-3.048,0.));
#3295 = VECTOR('',#3296,1.);
#3296 = DIRECTION('',(1.,0.,0.));
#3297 = ORIENTED_EDGE('',*,*,#2487,.F.);
#3298 = PLANE('',#3299);
#3299 = AXIS2_PLACEMENT_3D('',#3300,#3301,#3302);
#3300 = CARTESIAN_POINT('',(0.5,-2.032,0.));
#3301 = DIRECTION('',(-0.,-0.,-1.));
#3302 = DIRECTION('',(0.,-1.,0.));
#3303 = ADVANCED_FACE('',(#3304),#3315,.T.);
#3304 = FACE_BOUND('',#3305,.T.);
#3305 = EDGE_LOOP('',(#3306,#3312,#3313,#3314));
#3306 = ORIENTED_EDGE('',*,*,#3307,.T.);
#3307 = EDGE_CURVE('',#2568,#2897,#3308,.T.);
#3308 = LINE('',#3309,#3310);
#3309 = CARTESIAN_POINT('',(0.5,-2.032,2.1));
#3310 = VECTOR('',#3311,1.);
#3311 = DIRECTION('',(1.,0.,0.));
#3312 = ORIENTED_EDGE('',*,*,#2904,.T.);
#3313 = ORIENTED_EDGE('',*,*,#3273,.F.);
#3314 = ORIENTED_EDGE('',*,*,#2575,.F.);
#3315 = PLANE('',#3316);
#3316 = AXIS2_PLACEMENT_3D('',#3317,#3318,#3319);
#3317 = CARTESIAN_POINT('',(0.5,-2.032,2.1));
#3318 = DIRECTION('',(0.,0.707106781187,0.707106781187));
#3319 = DIRECTION('',(0.,0.707106781187,-0.707106781187));
#3320 = ADVANCED_FACE('',(#3321),#3332,.T.);
#3321 = FACE_BOUND('',#3322,.T.);
#3322 = EDGE_LOOP('',(#3323,#3324,#3325,#3331));
#3323 = ORIENTED_EDGE('',*,*,#3292,.T.);
#3324 = ORIENTED_EDGE('',*,*,#2824,.T.);
#3325 = ORIENTED_EDGE('',*,*,#3326,.F.);
#3326 = EDGE_CURVE('',#2496,#2825,#3327,.T.);
#3327 = LINE('',#3328,#3329);
#3328 = CARTESIAN_POINT('',(0.5,-3.175,0.127));
#3329 = VECTOR('',#3330,1.);
#3330 = DIRECTION('',(1.,0.,0.));
#3331 = ORIENTED_EDGE('',*,*,#2495,.F.);
#3332 = PLANE('',#3333);
#3333 = AXIS2_PLACEMENT_3D('',#3334,#3335,#3336);
#3334 = CARTESIAN_POINT('',(0.5,-3.048,0.));
#3335 = DIRECTION('',(-0.,-0.707106781187,-0.707106781187));
#3336 = DIRECTION('',(0.,-0.707106781187,0.707106781187));
#3337 = ADVANCED_FACE('',(#3338),#3349,.T.);
#3338 = FACE_BOUND('',#3339,.T.);
#3339 = EDGE_LOOP('',(#3340,#3346,#3347,#3348));
#3340 = ORIENTED_EDGE('',*,*,#3341,.T.);
#3341 = EDGE_CURVE('',#2560,#2889,#3342,.T.);
#3342 = LINE('',#3343,#3344);
#3343 = CARTESIAN_POINT('',(0.5,-3.048,2.1));
#3344 = VECTOR('',#3345,1.);
#3345 = DIRECTION('',(1.,0.,0.));
#3346 = ORIENTED_EDGE('',*,*,#2896,.T.);
#3347 = ORIENTED_EDGE('',*,*,#3307,.F.);
#3348 = ORIENTED_EDGE('',*,*,#2567,.F.);
#3349 = PLANE('',#3350);
#3350 = AXIS2_PLACEMENT_3D('',#3351,#3352,#3353);
#3351 = CARTESIAN_POINT('',(0.5,-3.048,2.1));
#3352 = DIRECTION('',(0.,0.,1.));
#3353 = DIRECTION('',(0.,1.,0.));
#3354 = ADVANCED_FACE('',(#3355),#3366,.T.);
#3355 = FACE_BOUND('',#3356,.T.);
#3356 = EDGE_LOOP('',(#3357,#3358,#3359,#3365));
#3357 = ORIENTED_EDGE('',*,*,#3326,.T.);
#3358 = ORIENTED_EDGE('',*,*,#2832,.T.);
#3359 = ORIENTED_EDGE('',*,*,#3360,.F.);
#3360 = EDGE_CURVE('',#2504,#2833,#3361,.T.);
#3361 = LINE('',#3362,#3363);
#3362 = CARTESIAN_POINT('',(0.5,-3.302,0.));
#3363 = VECTOR('',#3364,1.);
#3364 = DIRECTION('',(1.,0.,0.));
#3365 = ORIENTED_EDGE('',*,*,#2503,.F.);
#3366 = PLANE('',#3367);
#3367 = AXIS2_PLACEMENT_3D('',#3368,#3369,#3370);
#3368 = CARTESIAN_POINT('',(0.5,-3.175,0.127));
#3369 = DIRECTION('',(0.,0.707106781187,-0.707106781187));
#3370 = DIRECTION('',(0.,-0.707106781187,-0.707106781187));
#3371 = ADVANCED_FACE('',(#3372),#3383,.T.);
#3372 = FACE_BOUND('',#3373,.T.);
#3373 = EDGE_LOOP('',(#3374,#3380,#3381,#3382));
#3374 = ORIENTED_EDGE('',*,*,#3375,.T.);
#3375 = EDGE_CURVE('',#2552,#2881,#3376,.T.);
#3376 = LINE('',#3377,#3378);
#3377 = CARTESIAN_POINT('',(0.5,-3.175,1.973));
#3378 = VECTOR('',#3379,1.);
#3379 = DIRECTION('',(1.,0.,0.));
#3380 = ORIENTED_EDGE('',*,*,#2888,.T.);
#3381 = ORIENTED_EDGE('',*,*,#3341,.F.);
#3382 = ORIENTED_EDGE('',*,*,#2559,.F.);
#3383 = PLANE('',#3384);
#3384 = AXIS2_PLACEMENT_3D('',#3385,#3386,#3387);
#3385 = CARTESIAN_POINT('',(0.5,-3.175,1.973));
#3386 = DIRECTION('',(0.,-0.707106781187,0.707106781187));
#3387 = DIRECTION('',(0.,0.707106781187,0.707106781187));
#3388 = ADVANCED_FACE('',(#3389),#3400,.T.);
#3389 = FACE_BOUND('',#3390,.T.);
#3390 = EDGE_LOOP('',(#3391,#3392,#3393,#3399));
#3391 = ORIENTED_EDGE('',*,*,#3360,.T.);
#3392 = ORIENTED_EDGE('',*,*,#2840,.T.);
#3393 = ORIENTED_EDGE('',*,*,#3394,.F.);
#3394 = EDGE_CURVE('',#2512,#2841,#3395,.T.);
#3395 = LINE('',#3396,#3397);
#3396 = CARTESIAN_POINT('',(0.5,-4.318,0.));
#3397 = VECTOR('',#3398,1.);
#3398 = DIRECTION('',(1.,0.,0.));
#3399 = ORIENTED_EDGE('',*,*,#2511,.F.);
#3400 = PLANE('',#3401);
#3401 = AXIS2_PLACEMENT_3D('',#3402,#3403,#3404);
#3402 = CARTESIAN_POINT('',(0.5,-3.302,0.));
#3403 = DIRECTION('',(-0.,-0.,-1.));
#3404 = DIRECTION('',(0.,-1.,0.));
#3405 = ADVANCED_FACE('',(#3406),#3417,.T.);
#3406 = FACE_BOUND('',#3407,.T.);
#3407 = EDGE_LOOP('',(#3408,#3414,#3415,#3416));
#3408 = ORIENTED_EDGE('',*,*,#3409,.T.);
#3409 = EDGE_CURVE('',#2544,#2873,#3410,.T.);
#3410 = LINE('',#3411,#3412);
#3411 = CARTESIAN_POINT('',(0.5,-3.302,2.1));
#3412 = VECTOR('',#3413,1.);
#3413 = DIRECTION('',(1.,0.,0.));
#3414 = ORIENTED_EDGE('',*,*,#2880,.T.);
#3415 = ORIENTED_EDGE('',*,*,#3375,.F.);
#3416 = ORIENTED_EDGE('',*,*,#2551,.F.);
#3417 = PLANE('',#3418);
#3418 = AXIS2_PLACEMENT_3D('',#3419,#3420,#3421);
#3419 = CARTESIAN_POINT('',(0.5,-3.302,2.1));
#3420 = DIRECTION('',(0.,0.707106781187,0.707106781187));
#3421 = DIRECTION('',(0.,0.707106781187,-0.707106781187));
#3422 = ADVANCED_FACE('',(#3423),#3434,.T.);
#3423 = FACE_BOUND('',#3424,.T.);
#3424 = EDGE_LOOP('',(#3425,#3426,#3427,#3433));
#3425 = ORIENTED_EDGE('',*,*,#3394,.T.);
#3426 = ORIENTED_EDGE('',*,*,#2848,.T.);
#3427 = ORIENTED_EDGE('',*,*,#3428,.F.);
#3428 = EDGE_CURVE('',#2520,#2849,#3429,.T.);
#3429 = LINE('',#3430,#3431);
#3430 = CARTESIAN_POINT('',(0.5,-4.445,0.127));
#3431 = VECTOR('',#3432,1.);
#3432 = DIRECTION('',(1.,0.,0.));
#3433 = ORIENTED_EDGE('',*,*,#2519,.F.);
#3434 = PLANE('',#3435);
#3435 = AXIS2_PLACEMENT_3D('',#3436,#3437,#3438);
#3436 = CARTESIAN_POINT('',(0.5,-4.318,0.));
#3437 = DIRECTION('',(-0.,-0.707106781187,-0.707106781187));
#3438 = DIRECTION('',(0.,-0.707106781187,0.707106781187));
#3439 = ADVANCED_FACE('',(#3440),#3451,.T.);
#3440 = FACE_BOUND('',#3441,.T.);
#3441 = EDGE_LOOP('',(#3442,#3448,#3449,#3450));
#3442 = ORIENTED_EDGE('',*,*,#3443,.T.);
#3443 = EDGE_CURVE('',#2536,#2865,#3444,.T.);
#3444 = LINE('',#3445,#3446);
#3445 = CARTESIAN_POINT('',(0.5,-4.318,2.1));
#3446 = VECTOR('',#3447,1.);
#3447 = DIRECTION('',(1.,0.,0.));
#3448 = ORIENTED_EDGE('',*,*,#2872,.T.);
#3449 = ORIENTED_EDGE('',*,*,#3409,.F.);
#3450 = ORIENTED_EDGE('',*,*,#2543,.F.);
#3451 = PLANE('',#3452);
#3452 = AXIS2_PLACEMENT_3D('',#3453,#3454,#3455);
#3453 = CARTESIAN_POINT('',(0.5,-4.318,2.1));
#3454 = DIRECTION('',(0.,0.,1.));
#3455 = DIRECTION('',(0.,1.,0.));
#3456 = ADVANCED_FACE('',(#3457),#3468,.T.);
#3457 = FACE_BOUND('',#3458,.T.);
#3458 = EDGE_LOOP('',(#3459,#3460,#3461,#3467));
#3459 = ORIENTED_EDGE('',*,*,#3428,.T.);
#3460 = ORIENTED_EDGE('',*,*,#2856,.T.);
#3461 = ORIENTED_EDGE('',*,*,#3462,.F.);
#3462 = EDGE_CURVE('',#2528,#2857,#3463,.T.);
#3463 = LINE('',#3464,#3465);
#3464 = CARTESIAN_POINT('',(0.5,-4.445,1.973));
#3465 = VECTOR('',#3466,1.);
#3466 = DIRECTION('',(1.,0.,0.));
#3467 = ORIENTED_EDGE('',*,*,#2527,.F.);
#3468 = PLANE('',#3469);
#3469 = AXIS2_PLACEMENT_3D('',#3470,#3471,#3472);
#3470 = CARTESIAN_POINT('',(0.5,-4.445,0.127));
#3471 = DIRECTION('',(0.,-1.,0.));
#3472 = DIRECTION('',(0.,0.,1.));
#3473 = ADVANCED_FACE('',(#3474),#3480,.T.);
#3474 = FACE_BOUND('',#3475,.T.);
#3475 = EDGE_LOOP('',(#3476,#3477,#3478,#3479));
#3476 = ORIENTED_EDGE('',*,*,#3462,.T.);
#3477 = ORIENTED_EDGE('',*,*,#2864,.T.);
#3478 = ORIENTED_EDGE('',*,*,#3443,.F.);
#3479 = ORIENTED_EDGE('',*,*,#2535,.F.);
#3480 = PLANE('',#3481);
#3481 = AXIS2_PLACEMENT_3D('',#3482,#3483,#3484);
#3482 = CARTESIAN_POINT('',(0.5,-4.445,1.973));
#3483 = DIRECTION('',(0.,-0.707106781187,0.707106781187));
#3484 = DIRECTION('',(0.,0.707106781187,0.707106781187));
#3485 = ADVANCED_FACE('',(#3486),#3536,.T.);
#3486 = FACE_BOUND('',#3487,.T.);
#3487 = EDGE_LOOP('',(#3488,#3499,#3505,#3506,#3514,#3522,#3530));
#3488 = ORIENTED_EDGE('',*,*,#3489,.T.);
#3489 = EDGE_CURVE('',#3490,#3492,#3494,.T.);
#3490 = VERTEX_POINT('',#3491);
#3491 = CARTESIAN_POINT('',(-0.2,-2.34,0.85));
#3492 = VERTEX_POINT('',#3493);
#3493 = CARTESIAN_POINT('',(0.2,-2.34,1.25));
#3494 = CIRCLE('',#3495,0.4);
#3495 = AXIS2_PLACEMENT_3D('',#3496,#3497,#3498);
#3496 = CARTESIAN_POINT('',(0.2,-2.34,0.85));
#3497 = DIRECTION('',(0.,1.,0.));
#3498 = DIRECTION('',(0.,0.,-1.));
#3499 = ORIENTED_EDGE('',*,*,#3500,.T.);
#3500 = EDGE_CURVE('',#3492,#2633,#3501,.T.);
#3501 = LINE('',#3502,#3503);
#3502 = CARTESIAN_POINT('',(-0.2,-2.34,1.25));
#3503 = VECTOR('',#3504,1.);
#3504 = DIRECTION('',(1.,0.,0.));
#3505 = ORIENTED_EDGE('',*,*,#2632,.T.);
#3506 = ORIENTED_EDGE('',*,*,#3507,.T.);
#3507 = EDGE_CURVE('',#2635,#3508,#3510,.T.);
#3508 = VERTEX_POINT('',#3509);
#3509 = CARTESIAN_POINT('',(0.2,-2.34,0.85));
#3510 = LINE('',#3511,#3512);
#3511 = CARTESIAN_POINT('',(5.5,-2.34,0.85));
#3512 = VECTOR('',#3513,1.);
#3513 = DIRECTION('',(-1.,0.,0.));
#3514 = ORIENTED_EDGE('',*,*,#3515,.T.);
#3515 = EDGE_CURVE('',#3508,#3516,#3518,.T.);
#3516 = VERTEX_POINT('',#3517);
#3517 = CARTESIAN_POINT('',(0.2,-2.34,-2.3));
#3518 = LINE('',#3519,#3520);
#3519 = CARTESIAN_POINT('',(0.2,-2.34,0.85));
#3520 = VECTOR('',#3521,1.);
#3521 = DIRECTION('',(0.,0.,-1.));
#3522 = ORIENTED_EDGE('',*,*,#3523,.T.);
#3523 = EDGE_CURVE('',#3516,#3524,#3526,.T.);
#3524 = VERTEX_POINT('',#3525);
#3525 = CARTESIAN_POINT('',(-0.2,-2.34,-2.3));
#3526 = LINE('',#3527,#3528);
#3527 = CARTESIAN_POINT('',(0.2,-2.34,-2.3));
#3528 = VECTOR('',#3529,1.);
#3529 = DIRECTION('',(-1.,0.,0.));
#3530 = ORIENTED_EDGE('',*,*,#3531,.T.);
#3531 = EDGE_CURVE('',#3524,#3490,#3532,.T.);
#3532 = LINE('',#3533,#3534);
#3533 = CARTESIAN_POINT('',(-0.2,-2.34,-2.4));
#3534 = VECTOR('',#3535,1.);
#3535 = DIRECTION('',(0.,0.,1.));
#3536 = PLANE('',#3537);
#3537 = AXIS2_PLACEMENT_3D('',#3538,#3539,#3540);
#3538 = CARTESIAN_POINT('',(1.728877005348,-2.34,0.346122994652));
#3539 = DIRECTION('',(-4.755018855173E-33,1.,1.021399522613E-33));
#3540 = DIRECTION('',(1.,4.755018855173E-33,1.117978399067E-82));
#3541 = ADVANCED_FACE('',(#3542),#3560,.T.);
#3542 = FACE_BOUND('',#3543,.T.);
#3543 = EDGE_LOOP('',(#3544,#3545,#3546,#3554));
#3544 = ORIENTED_EDGE('',*,*,#3507,.F.);
#3545 = ORIENTED_EDGE('',*,*,#2658,.T.);
#3546 = ORIENTED_EDGE('',*,*,#3547,.T.);
#3547 = EDGE_CURVE('',#2651,#3548,#3550,.T.);
#3548 = VERTEX_POINT('',#3549);
#3549 = CARTESIAN_POINT('',(0.2,-2.74,0.85));
#3550 = LINE('',#3551,#3552);
#3551 = CARTESIAN_POINT('',(5.5,-2.74,0.85));
#3552 = VECTOR('',#3553,1.);
#3553 = DIRECTION('',(-1.,0.,0.));
#3554 = ORIENTED_EDGE('',*,*,#3555,.F.);
#3555 = EDGE_CURVE('',#3508,#3548,#3556,.T.);
#3556 = LINE('',#3557,#3558);
#3557 = CARTESIAN_POINT('',(0.2,-2.34,0.85));
#3558 = VECTOR('',#3559,1.);
#3559 = DIRECTION('',(0.,-1.,0.));
#3560 = PLANE('',#3561);
#3561 = AXIS2_PLACEMENT_3D('',#3562,#3563,#3564);
#3562 = CARTESIAN_POINT('',(5.5,-2.34,0.85));
#3563 = DIRECTION('',(-0.,-0.,-1.));
#3564 = DIRECTION('',(-1.,0.,0.));
#3565 = ADVANCED_FACE('',(#3566),#3609,.F.);
#3566 = FACE_BOUND('',#3567,.F.);
#3567 = EDGE_LOOP('',(#3568,#3579,#3585,#3586,#3587,#3595,#3603));
#3568 = ORIENTED_EDGE('',*,*,#3569,.T.);
#3569 = EDGE_CURVE('',#3570,#3572,#3574,.T.);
#3570 = VERTEX_POINT('',#3571);
#3571 = CARTESIAN_POINT('',(-0.2,-2.74,0.85));
#3572 = VERTEX_POINT('',#3573);
#3573 = CARTESIAN_POINT('',(0.2,-2.74,1.25));
#3574 = CIRCLE('',#3575,0.4);
#3575 = AXIS2_PLACEMENT_3D('',#3576,#3577,#3578);
#3576 = CARTESIAN_POINT('',(0.2,-2.74,0.85));
#3577 = DIRECTION('',(0.,1.,0.));
#3578 = DIRECTION('',(0.,0.,-1.));
#3579 = ORIENTED_EDGE('',*,*,#3580,.T.);
#3580 = EDGE_CURVE('',#3572,#2643,#3581,.T.);
#3581 = LINE('',#3582,#3583);
#3582 = CARTESIAN_POINT('',(-0.2,-2.74,1.25));
#3583 = VECTOR('',#3584,1.);
#3584 = DIRECTION('',(1.,0.,0.));
#3585 = ORIENTED_EDGE('',*,*,#2650,.T.);
#3586 = ORIENTED_EDGE('',*,*,#3547,.T.);
#3587 = ORIENTED_EDGE('',*,*,#3588,.T.);
#3588 = EDGE_CURVE('',#3548,#3589,#3591,.T.);
#3589 = VERTEX_POINT('',#3590);
#3590 = CARTESIAN_POINT('',(0.2,-2.74,-2.3));
#3591 = LINE('',#3592,#3593);
#3592 = CARTESIAN_POINT('',(0.2,-2.74,0.85));
#3593 = VECTOR('',#3594,1.);
#3594 = DIRECTION('',(0.,0.,-1.));
#3595 = ORIENTED_EDGE('',*,*,#3596,.T.);
#3596 = EDGE_CURVE('',#3589,#3597,#3599,.T.);
#3597 = VERTEX_POINT('',#3598);
#3598 = CARTESIAN_POINT('',(-0.2,-2.74,-2.3));
#3599 = LINE('',#3600,#3601);
#3600 = CARTESIAN_POINT('',(0.2,-2.74,-2.3));
#3601 = VECTOR('',#3602,1.);
#3602 = DIRECTION('',(-1.,0.,0.));
#3603 = ORIENTED_EDGE('',*,*,#3604,.T.);
#3604 = EDGE_CURVE('',#3597,#3570,#3605,.T.);
#3605 = LINE('',#3606,#3607);
#3606 = CARTESIAN_POINT('',(-0.2,-2.74,-2.4));
#3607 = VECTOR('',#3608,1.);
#3608 = DIRECTION('',(0.,0.,1.));
#3609 = PLANE('',#3610);
#3610 = AXIS2_PLACEMENT_3D('',#3611,#3612,#3613);
#3611 = CARTESIAN_POINT('',(1.728877005348,-2.74,0.346122994652));
#3612 = DIRECTION('',(-4.755018855173E-33,1.,1.021399522613E-33));
#3613 = DIRECTION('',(1.,4.755018855173E-33,1.117978399067E-82));
#3614 = ADVANCED_FACE('',(#3615),#3626,.T.);
#3615 = FACE_BOUND('',#3616,.T.);
#3616 = EDGE_LOOP('',(#3617,#3618,#3624,#3625));
#3617 = ORIENTED_EDGE('',*,*,#3500,.F.);
#3618 = ORIENTED_EDGE('',*,*,#3619,.T.);
#3619 = EDGE_CURVE('',#3492,#3572,#3620,.T.);
#3620 = LINE('',#3621,#3622);
#3621 = CARTESIAN_POINT('',(0.2,-2.34,1.25));
#3622 = VECTOR('',#3623,1.);
#3623 = DIRECTION('',(0.,-1.,0.));
#3624 = ORIENTED_EDGE('',*,*,#3580,.T.);
#3625 = ORIENTED_EDGE('',*,*,#2642,.T.);
#3626 = PLANE('',#3627);
#3627 = AXIS2_PLACEMENT_3D('',#3628,#3629,#3630);
#3628 = CARTESIAN_POINT('',(-0.2,-2.34,1.25));
#3629 = DIRECTION('',(0.,0.,1.));
#3630 = DIRECTION('',(1.,0.,-0.));
#3631 = ADVANCED_FACE('',(#3632),#3657,.T.);
#3632 = FACE_BOUND('',#3633,.T.);
#3633 = EDGE_LOOP('',(#3634,#3642,#3650,#3656));
#3634 = ORIENTED_EDGE('',*,*,#3635,.F.);
#3635 = EDGE_CURVE('',#3636,#2669,#3638,.T.);
#3636 = VERTEX_POINT('',#3637);
#3637 = CARTESIAN_POINT('',(0.2,-1.07,1.25));
#3638 = LINE('',#3639,#3640);
#3639 = CARTESIAN_POINT('',(-0.2,-1.07,1.25));
#3640 = VECTOR('',#3641,1.);
#3641 = DIRECTION('',(1.,0.,0.));
#3642 = ORIENTED_EDGE('',*,*,#3643,.T.);
#3643 = EDGE_CURVE('',#3636,#3644,#3646,.T.);
#3644 = VERTEX_POINT('',#3645);
#3645 = CARTESIAN_POINT('',(0.2,-1.47,1.25));
#3646 = LINE('',#3647,#3648);
#3647 = CARTESIAN_POINT('',(0.2,-1.07,1.25));
#3648 = VECTOR('',#3649,1.);
#3649 = DIRECTION('',(0.,-1.,0.));
#3650 = ORIENTED_EDGE('',*,*,#3651,.T.);
#3651 = EDGE_CURVE('',#3644,#2667,#3652,.T.);
#3652 = LINE('',#3653,#3654);
#3653 = CARTESIAN_POINT('',(-0.2,-1.47,1.25));
#3654 = VECTOR('',#3655,1.);
#3655 = DIRECTION('',(1.,0.,0.));
#3656 = ORIENTED_EDGE('',*,*,#2666,.T.);
#3657 = PLANE('',#3658);
#3658 = AXIS2_PLACEMENT_3D('',#3659,#3660,#3661);
#3659 = CARTESIAN_POINT('',(-0.2,-1.07,1.25));
#3660 = DIRECTION('',(0.,0.,1.));
#3661 = DIRECTION('',(1.,0.,-0.));
#3662 = ADVANCED_FACE('',(#3663),#3706,.T.);
#3663 = FACE_BOUND('',#3664,.T.);
#3664 = EDGE_LOOP('',(#3665,#3674,#3675,#3676,#3684,#3692,#3700));
#3665 = ORIENTED_EDGE('',*,*,#3666,.T.);
#3666 = EDGE_CURVE('',#3667,#3636,#3669,.T.);
#3667 = VERTEX_POINT('',#3668);
#3668 = CARTESIAN_POINT('',(-0.2,-1.07,0.85));
#3669 = CIRCLE('',#3670,0.4);
#3670 = AXIS2_PLACEMENT_3D('',#3671,#3672,#3673);
#3671 = CARTESIAN_POINT('',(0.2,-1.07,0.85));
#3672 = DIRECTION('',(0.,1.,0.));
#3673 = DIRECTION('',(0.,0.,-1.));
#3674 = ORIENTED_EDGE('',*,*,#3635,.T.);
#3675 = ORIENTED_EDGE('',*,*,#2692,.T.);
#3676 = ORIENTED_EDGE('',*,*,#3677,.T.);
#3677 = EDGE_CURVE('',#2685,#3678,#3680,.T.);
#3678 = VERTEX_POINT('',#3679);
#3679 = CARTESIAN_POINT('',(0.2,-1.07,0.85));
#3680 = LINE('',#3681,#3682);
#3681 = CARTESIAN_POINT('',(5.5,-1.07,0.85));
#3682 = VECTOR('',#3683,1.);
#3683 = DIRECTION('',(-1.,0.,0.));
#3684 = ORIENTED_EDGE('',*,*,#3685,.T.);
#3685 = EDGE_CURVE('',#3678,#3686,#3688,.T.);
#3686 = VERTEX_POINT('',#3687);
#3687 = CARTESIAN_POINT('',(0.2,-1.07,-2.3));
#3688 = LINE('',#3689,#3690);
#3689 = CARTESIAN_POINT('',(0.2,-1.07,0.85));
#3690 = VECTOR('',#3691,1.);
#3691 = DIRECTION('',(0.,0.,-1.));
#3692 = ORIENTED_EDGE('',*,*,#3693,.T.);
#3693 = EDGE_CURVE('',#3686,#3694,#3696,.T.);
#3694 = VERTEX_POINT('',#3695);
#3695 = CARTESIAN_POINT('',(-0.2,-1.07,-2.3));
#3696 = LINE('',#3697,#3698);
#3697 = CARTESIAN_POINT('',(0.2,-1.07,-2.3));
#3698 = VECTOR('',#3699,1.);
#3699 = DIRECTION('',(-1.,0.,0.));
#3700 = ORIENTED_EDGE('',*,*,#3701,.T.);
#3701 = EDGE_CURVE('',#3694,#3667,#3702,.T.);
#3702 = LINE('',#3703,#3704);
#3703 = CARTESIAN_POINT('',(-0.2,-1.07,-2.4));
#3704 = VECTOR('',#3705,1.);
#3705 = DIRECTION('',(0.,0.,1.));
#3706 = PLANE('',#3707);
#3707 = AXIS2_PLACEMENT_3D('',#3708,#3709,#3710);
#3708 = CARTESIAN_POINT('',(1.728877005348,-1.07,0.346122994652));
#3709 = DIRECTION('',(-4.755018855173E-33,1.,1.021399522613E-33));
#3710 = DIRECTION('',(1.,4.755018855173E-33,1.117978399067E-82));
#3711 = ADVANCED_FACE('',(#3712),#3730,.T.);
#3712 = FACE_BOUND('',#3713,.T.);
#3713 = EDGE_LOOP('',(#3714,#3715,#3716,#3724));
#3714 = ORIENTED_EDGE('',*,*,#3677,.F.);
#3715 = ORIENTED_EDGE('',*,*,#2684,.T.);
#3716 = ORIENTED_EDGE('',*,*,#3717,.T.);
#3717 = EDGE_CURVE('',#2677,#3718,#3720,.T.);
#3718 = VERTEX_POINT('',#3719);
#3719 = CARTESIAN_POINT('',(0.2,-1.47,0.85));
#3720 = LINE('',#3721,#3722);
#3721 = CARTESIAN_POINT('',(5.5,-1.47,0.85));
#3722 = VECTOR('',#3723,1.);
#3723 = DIRECTION('',(-1.,0.,0.));
#3724 = ORIENTED_EDGE('',*,*,#3725,.F.);
#3725 = EDGE_CURVE('',#3678,#3718,#3726,.T.);
#3726 = LINE('',#3727,#3728);
#3727 = CARTESIAN_POINT('',(0.2,-1.07,0.85));
#3728 = VECTOR('',#3729,1.);
#3729 = DIRECTION('',(0.,-1.,0.));
#3730 = PLANE('',#3731);
#3731 = AXIS2_PLACEMENT_3D('',#3732,#3733,#3734);
#3732 = CARTESIAN_POINT('',(5.5,-1.07,0.85));
#3733 = DIRECTION('',(-0.,-0.,-1.));
#3734 = DIRECTION('',(-1.,0.,0.));
#3735 = ADVANCED_FACE('',(#3736),#3772,.F.);
#3736 = FACE_BOUND('',#3737,.F.);
#3737 = EDGE_LOOP('',(#3738,#3747,#3748,#3749,#3750,#3758,#3766));
#3738 = ORIENTED_EDGE('',*,*,#3739,.T.);
#3739 = EDGE_CURVE('',#3740,#3644,#3742,.T.);
#3740 = VERTEX_POINT('',#3741);
#3741 = CARTESIAN_POINT('',(-0.2,-1.47,0.85));
#3742 = CIRCLE('',#3743,0.4);
#3743 = AXIS2_PLACEMENT_3D('',#3744,#3745,#3746);
#3744 = CARTESIAN_POINT('',(0.2,-1.47,0.85));
#3745 = DIRECTION('',(0.,1.,0.));
#3746 = DIRECTION('',(0.,0.,-1.));
#3747 = ORIENTED_EDGE('',*,*,#3651,.T.);
#3748 = ORIENTED_EDGE('',*,*,#2676,.T.);
#3749 = ORIENTED_EDGE('',*,*,#3717,.T.);
#3750 = ORIENTED_EDGE('',*,*,#3751,.T.);
#3751 = EDGE_CURVE('',#3718,#3752,#3754,.T.);
#3752 = VERTEX_POINT('',#3753);
#3753 = CARTESIAN_POINT('',(0.2,-1.47,-2.3));
#3754 = LINE('',#3755,#3756);
#3755 = CARTESIAN_POINT('',(0.2,-1.47,0.85));
#3756 = VECTOR('',#3757,1.);
#3757 = DIRECTION('',(0.,0.,-1.));
#3758 = ORIENTED_EDGE('',*,*,#3759,.T.);
#3759 = EDGE_CURVE('',#3752,#3760,#3762,.T.);
#3760 = VERTEX_POINT('',#3761);
#3761 = CARTESIAN_POINT('',(-0.2,-1.47,-2.3));
#3762 = LINE('',#3763,#3764);
#3763 = CARTESIAN_POINT('',(0.2,-1.47,-2.3));
#3764 = VECTOR('',#3765,1.);
#3765 = DIRECTION('',(-1.,0.,0.));
#3766 = ORIENTED_EDGE('',*,*,#3767,.T.);
#3767 = EDGE_CURVE('',#3760,#3740,#3768,.T.);
#3768 = LINE('',#3769,#3770);
#3769 = CARTESIAN_POINT('',(-0.2,-1.47,-2.4));
#3770 = VECTOR('',#3771,1.);
#3771 = DIRECTION('',(0.,0.,1.));
#3772 = PLANE('',#3773);
#3773 = AXIS2_PLACEMENT_3D('',#3774,#3775,#3776);
#3774 = CARTESIAN_POINT('',(1.728877005348,-1.47,0.346122994652));
#3775 = DIRECTION('',(-4.755018855173E-33,1.,1.021399522613E-33));
#3776 = DIRECTION('',(1.,4.755018855173E-33,1.117978399067E-82));
#3777 = ADVANCED_FACE('',(#3778),#3803,.T.);
#3778 = FACE_BOUND('',#3779,.T.);
#3779 = EDGE_LOOP('',(#3780,#3788,#3789,#3797));
#3780 = ORIENTED_EDGE('',*,*,#3781,.F.);
#3781 = EDGE_CURVE('',#2701,#3782,#3784,.T.);
#3782 = VERTEX_POINT('',#3783);
#3783 = CARTESIAN_POINT('',(0.2,0.2,0.85));
#3784 = LINE('',#3785,#3786);
#3785 = CARTESIAN_POINT('',(5.5,0.2,0.85));
#3786 = VECTOR('',#3787,1.);
#3787 = DIRECTION('',(-1.,0.,0.));
#3788 = ORIENTED_EDGE('',*,*,#2700,.T.);
#3789 = ORIENTED_EDGE('',*,*,#3790,.T.);
#3790 = EDGE_CURVE('',#2703,#3791,#3793,.T.);
#3791 = VERTEX_POINT('',#3792);
#3792 = CARTESIAN_POINT('',(0.2,-0.2,0.85));
#3793 = LINE('',#3794,#3795);
#3794 = CARTESIAN_POINT('',(5.5,-0.2,0.85));
#3795 = VECTOR('',#3796,1.);
#3796 = DIRECTION('',(-1.,0.,0.));
#3797 = ORIENTED_EDGE('',*,*,#3798,.F.);
#3798 = EDGE_CURVE('',#3782,#3791,#3799,.T.);
#3799 = LINE('',#3800,#3801);
#3800 = CARTESIAN_POINT('',(0.2,0.2,0.85));
#3801 = VECTOR('',#3802,1.);
#3802 = DIRECTION('',(0.,-1.,0.));
#3803 = PLANE('',#3804);
#3804 = AXIS2_PLACEMENT_3D('',#3805,#3806,#3807);
#3805 = CARTESIAN_POINT('',(5.5,0.2,0.85));
#3806 = DIRECTION('',(-0.,-0.,-1.));
#3807 = DIRECTION('',(-1.,0.,0.));
#3808 = ADVANCED_FACE('',(#3809),#3852,.F.);
#3809 = FACE_BOUND('',#3810,.F.);
#3810 = EDGE_LOOP('',(#3811,#3822,#3828,#3829,#3830,#3838,#3846));
#3811 = ORIENTED_EDGE('',*,*,#3812,.T.);
#3812 = EDGE_CURVE('',#3813,#3815,#3817,.T.);
#3813 = VERTEX_POINT('',#3814);
#3814 = CARTESIAN_POINT('',(-0.2,-0.2,0.85));
#3815 = VERTEX_POINT('',#3816);
#3816 = CARTESIAN_POINT('',(0.2,-0.2,1.25));
#3817 = CIRCLE('',#3818,0.4);
#3818 = AXIS2_PLACEMENT_3D('',#3819,#3820,#3821);
#3819 = CARTESIAN_POINT('',(0.2,-0.2,0.85));
#3820 = DIRECTION('',(0.,1.,0.));
#3821 = DIRECTION('',(0.,0.,-1.));
#3822 = ORIENTED_EDGE('',*,*,#3823,.T.);
#3823 = EDGE_CURVE('',#3815,#2719,#3824,.T.);
#3824 = LINE('',#3825,#3826);
#3825 = CARTESIAN_POINT('',(-0.2,-0.2,1.25));
#3826 = VECTOR('',#3827,1.);
#3827 = DIRECTION('',(1.,0.,0.));
#3828 = ORIENTED_EDGE('',*,*,#2726,.T.);
#3829 = ORIENTED_EDGE('',*,*,#3790,.T.);
#3830 = ORIENTED_EDGE('',*,*,#3831,.T.);
#3831 = EDGE_CURVE('',#3791,#3832,#3834,.T.);
#3832 = VERTEX_POINT('',#3833);
#3833 = CARTESIAN_POINT('',(0.2,-0.2,-2.3));
#3834 = LINE('',#3835,#3836);
#3835 = CARTESIAN_POINT('',(0.2,-0.2,0.85));
#3836 = VECTOR('',#3837,1.);
#3837 = DIRECTION('',(0.,0.,-1.));
#3838 = ORIENTED_EDGE('',*,*,#3839,.T.);
#3839 = EDGE_CURVE('',#3832,#3840,#3842,.T.);
#3840 = VERTEX_POINT('',#3841);
#3841 = CARTESIAN_POINT('',(-0.2,-0.2,-2.3));
#3842 = LINE('',#3843,#3844);
#3843 = CARTESIAN_POINT('',(0.2,-0.2,-2.3));
#3844 = VECTOR('',#3845,1.);
#3845 = DIRECTION('',(-1.,0.,0.));
#3846 = ORIENTED_EDGE('',*,*,#3847,.T.);
#3847 = EDGE_CURVE('',#3840,#3813,#3848,.T.);
#3848 = LINE('',#3849,#3850);
#3849 = CARTESIAN_POINT('',(-0.2,-0.2,-2.4));
#3850 = VECTOR('',#3851,1.);
#3851 = DIRECTION('',(0.,0.,1.));
#3852 = PLANE('',#3853);
#3853 = AXIS2_PLACEMENT_3D('',#3854,#3855,#3856);
#3854 = CARTESIAN_POINT('',(1.728877005348,-0.2,0.346122994652));
#3855 = DIRECTION('',(-4.755018855173E-33,1.,1.021399522613E-33));
#3856 = DIRECTION('',(1.,4.755018855173E-33,1.117978399067E-82));
#3857 = ADVANCED_FACE('',(#3858),#3876,.T.);
#3858 = FACE_BOUND('',#3859,.T.);
#3859 = EDGE_LOOP('',(#3860,#3868,#3874,#3875));
#3860 = ORIENTED_EDGE('',*,*,#3861,.F.);
#3861 = EDGE_CURVE('',#3862,#2711,#3864,.T.);
#3862 = VERTEX_POINT('',#3863);
#3863 = CARTESIAN_POINT('',(0.2,0.2,1.25));
#3864 = LINE('',#3865,#3866);
#3865 = CARTESIAN_POINT('',(-0.2,0.2,1.25));
#3866 = VECTOR('',#3867,1.);
#3867 = DIRECTION('',(1.,0.,0.));
#3868 = ORIENTED_EDGE('',*,*,#3869,.T.);
#3869 = EDGE_CURVE('',#3862,#3815,#3870,.T.);
#3870 = LINE('',#3871,#3872);
#3871 = CARTESIAN_POINT('',(0.2,0.2,1.25));
#3872 = VECTOR('',#3873,1.);
#3873 = DIRECTION('',(0.,-1.,0.));
#3874 = ORIENTED_EDGE('',*,*,#3823,.T.);
#3875 = ORIENTED_EDGE('',*,*,#2718,.T.);
#3876 = PLANE('',#3877);
#3877 = AXIS2_PLACEMENT_3D('',#3878,#3879,#3880);
#3878 = CARTESIAN_POINT('',(-0.2,0.2,1.25));
#3879 = DIRECTION('',(0.,0.,1.));
#3880 = DIRECTION('',(1.,0.,-0.));
#3881 = ADVANCED_FACE('',(#3882),#3918,.T.);
#3882 = FACE_BOUND('',#3883,.T.);
#3883 = EDGE_LOOP('',(#3884,#3893,#3894,#3895,#3896,#3904,#3912));
#3884 = ORIENTED_EDGE('',*,*,#3885,.T.);
#3885 = EDGE_CURVE('',#3886,#3862,#3888,.T.);
#3886 = VERTEX_POINT('',#3887);
#3887 = CARTESIAN_POINT('',(-0.2,0.2,0.85));
#3888 = CIRCLE('',#3889,0.4);
#3889 = AXIS2_PLACEMENT_3D('',#3890,#3891,#3892);
#3890 = CARTESIAN_POINT('',(0.2,0.2,0.85));
#3891 = DIRECTION('',(0.,1.,0.));
#3892 = DIRECTION('',(0.,0.,-1.));
#3893 = ORIENTED_EDGE('',*,*,#3861,.T.);
#3894 = ORIENTED_EDGE('',*,*,#2710,.T.);
#3895 = ORIENTED_EDGE('',*,*,#3781,.T.);
#3896 = ORIENTED_EDGE('',*,*,#3897,.T.);
#3897 = EDGE_CURVE('',#3782,#3898,#3900,.T.);
#3898 = VERTEX_POINT('',#3899);
#3899 = CARTESIAN_POINT('',(0.2,0.2,-2.3));
#3900 = LINE('',#3901,#3902);
#3901 = CARTESIAN_POINT('',(0.2,0.2,0.85));
#3902 = VECTOR('',#3903,1.);
#3903 = DIRECTION('',(0.,0.,-1.));
#3904 = ORIENTED_EDGE('',*,*,#3905,.T.);
#3905 = EDGE_CURVE('',#3898,#3906,#3908,.T.);
#3906 = VERTEX_POINT('',#3907);
#3907 = CARTESIAN_POINT('',(-0.2,0.2,-2.3));
#3908 = LINE('',#3909,#3910);
#3909 = CARTESIAN_POINT('',(0.2,0.2,-2.3));
#3910 = VECTOR('',#3911,1.);
#3911 = DIRECTION('',(-1.,0.,0.));
#3912 = ORIENTED_EDGE('',*,*,#3913,.T.);
#3913 = EDGE_CURVE('',#3906,#3886,#3914,.T.);
#3914 = LINE('',#3915,#3916);
#3915 = CARTESIAN_POINT('',(-0.2,0.2,-2.4));
#3916 = VECTOR('',#3917,1.);
#3917 = DIRECTION('',(0.,0.,1.));
#3918 = PLANE('',#3919);
#3919 = AXIS2_PLACEMENT_3D('',#3920,#3921,#3922);
#3920 = CARTESIAN_POINT('',(1.728877005348,0.2,0.346122994652));
#3921 = DIRECTION('',(-4.755018855173E-33,1.,1.021399522613E-33));
#3922 = DIRECTION('',(1.,4.755018855173E-33,1.117978399067E-82));
#3923 = ADVANCED_FACE('',(#3924),#3949,.T.);
#3924 = FACE_BOUND('',#3925,.T.);
#3925 = EDGE_LOOP('',(#3926,#3934,#3935,#3943));
#3926 = ORIENTED_EDGE('',*,*,#3927,.F.);
#3927 = EDGE_CURVE('',#2735,#3928,#3930,.T.);
#3928 = VERTEX_POINT('',#3929);
#3929 = CARTESIAN_POINT('',(0.2,-3.61,0.85));
#3930 = LINE('',#3931,#3932);
#3931 = CARTESIAN_POINT('',(5.5,-3.61,0.85));
#3932 = VECTOR('',#3933,1.);
#3933 = DIRECTION('',(-1.,0.,0.));
#3934 = ORIENTED_EDGE('',*,*,#2734,.T.);
#3935 = ORIENTED_EDGE('',*,*,#3936,.T.);
#3936 = EDGE_CURVE('',#2737,#3937,#3939,.T.);
#3937 = VERTEX_POINT('',#3938);
#3938 = CARTESIAN_POINT('',(0.2,-4.01,0.85));
#3939 = LINE('',#3940,#3941);
#3940 = CARTESIAN_POINT('',(5.5,-4.01,0.85));
#3941 = VECTOR('',#3942,1.);
#3942 = DIRECTION('',(-1.,0.,0.));
#3943 = ORIENTED_EDGE('',*,*,#3944,.F.);
#3944 = EDGE_CURVE('',#3928,#3937,#3945,.T.);
#3945 = LINE('',#3946,#3947);
#3946 = CARTESIAN_POINT('',(0.2,-3.61,0.85));
#3947 = VECTOR('',#3948,1.);
#3948 = DIRECTION('',(0.,-1.,0.));
#3949 = PLANE('',#3950);
#3950 = AXIS2_PLACEMENT_3D('',#3951,#3952,#3953);
#3951 = CARTESIAN_POINT('',(5.5,-3.61,0.85));
#3952 = DIRECTION('',(-0.,-0.,-1.));
#3953 = DIRECTION('',(-1.,0.,0.));
#3954 = ADVANCED_FACE('',(#3955),#3998,.F.);
#3955 = FACE_BOUND('',#3956,.F.);
#3956 = EDGE_LOOP('',(#3957,#3968,#3974,#3975,#3976,#3984,#3992));
#3957 = ORIENTED_EDGE('',*,*,#3958,.T.);
#3958 = EDGE_CURVE('',#3959,#3961,#3963,.T.);
#3959 = VERTEX_POINT('',#3960);
#3960 = CARTESIAN_POINT('',(-0.2,-4.01,0.85));
#3961 = VERTEX_POINT('',#3962);
#3962 = CARTESIAN_POINT('',(0.2,-4.01,1.25));
#3963 = CIRCLE('',#3964,0.4);
#3964 = AXIS2_PLACEMENT_3D('',#3965,#3966,#3967);
#3965 = CARTESIAN_POINT('',(0.2,-4.01,0.85));
#3966 = DIRECTION('',(0.,1.,0.));
#3967 = DIRECTION('',(0.,0.,-1.));
#3968 = ORIENTED_EDGE('',*,*,#3969,.T.);
#3969 = EDGE_CURVE('',#3961,#2753,#3970,.T.);
#3970 = LINE('',#3971,#3972);
#3971 = CARTESIAN_POINT('',(-0.2,-4.01,1.25));
#3972 = VECTOR('',#3973,1.);
#3973 = DIRECTION('',(1.,0.,0.));
#3974 = ORIENTED_EDGE('',*,*,#2760,.T.);
#3975 = ORIENTED_EDGE('',*,*,#3936,.T.);
#3976 = ORIENTED_EDGE('',*,*,#3977,.T.);
#3977 = EDGE_CURVE('',#3937,#3978,#3980,.T.);
#3978 = VERTEX_POINT('',#3979);
#3979 = CARTESIAN_POINT('',(0.2,-4.01,-2.3));
#3980 = LINE('',#3981,#3982);
#3981 = CARTESIAN_POINT('',(0.2,-4.01,0.85));
#3982 = VECTOR('',#3983,1.);
#3983 = DIRECTION('',(0.,0.,-1.));
#3984 = ORIENTED_EDGE('',*,*,#3985,.T.);
#3985 = EDGE_CURVE('',#3978,#3986,#3988,.T.);
#3986 = VERTEX_POINT('',#3987);
#3987 = CARTESIAN_POINT('',(-0.2,-4.01,-2.3));
#3988 = LINE('',#3989,#3990);
#3989 = CARTESIAN_POINT('',(0.2,-4.01,-2.3));
#3990 = VECTOR('',#3991,1.);
#3991 = DIRECTION('',(-1.,0.,0.));
#3992 = ORIENTED_EDGE('',*,*,#3993,.T.);
#3993 = EDGE_CURVE('',#3986,#3959,#3994,.T.);
#3994 = LINE('',#3995,#3996);
#3995 = CARTESIAN_POINT('',(-0.2,-4.01,-2.4));
#3996 = VECTOR('',#3997,1.);
#3997 = DIRECTION('',(0.,0.,1.));
#3998 = PLANE('',#3999);
#3999 = AXIS2_PLACEMENT_3D('',#4000,#4001,#4002);
#4000 = CARTESIAN_POINT('',(1.728877005348,-4.01,0.346122994652));
#4001 = DIRECTION('',(-4.755018855173E-33,1.,1.021399522613E-33));
#4002 = DIRECTION('',(1.,4.755018855173E-33,1.117978399067E-82));
#4003 = ADVANCED_FACE('',(#4004),#4022,.T.);
#4004 = FACE_BOUND('',#4005,.T.);
#4005 = EDGE_LOOP('',(#4006,#4014,#4020,#4021));
#4006 = ORIENTED_EDGE('',*,*,#4007,.F.);
#4007 = EDGE_CURVE('',#4008,#2745,#4010,.T.);
#4008 = VERTEX_POINT('',#4009);
#4009 = CARTESIAN_POINT('',(0.2,-3.61,1.25));
#4010 = LINE('',#4011,#4012);
#4011 = CARTESIAN_POINT('',(-0.2,-3.61,1.25));
#4012 = VECTOR('',#4013,1.);
#4013 = DIRECTION('',(1.,0.,0.));
#4014 = ORIENTED_EDGE('',*,*,#4015,.T.);
#4015 = EDGE_CURVE('',#4008,#3961,#4016,.T.);
#4016 = LINE('',#4017,#4018);
#4017 = CARTESIAN_POINT('',(0.2,-3.61,1.25));
#4018 = VECTOR('',#4019,1.);
#4019 = DIRECTION('',(0.,-1.,0.));
#4020 = ORIENTED_EDGE('',*,*,#3969,.T.);
#4021 = ORIENTED_EDGE('',*,*,#2752,.T.);
#4022 = PLANE('',#4023);
#4023 = AXIS2_PLACEMENT_3D('',#4024,#4025,#4026);
#4024 = CARTESIAN_POINT('',(-0.2,-3.61,1.25));
#4025 = DIRECTION('',(0.,0.,1.));
#4026 = DIRECTION('',(1.,0.,-0.));
#4027 = ADVANCED_FACE('',(#4028),#4064,.T.);
#4028 = FACE_BOUND('',#4029,.T.);
#4029 = EDGE_LOOP('',(#4030,#4039,#4040,#4041,#4042,#4050,#4058));
#4030 = ORIENTED_EDGE('',*,*,#4031,.T.);
#4031 = EDGE_CURVE('',#4032,#4008,#4034,.T.);
#4032 = VERTEX_POINT('',#4033);
#4033 = CARTESIAN_POINT('',(-0.2,-3.61,0.85));
#4034 = CIRCLE('',#4035,0.4);
#4035 = AXIS2_PLACEMENT_3D('',#4036,#4037,#4038);
#4036 = CARTESIAN_POINT('',(0.2,-3.61,0.85));
#4037 = DIRECTION('',(0.,1.,0.));
#4038 = DIRECTION('',(0.,0.,-1.));
#4039 = ORIENTED_EDGE('',*,*,#4007,.T.);
#4040 = ORIENTED_EDGE('',*,*,#2744,.T.);
#4041 = ORIENTED_EDGE('',*,*,#3927,.T.);
#4042 = ORIENTED_EDGE('',*,*,#4043,.T.);
#4043 = EDGE_CURVE('',#3928,#4044,#4046,.T.);
#4044 = VERTEX_POINT('',#4045);
#4045 = CARTESIAN_POINT('',(0.2,-3.61,-2.3));
#4046 = LINE('',#4047,#4048);
#4047 = CARTESIAN_POINT('',(0.2,-3.61,0.85));
#4048 = VECTOR('',#4049,1.);
#4049 = DIRECTION('',(0.,0.,-1.));
#4050 = ORIENTED_EDGE('',*,*,#4051,.T.);
#4051 = EDGE_CURVE('',#4044,#4052,#4054,.T.);
#4052 = VERTEX_POINT('',#4053);
#4053 = CARTESIAN_POINT('',(-0.2,-3.61,-2.3));
#4054 = LINE('',#4055,#4056);
#4055 = CARTESIAN_POINT('',(0.2,-3.61,-2.3));
#4056 = VECTOR('',#4057,1.);
#4057 = DIRECTION('',(-1.,0.,0.));
#4058 = ORIENTED_EDGE('',*,*,#4059,.T.);
#4059 = EDGE_CURVE('',#4052,#4032,#4060,.T.);
#4060 = LINE('',#4061,#4062);
#4061 = CARTESIAN_POINT('',(-0.2,-3.61,-2.4));
#4062 = VECTOR('',#4063,1.);
#4063 = DIRECTION('',(0.,0.,1.));
#4064 = PLANE('',#4065);
#4065 = AXIS2_PLACEMENT_3D('',#4066,#4067,#4068);
#4066 = CARTESIAN_POINT('',(1.728877005348,-3.61,0.346122994652));
#4067 = DIRECTION('',(-4.755018855173E-33,1.,1.021399522613E-33));
#4068 = DIRECTION('',(1.,4.755018855173E-33,1.117978399067E-82));
#4069 = ADVANCED_FACE('',(#4070),#4095,.T.);
#4070 = FACE_BOUND('',#4071,.T.);
#4071 = EDGE_LOOP('',(#4072,#4073,#4081,#4089));
#4072 = ORIENTED_EDGE('',*,*,#2961,.F.);
#4073 = ORIENTED_EDGE('',*,*,#4074,.T.);
#4074 = EDGE_CURVE('',#2962,#4075,#4077,.T.);
#4075 = VERTEX_POINT('',#4076);
#4076 = CARTESIAN_POINT('',(5.4,-2.34,1.25));
#4077 = LINE('',#4078,#4079);
#4078 = CARTESIAN_POINT('',(-0.2,-2.34,1.25));
#4079 = VECTOR('',#4080,1.);
#4080 = DIRECTION('',(1.,0.,0.));
#4081 = ORIENTED_EDGE('',*,*,#4082,.T.);
#4082 = EDGE_CURVE('',#4075,#4083,#4085,.T.);
#4083 = VERTEX_POINT('',#4084);
#4084 = CARTESIAN_POINT('',(5.4,-2.34,0.85));
#4085 = LINE('',#4086,#4087);
#4086 = CARTESIAN_POINT('',(5.4,-2.34,1.25));
#4087 = VECTOR('',#4088,1.);
#4088 = DIRECTION('',(0.,0.,-1.));
#4089 = ORIENTED_EDGE('',*,*,#4090,.T.);
#4090 = EDGE_CURVE('',#4083,#2964,#4091,.T.);
#4091 = LINE('',#4092,#4093);
#4092 = CARTESIAN_POINT('',(5.5,-2.34,0.85));
#4093 = VECTOR('',#4094,1.);
#4094 = DIRECTION('',(-1.,0.,0.));
#4095 = PLANE('',#4096);
#4096 = AXIS2_PLACEMENT_3D('',#4097,#4098,#4099);
#4097 = CARTESIAN_POINT('',(1.728877005348,-2.34,0.346122994652));
#4098 = DIRECTION('',(-4.755018855173E-33,1.,1.021399522613E-33));
#4099 = DIRECTION('',(1.,4.755018855173E-33,1.117978399067E-82));
#4100 = ADVANCED_FACE('',(#4101),#4119,.T.);
#4101 = FACE_BOUND('',#4102,.T.);
#4102 = EDGE_LOOP('',(#4103,#4104,#4112,#4118));
#4103 = ORIENTED_EDGE('',*,*,#4090,.F.);
#4104 = ORIENTED_EDGE('',*,*,#4105,.T.);
#4105 = EDGE_CURVE('',#4083,#4106,#4108,.T.);
#4106 = VERTEX_POINT('',#4107);
#4107 = CARTESIAN_POINT('',(5.4,-2.74,0.85));
#4108 = LINE('',#4109,#4110);
#4109 = CARTESIAN_POINT('',(5.4,-2.34,0.85));
#4110 = VECTOR('',#4111,1.);
#4111 = DIRECTION('',(0.,-1.,0.));
#4112 = ORIENTED_EDGE('',*,*,#4113,.T.);
#4113 = EDGE_CURVE('',#4106,#2980,#4114,.T.);
#4114 = LINE('',#4115,#4116);
#4115 = CARTESIAN_POINT('',(5.5,-2.74,0.85));
#4116 = VECTOR('',#4117,1.);
#4117 = DIRECTION('',(-1.,0.,0.));
#4118 = ORIENTED_EDGE('',*,*,#2987,.F.);
#4119 = PLANE('',#4120);
#4120 = AXIS2_PLACEMENT_3D('',#4121,#4122,#4123);
#4121 = CARTESIAN_POINT('',(5.5,-2.34,0.85));
#4122 = DIRECTION('',(-0.,-0.,-1.));
#4123 = DIRECTION('',(-1.,0.,0.));
#4124 = ADVANCED_FACE('',(#4125),#4143,.F.);
#4125 = FACE_BOUND('',#4126,.F.);
#4126 = EDGE_LOOP('',(#4127,#4128,#4136,#4142));
#4127 = ORIENTED_EDGE('',*,*,#2979,.F.);
#4128 = ORIENTED_EDGE('',*,*,#4129,.T.);
#4129 = EDGE_CURVE('',#2972,#4130,#4132,.T.);
#4130 = VERTEX_POINT('',#4131);
#4131 = CARTESIAN_POINT('',(5.4,-2.74,1.25));
#4132 = LINE('',#4133,#4134);
#4133 = CARTESIAN_POINT('',(-0.2,-2.74,1.25));
#4134 = VECTOR('',#4135,1.);
#4135 = DIRECTION('',(1.,0.,0.));
#4136 = ORIENTED_EDGE('',*,*,#4137,.T.);
#4137 = EDGE_CURVE('',#4130,#4106,#4138,.T.);
#4138 = LINE('',#4139,#4140);
#4139 = CARTESIAN_POINT('',(5.4,-2.74,1.25));
#4140 = VECTOR('',#4141,1.);
#4141 = DIRECTION('',(0.,0.,-1.));
#4142 = ORIENTED_EDGE('',*,*,#4113,.T.);
#4143 = PLANE('',#4144);
#4144 = AXIS2_PLACEMENT_3D('',#4145,#4146,#4147);
#4145 = CARTESIAN_POINT('',(1.728877005348,-2.74,0.346122994652));
#4146 = DIRECTION('',(-4.755018855173E-33,1.,1.021399522613E-33));
#4147 = DIRECTION('',(1.,4.755018855173E-33,1.117978399067E-82));
#4148 = ADVANCED_FACE('',(#4149),#4160,.T.);
#4149 = FACE_BOUND('',#4150,.T.);
#4150 = EDGE_LOOP('',(#4151,#4152,#4153,#4154));
#4151 = ORIENTED_EDGE('',*,*,#4074,.F.);
#4152 = ORIENTED_EDGE('',*,*,#2971,.F.);
#4153 = ORIENTED_EDGE('',*,*,#4129,.T.);
#4154 = ORIENTED_EDGE('',*,*,#4155,.F.);
#4155 = EDGE_CURVE('',#4075,#4130,#4156,.T.);
#4156 = LINE('',#4157,#4158);
#4157 = CARTESIAN_POINT('',(5.4,-2.34,1.25));
#4158 = VECTOR('',#4159,1.);
#4159 = DIRECTION('',(0.,-1.,0.));
#4160 = PLANE('',#4161);
#4161 = AXIS2_PLACEMENT_3D('',#4162,#4163,#4164);
#4162 = CARTESIAN_POINT('',(-0.2,-2.34,1.25));
#4163 = DIRECTION('',(0.,0.,1.));
#4164 = DIRECTION('',(1.,0.,-0.));
#4165 = ADVANCED_FACE('',(#4166),#4191,.T.);
#4166 = FACE_BOUND('',#4167,.T.);
#4167 = EDGE_LOOP('',(#4168,#4176,#4177,#4185));
#4168 = ORIENTED_EDGE('',*,*,#4169,.F.);
#4169 = EDGE_CURVE('',#2998,#4170,#4172,.T.);
#4170 = VERTEX_POINT('',#4171);
#4171 = CARTESIAN_POINT('',(5.4,-1.07,1.25));
#4172 = LINE('',#4173,#4174);
#4173 = CARTESIAN_POINT('',(-0.2,-1.07,1.25));
#4174 = VECTOR('',#4175,1.);
#4175 = DIRECTION('',(1.,0.,0.));
#4176 = ORIENTED_EDGE('',*,*,#2995,.F.);
#4177 = ORIENTED_EDGE('',*,*,#4178,.T.);
#4178 = EDGE_CURVE('',#2996,#4179,#4181,.T.);
#4179 = VERTEX_POINT('',#4180);
#4180 = CARTESIAN_POINT('',(5.4,-1.47,1.25));
#4181 = LINE('',#4182,#4183);
#4182 = CARTESIAN_POINT('',(-0.2,-1.47,1.25));
#4183 = VECTOR('',#4184,1.);
#4184 = DIRECTION('',(1.,0.,0.));
#4185 = ORIENTED_EDGE('',*,*,#4186,.F.);
#4186 = EDGE_CURVE('',#4170,#4179,#4187,.T.);
#4187 = LINE('',#4188,#4189);
#4188 = CARTESIAN_POINT('',(5.4,-1.07,1.25));
#4189 = VECTOR('',#4190,1.);
#4190 = DIRECTION('',(0.,-1.,0.));
#4191 = PLANE('',#4192);
#4192 = AXIS2_PLACEMENT_3D('',#4193,#4194,#4195);
#4193 = CARTESIAN_POINT('',(-0.2,-1.07,1.25));
#4194 = DIRECTION('',(0.,0.,1.));
#4195 = DIRECTION('',(1.,0.,-0.));
#4196 = ADVANCED_FACE('',(#4197),#4215,.T.);
#4197 = FACE_BOUND('',#4198,.T.);
#4198 = EDGE_LOOP('',(#4199,#4200,#4201,#4209));
#4199 = ORIENTED_EDGE('',*,*,#3021,.F.);
#4200 = ORIENTED_EDGE('',*,*,#4169,.T.);
#4201 = ORIENTED_EDGE('',*,*,#4202,.T.);
#4202 = EDGE_CURVE('',#4170,#4203,#4205,.T.);
#4203 = VERTEX_POINT('',#4204);
#4204 = CARTESIAN_POINT('',(5.4,-1.07,0.85));
#4205 = LINE('',#4206,#4207);
#4206 = CARTESIAN_POINT('',(5.4,-1.07,1.25));
#4207 = VECTOR('',#4208,1.);
#4208 = DIRECTION('',(0.,0.,-1.));
#4209 = ORIENTED_EDGE('',*,*,#4210,.T.);
#4210 = EDGE_CURVE('',#4203,#3014,#4211,.T.);
#4211 = LINE('',#4212,#4213);
#4212 = CARTESIAN_POINT('',(5.5,-1.07,0.85));
#4213 = VECTOR('',#4214,1.);
#4214 = DIRECTION('',(-1.,0.,0.));
#4215 = PLANE('',#4216);
#4216 = AXIS2_PLACEMENT_3D('',#4217,#4218,#4219);
#4217 = CARTESIAN_POINT('',(1.728877005348,-1.07,0.346122994652));
#4218 = DIRECTION('',(-4.755018855173E-33,1.,1.021399522613E-33));
#4219 = DIRECTION('',(1.,4.755018855173E-33,1.117978399067E-82));
#4220 = ADVANCED_FACE('',(#4221),#4239,.T.);
#4221 = FACE_BOUND('',#4222,.T.);
#4222 = EDGE_LOOP('',(#4223,#4224,#4232,#4238));
#4223 = ORIENTED_EDGE('',*,*,#4210,.F.);
#4224 = ORIENTED_EDGE('',*,*,#4225,.T.);
#4225 = EDGE_CURVE('',#4203,#4226,#4228,.T.);
#4226 = VERTEX_POINT('',#4227);
#4227 = CARTESIAN_POINT('',(5.4,-1.47,0.85));
#4228 = LINE('',#4229,#4230);
#4229 = CARTESIAN_POINT('',(5.4,-1.07,0.85));
#4230 = VECTOR('',#4231,1.);
#4231 = DIRECTION('',(0.,-1.,0.));
#4232 = ORIENTED_EDGE('',*,*,#4233,.T.);
#4233 = EDGE_CURVE('',#4226,#3006,#4234,.T.);
#4234 = LINE('',#4235,#4236);
#4235 = CARTESIAN_POINT('',(5.5,-1.47,0.85));
#4236 = VECTOR('',#4237,1.);
#4237 = DIRECTION('',(-1.,0.,0.));
#4238 = ORIENTED_EDGE('',*,*,#3013,.F.);
#4239 = PLANE('',#4240);
#4240 = AXIS2_PLACEMENT_3D('',#4241,#4242,#4243);
#4241 = CARTESIAN_POINT('',(5.5,-1.07,0.85));
#4242 = DIRECTION('',(-0.,-0.,-1.));
#4243 = DIRECTION('',(-1.,0.,0.));
#4244 = ADVANCED_FACE('',(#4245),#4256,.F.);
#4245 = FACE_BOUND('',#4246,.F.);
#4246 = EDGE_LOOP('',(#4247,#4248,#4249,#4255));
#4247 = ORIENTED_EDGE('',*,*,#3005,.F.);
#4248 = ORIENTED_EDGE('',*,*,#4178,.T.);
#4249 = ORIENTED_EDGE('',*,*,#4250,.T.);
#4250 = EDGE_CURVE('',#4179,#4226,#4251,.T.);
#4251 = LINE('',#4252,#4253);
#4252 = CARTESIAN_POINT('',(5.4,-1.47,1.25));
#4253 = VECTOR('',#4254,1.);
#4254 = DIRECTION('',(0.,0.,-1.));
#4255 = ORIENTED_EDGE('',*,*,#4233,.T.);
#4256 = PLANE('',#4257);
#4257 = AXIS2_PLACEMENT_3D('',#4258,#4259,#4260);
#4258 = CARTESIAN_POINT('',(1.728877005348,-1.47,0.346122994652));
#4259 = DIRECTION('',(-4.755018855173E-33,1.,1.021399522613E-33));
#4260 = DIRECTION('',(1.,4.755018855173E-33,1.117978399067E-82));
#4261 = ADVANCED_FACE('',(#4262),#4287,.T.);
#4262 = FACE_BOUND('',#4263,.T.);
#4263 = EDGE_LOOP('',(#4264,#4272,#4280,#4286));
#4264 = ORIENTED_EDGE('',*,*,#4265,.F.);
#4265 = EDGE_CURVE('',#4266,#3030,#4268,.T.);
#4266 = VERTEX_POINT('',#4267);
#4267 = CARTESIAN_POINT('',(5.4,0.2,0.85));
#4268 = LINE('',#4269,#4270);
#4269 = CARTESIAN_POINT('',(5.5,0.2,0.85));
#4270 = VECTOR('',#4271,1.);
#4271 = DIRECTION('',(-1.,0.,0.));
#4272 = ORIENTED_EDGE('',*,*,#4273,.T.);
#4273 = EDGE_CURVE('',#4266,#4274,#4276,.T.);
#4274 = VERTEX_POINT('',#4275);
#4275 = CARTESIAN_POINT('',(5.4,-0.2,0.85));
#4276 = LINE('',#4277,#4278);
#4277 = CARTESIAN_POINT('',(5.4,0.2,0.85));
#4278 = VECTOR('',#4279,1.);
#4279 = DIRECTION('',(0.,-1.,0.));
#4280 = ORIENTED_EDGE('',*,*,#4281,.T.);
#4281 = EDGE_CURVE('',#4274,#3032,#4282,.T.);
#4282 = LINE('',#4283,#4284);
#4283 = CARTESIAN_POINT('',(5.5,-0.2,0.85));
#4284 = VECTOR('',#4285,1.);
#4285 = DIRECTION('',(-1.,0.,0.));
#4286 = ORIENTED_EDGE('',*,*,#3029,.F.);
#4287 = PLANE('',#4288);
#4288 = AXIS2_PLACEMENT_3D('',#4289,#4290,#4291);
#4289 = CARTESIAN_POINT('',(5.5,0.2,0.85));
#4290 = DIRECTION('',(-0.,-0.,-1.));
#4291 = DIRECTION('',(-1.,0.,0.));
#4292 = ADVANCED_FACE('',(#4293),#4311,.F.);
#4293 = FACE_BOUND('',#4294,.F.);
#4294 = EDGE_LOOP('',(#4295,#4296,#4304,#4310));
#4295 = ORIENTED_EDGE('',*,*,#3055,.F.);
#4296 = ORIENTED_EDGE('',*,*,#4297,.T.);
#4297 = EDGE_CURVE('',#3048,#4298,#4300,.T.);
#4298 = VERTEX_POINT('',#4299);
#4299 = CARTESIAN_POINT('',(5.4,-0.2,1.25));
#4300 = LINE('',#4301,#4302);
#4301 = CARTESIAN_POINT('',(-0.2,-0.2,1.25));
#4302 = VECTOR('',#4303,1.);
#4303 = DIRECTION('',(1.,0.,0.));
#4304 = ORIENTED_EDGE('',*,*,#4305,.T.);
#4305 = EDGE_CURVE('',#4298,#4274,#4306,.T.);
#4306 = LINE('',#4307,#4308);
#4307 = CARTESIAN_POINT('',(5.4,-0.2,1.25));
#4308 = VECTOR('',#4309,1.);
#4309 = DIRECTION('',(0.,0.,-1.));
#4310 = ORIENTED_EDGE('',*,*,#4281,.T.);
#4311 = PLANE('',#4312);
#4312 = AXIS2_PLACEMENT_3D('',#4313,#4314,#4315);
#4313 = CARTESIAN_POINT('',(1.728877005348,-0.2,0.346122994652));
#4314 = DIRECTION('',(-4.755018855173E-33,1.,1.021399522613E-33));
#4315 = DIRECTION('',(1.,4.755018855173E-33,1.117978399067E-82));
#4316 = ADVANCED_FACE('',(#4317),#4335,.T.);
#4317 = FACE_BOUND('',#4318,.T.);
#4318 = EDGE_LOOP('',(#4319,#4327,#4328,#4329));
#4319 = ORIENTED_EDGE('',*,*,#4320,.F.);
#4320 = EDGE_CURVE('',#3040,#4321,#4323,.T.);
#4321 = VERTEX_POINT('',#4322);
#4322 = CARTESIAN_POINT('',(5.4,0.2,1.25));
#4323 = LINE('',#4324,#4325);
#4324 = CARTESIAN_POINT('',(-0.2,0.2,1.25));
#4325 = VECTOR('',#4326,1.);
#4326 = DIRECTION('',(1.,0.,0.));
#4327 = ORIENTED_EDGE('',*,*,#3047,.F.);
#4328 = ORIENTED_EDGE('',*,*,#4297,.T.);
#4329 = ORIENTED_EDGE('',*,*,#4330,.F.);
#4330 = EDGE_CURVE('',#4321,#4298,#4331,.T.);
#4331 = LINE('',#4332,#4333);
#4332 = CARTESIAN_POINT('',(5.4,0.2,1.25));
#4333 = VECTOR('',#4334,1.);
#4334 = DIRECTION('',(0.,-1.,0.));
#4335 = PLANE('',#4336);
#4336 = AXIS2_PLACEMENT_3D('',#4337,#4338,#4339);
#4337 = CARTESIAN_POINT('',(-0.2,0.2,1.25));
#4338 = DIRECTION('',(0.,0.,1.));
#4339 = DIRECTION('',(1.,0.,-0.));
#4340 = ADVANCED_FACE('',(#4341),#4352,.T.);
#4341 = FACE_BOUND('',#4342,.T.);
#4342 = EDGE_LOOP('',(#4343,#4344,#4345,#4351));
#4343 = ORIENTED_EDGE('',*,*,#3039,.F.);
#4344 = ORIENTED_EDGE('',*,*,#4320,.T.);
#4345 = ORIENTED_EDGE('',*,*,#4346,.T.);
#4346 = EDGE_CURVE('',#4321,#4266,#4347,.T.);
#4347 = LINE('',#4348,#4349);
#4348 = CARTESIAN_POINT('',(5.4,0.2,1.25));
#4349 = VECTOR('',#4350,1.);
#4350 = DIRECTION('',(0.,0.,-1.));
#4351 = ORIENTED_EDGE('',*,*,#4265,.T.);
#4352 = PLANE('',#4353);
#4353 = AXIS2_PLACEMENT_3D('',#4354,#4355,#4356);
#4354 = CARTESIAN_POINT('',(1.728877005348,0.2,0.346122994652));
#4355 = DIRECTION('',(-4.755018855173E-33,1.,1.021399522613E-33));
#4356 = DIRECTION('',(1.,4.755018855173E-33,1.117978399067E-82));
#4357 = ADVANCED_FACE('',(#4358),#4383,.T.);
#4358 = FACE_BOUND('',#4359,.T.);
#4359 = EDGE_LOOP('',(#4360,#4368,#4376,#4382));
#4360 = ORIENTED_EDGE('',*,*,#4361,.F.);
#4361 = EDGE_CURVE('',#4362,#3064,#4364,.T.);
#4362 = VERTEX_POINT('',#4363);
#4363 = CARTESIAN_POINT('',(5.4,-3.61,0.85));
#4364 = LINE('',#4365,#4366);
#4365 = CARTESIAN_POINT('',(5.5,-3.61,0.85));
#4366 = VECTOR('',#4367,1.);
#4367 = DIRECTION('',(-1.,0.,0.));
#4368 = ORIENTED_EDGE('',*,*,#4369,.T.);
#4369 = EDGE_CURVE('',#4362,#4370,#4372,.T.);
#4370 = VERTEX_POINT('',#4371);
#4371 = CARTESIAN_POINT('',(5.4,-4.01,0.85));
#4372 = LINE('',#4373,#4374);
#4373 = CARTESIAN_POINT('',(5.4,-3.61,0.85));
#4374 = VECTOR('',#4375,1.);
#4375 = DIRECTION('',(0.,-1.,0.));
#4376 = ORIENTED_EDGE('',*,*,#4377,.T.);
#4377 = EDGE_CURVE('',#4370,#3066,#4378,.T.);
#4378 = LINE('',#4379,#4380);
#4379 = CARTESIAN_POINT('',(5.5,-4.01,0.85));
#4380 = VECTOR('',#4381,1.);
#4381 = DIRECTION('',(-1.,0.,0.));
#4382 = ORIENTED_EDGE('',*,*,#3063,.F.);
#4383 = PLANE('',#4384);
#4384 = AXIS2_PLACEMENT_3D('',#4385,#4386,#4387);
#4385 = CARTESIAN_POINT('',(5.5,-3.61,0.85));
#4386 = DIRECTION('',(-0.,-0.,-1.));
#4387 = DIRECTION('',(-1.,0.,0.));
#4388 = ADVANCED_FACE('',(#4389),#4407,.F.);
#4389 = FACE_BOUND('',#4390,.F.);
#4390 = EDGE_LOOP('',(#4391,#4392,#4400,#4406));
#4391 = ORIENTED_EDGE('',*,*,#3089,.F.);
#4392 = ORIENTED_EDGE('',*,*,#4393,.T.);
#4393 = EDGE_CURVE('',#3082,#4394,#4396,.T.);
#4394 = VERTEX_POINT('',#4395);
#4395 = CARTESIAN_POINT('',(5.4,-4.01,1.25));
#4396 = LINE('',#4397,#4398);
#4397 = CARTESIAN_POINT('',(-0.2,-4.01,1.25));
#4398 = VECTOR('',#4399,1.);
#4399 = DIRECTION('',(1.,0.,0.));
#4400 = ORIENTED_EDGE('',*,*,#4401,.T.);
#4401 = EDGE_CURVE('',#4394,#4370,#4402,.T.);
#4402 = LINE('',#4403,#4404);
#4403 = CARTESIAN_POINT('',(5.4,-4.01,1.25));
#4404 = VECTOR('',#4405,1.);
#4405 = DIRECTION('',(0.,0.,-1.));
#4406 = ORIENTED_EDGE('',*,*,#4377,.T.);
#4407 = PLANE('',#4408);
#4408 = AXIS2_PLACEMENT_3D('',#4409,#4410,#4411);
#4409 = CARTESIAN_POINT('',(1.728877005348,-4.01,0.346122994652));
#4410 = DIRECTION('',(-4.755018855173E-33,1.,1.021399522613E-33));
#4411 = DIRECTION('',(1.,4.755018855173E-33,1.117978399067E-82));
#4412 = ADVANCED_FACE('',(#4413),#4431,.T.);
#4413 = FACE_BOUND('',#4414,.T.);
#4414 = EDGE_LOOP('',(#4415,#4423,#4424,#4425));
#4415 = ORIENTED_EDGE('',*,*,#4416,.F.);
#4416 = EDGE_CURVE('',#3074,#4417,#4419,.T.);
#4417 = VERTEX_POINT('',#4418);
#4418 = CARTESIAN_POINT('',(5.4,-3.61,1.25));
#4419 = LINE('',#4420,#4421);
#4420 = CARTESIAN_POINT('',(-0.2,-3.61,1.25));
#4421 = VECTOR('',#4422,1.);
#4422 = DIRECTION('',(1.,0.,0.));
#4423 = ORIENTED_EDGE('',*,*,#3081,.F.);
#4424 = ORIENTED_EDGE('',*,*,#4393,.T.);
#4425 = ORIENTED_EDGE('',*,*,#4426,.F.);
#4426 = EDGE_CURVE('',#4417,#4394,#4427,.T.);
#4427 = LINE('',#4428,#4429);
#4428 = CARTESIAN_POINT('',(5.4,-3.61,1.25));
#4429 = VECTOR('',#4430,1.);
#4430 = DIRECTION('',(0.,-1.,0.));
#4431 = PLANE('',#4432);
#4432 = AXIS2_PLACEMENT_3D('',#4433,#4434,#4435);
#4433 = CARTESIAN_POINT('',(-0.2,-3.61,1.25));
#4434 = DIRECTION('',(0.,0.,1.));
#4435 = DIRECTION('',(1.,0.,-0.));
#4436 = ADVANCED_FACE('',(#4437),#4448,.T.);
#4437 = FACE_BOUND('',#4438,.T.);
#4438 = EDGE_LOOP('',(#4439,#4440,#4441,#4447));
#4439 = ORIENTED_EDGE('',*,*,#3073,.F.);
#4440 = ORIENTED_EDGE('',*,*,#4416,.T.);
#4441 = ORIENTED_EDGE('',*,*,#4442,.T.);
#4442 = EDGE_CURVE('',#4417,#4362,#4443,.T.);
#4443 = LINE('',#4444,#4445);
#4444 = CARTESIAN_POINT('',(5.4,-3.61,1.25));
#4445 = VECTOR('',#4446,1.);
#4446 = DIRECTION('',(0.,0.,-1.));
#4447 = ORIENTED_EDGE('',*,*,#4361,.T.);
#4448 = PLANE('',#4449);
#4449 = AXIS2_PLACEMENT_3D('',#4450,#4451,#4452);
#4450 = CARTESIAN_POINT('',(1.728877005348,-3.61,0.346122994652));
#4451 = DIRECTION('',(-4.755018855173E-33,1.,1.021399522613E-33));
#4452 = DIRECTION('',(1.,4.755018855173E-33,1.117978399067E-82));
#4453 = ADVANCED_FACE('',(#4454),#4465,.T.);
#4454 = FACE_BOUND('',#4455,.T.);
#4455 = EDGE_LOOP('',(#4456,#4462,#4463,#4464));
#4456 = ORIENTED_EDGE('',*,*,#4457,.T.);
#4457 = EDGE_CURVE('',#3490,#3570,#4458,.T.);
#4458 = LINE('',#4459,#4460);
#4459 = CARTESIAN_POINT('',(-0.2,-2.34,0.85));
#4460 = VECTOR('',#4461,1.);
#4461 = DIRECTION('',(0.,-1.,0.));
#4462 = ORIENTED_EDGE('',*,*,#3569,.T.);
#4463 = ORIENTED_EDGE('',*,*,#3619,.F.);
#4464 = ORIENTED_EDGE('',*,*,#3489,.F.);
#4465 = CYLINDRICAL_SURFACE('',#4466,0.4);
#4466 = AXIS2_PLACEMENT_3D('',#4467,#4468,#4469);
#4467 = CARTESIAN_POINT('',(0.2,-2.34,0.85));
#4468 = DIRECTION('',(0.,-1.,0.));
#4469 = DIRECTION('',(-1.,0.,0.));
#4470 = ADVANCED_FACE('',(#4471),#4482,.T.);
#4471 = FACE_BOUND('',#4472,.T.);
#4472 = EDGE_LOOP('',(#4473,#4474,#4480,#4481));
#4473 = ORIENTED_EDGE('',*,*,#3531,.F.);
#4474 = ORIENTED_EDGE('',*,*,#4475,.T.);
#4475 = EDGE_CURVE('',#3524,#3597,#4476,.T.);
#4476 = LINE('',#4477,#4478);
#4477 = CARTESIAN_POINT('',(-0.2,-2.34,-2.3));
#4478 = VECTOR('',#4479,1.);
#4479 = DIRECTION('',(0.,-1.,0.));
#4480 = ORIENTED_EDGE('',*,*,#3604,.T.);
#4481 = ORIENTED_EDGE('',*,*,#4457,.F.);
#4482 = PLANE('',#4483);
#4483 = AXIS2_PLACEMENT_3D('',#4484,#4485,#4486);
#4484 = CARTESIAN_POINT('',(-0.2,-2.34,-2.4));
#4485 = DIRECTION('',(-1.,0.,0.));
#4486 = DIRECTION('',(0.,0.,1.));
#4487 = ADVANCED_FACE('',(#4488),#4513,.T.);
#4488 = FACE_BOUND('',#4489,.F.);
#4489 = EDGE_LOOP('',(#4490,#4498,#4499,#4507));
#4490 = ORIENTED_EDGE('',*,*,#4491,.T.);
#4491 = EDGE_CURVE('',#4492,#3516,#4494,.T.);
#4492 = VERTEX_POINT('',#4493);
#4493 = CARTESIAN_POINT('',(0.1,-2.44,-2.4));
#4494 = LINE('',#4495,#4496);
#4495 = CARTESIAN_POINT('',(0.166666666667,-2.373333333333,
    -2.333333333333));
#4496 = VECTOR('',#4497,1.);
#4497 = DIRECTION('',(0.57735026919,0.57735026919,0.57735026919));
#4498 = ORIENTED_EDGE('',*,*,#3523,.T.);
#4499 = ORIENTED_EDGE('',*,*,#4500,.T.);
#4500 = EDGE_CURVE('',#3524,#4501,#4503,.T.);
#4501 = VERTEX_POINT('',#4502);
#4502 = CARTESIAN_POINT('',(-0.1,-2.44,-2.4));
#4503 = LINE('',#4504,#4505);
#4504 = CARTESIAN_POINT('',(-0.1,-2.44,-2.4));
#4505 = VECTOR('',#4506,1.);
#4506 = DIRECTION('',(0.57735026919,-0.57735026919,-0.57735026919));
#4507 = ORIENTED_EDGE('',*,*,#4508,.F.);
#4508 = EDGE_CURVE('',#4492,#4501,#4509,.T.);
#4509 = LINE('',#4510,#4511);
#4510 = CARTESIAN_POINT('',(0.2,-2.44,-2.4));
#4511 = VECTOR('',#4512,1.);
#4512 = DIRECTION('',(-1.,0.,0.));
#4513 = PLANE('',#4514);
#4514 = AXIS2_PLACEMENT_3D('',#4515,#4516,#4517);
#4515 = CARTESIAN_POINT('',(0.2,-2.39,-2.35));
#4516 = DIRECTION('',(-1.734896939651E-18,0.707106781187,-0.707106781187
    ));
#4517 = DIRECTION('',(1.,1.226757390687E-18,-1.226757390687E-18));
#4518 = ADVANCED_FACE('',(#4519),#4530,.T.);
#4519 = FACE_BOUND('',#4520,.T.);
#4520 = EDGE_LOOP('',(#4521,#4522,#4523,#4524));
#4521 = ORIENTED_EDGE('',*,*,#3515,.F.);
#4522 = ORIENTED_EDGE('',*,*,#3555,.T.);
#4523 = ORIENTED_EDGE('',*,*,#3588,.T.);
#4524 = ORIENTED_EDGE('',*,*,#4525,.F.);
#4525 = EDGE_CURVE('',#3516,#3589,#4526,.T.);
#4526 = LINE('',#4527,#4528);
#4527 = CARTESIAN_POINT('',(0.2,-2.34,-2.3));
#4528 = VECTOR('',#4529,1.);
#4529 = DIRECTION('',(0.,-1.,0.));
#4530 = PLANE('',#4531);
#4531 = AXIS2_PLACEMENT_3D('',#4532,#4533,#4534);
#4532 = CARTESIAN_POINT('',(0.2,-2.34,0.85));
#4533 = DIRECTION('',(1.,0.,0.));
#4534 = DIRECTION('',(0.,0.,-1.));
#4535 = ADVANCED_FACE('',(#4536),#4561,.F.);
#4536 = FACE_BOUND('',#4537,.F.);
#4537 = EDGE_LOOP('',(#4538,#4546,#4554,#4560));
#4538 = ORIENTED_EDGE('',*,*,#4539,.F.);
#4539 = EDGE_CURVE('',#4540,#3589,#4542,.T.);
#4540 = VERTEX_POINT('',#4541);
#4541 = CARTESIAN_POINT('',(0.1,-2.64,-2.4));
#4542 = LINE('',#4543,#4544);
#4543 = CARTESIAN_POINT('',(0.1,-2.64,-2.4));
#4544 = VECTOR('',#4545,1.);
#4545 = DIRECTION('',(0.57735026919,-0.57735026919,0.57735026919));
#4546 = ORIENTED_EDGE('',*,*,#4547,.T.);
#4547 = EDGE_CURVE('',#4540,#4548,#4550,.T.);
#4548 = VERTEX_POINT('',#4549);
#4549 = CARTESIAN_POINT('',(-0.1,-2.64,-2.4));
#4550 = LINE('',#4551,#4552);
#4551 = CARTESIAN_POINT('',(0.2,-2.64,-2.4));
#4552 = VECTOR('',#4553,1.);
#4553 = DIRECTION('',(-1.,0.,0.));
#4554 = ORIENTED_EDGE('',*,*,#4555,.T.);
#4555 = EDGE_CURVE('',#4548,#3597,#4556,.T.);
#4556 = LINE('',#4557,#4558);
#4557 = CARTESIAN_POINT('',(-3.333333333333E-02,-2.573333333333,
    -2.466666666667));
#4558 = VECTOR('',#4559,1.);
#4559 = DIRECTION('',(-0.57735026919,-0.57735026919,0.57735026919));
#4560 = ORIENTED_EDGE('',*,*,#3596,.F.);
#4561 = PLANE('',#4562);
#4562 = AXIS2_PLACEMENT_3D('',#4563,#4564,#4565);
#4563 = CARTESIAN_POINT('',(0.2,-2.69,-2.35));
#4564 = DIRECTION('',(1.734896939651E-18,0.707106781187,0.707106781187)
  );
#4565 = DIRECTION('',(-1.,1.226757390687E-18,1.226757390687E-18));
#4566 = ADVANCED_FACE('',(#4567),#4578,.T.);
#4567 = FACE_BOUND('',#4568,.T.);
#4568 = EDGE_LOOP('',(#4569,#4575,#4576,#4577));
#4569 = ORIENTED_EDGE('',*,*,#4570,.T.);
#4570 = EDGE_CURVE('',#3667,#3740,#4571,.T.);
#4571 = LINE('',#4572,#4573);
#4572 = CARTESIAN_POINT('',(-0.2,-1.07,0.85));
#4573 = VECTOR('',#4574,1.);
#4574 = DIRECTION('',(0.,-1.,0.));
#4575 = ORIENTED_EDGE('',*,*,#3739,.T.);
#4576 = ORIENTED_EDGE('',*,*,#3643,.F.);
#4577 = ORIENTED_EDGE('',*,*,#3666,.F.);
#4578 = CYLINDRICAL_SURFACE('',#4579,0.4);
#4579 = AXIS2_PLACEMENT_3D('',#4580,#4581,#4582);
#4580 = CARTESIAN_POINT('',(0.2,-1.07,0.85));
#4581 = DIRECTION('',(0.,-1.,0.));
#4582 = DIRECTION('',(-1.,0.,0.));
#4583 = ADVANCED_FACE('',(#4584),#4595,.T.);
#4584 = FACE_BOUND('',#4585,.T.);
#4585 = EDGE_LOOP('',(#4586,#4587,#4593,#4594));
#4586 = ORIENTED_EDGE('',*,*,#3701,.F.);
#4587 = ORIENTED_EDGE('',*,*,#4588,.T.);
#4588 = EDGE_CURVE('',#3694,#3760,#4589,.T.);
#4589 = LINE('',#4590,#4591);
#4590 = CARTESIAN_POINT('',(-0.2,-1.07,-2.3));
#4591 = VECTOR('',#4592,1.);
#4592 = DIRECTION('',(0.,-1.,0.));
#4593 = ORIENTED_EDGE('',*,*,#3767,.T.);
#4594 = ORIENTED_EDGE('',*,*,#4570,.F.);
#4595 = PLANE('',#4596);
#4596 = AXIS2_PLACEMENT_3D('',#4597,#4598,#4599);
#4597 = CARTESIAN_POINT('',(-0.2,-1.07,-2.4));
#4598 = DIRECTION('',(-1.,0.,0.));
#4599 = DIRECTION('',(0.,0.,1.));
#4600 = ADVANCED_FACE('',(#4601),#4626,.T.);
#4601 = FACE_BOUND('',#4602,.F.);
#4602 = EDGE_LOOP('',(#4603,#4611,#4612,#4620));
#4603 = ORIENTED_EDGE('',*,*,#4604,.T.);
#4604 = EDGE_CURVE('',#4605,#3686,#4607,.T.);
#4605 = VERTEX_POINT('',#4606);
#4606 = CARTESIAN_POINT('',(0.1,-1.17,-2.4));
#4607 = LINE('',#4608,#4609);
#4608 = CARTESIAN_POINT('',(0.166666666667,-1.103333333333,
    -2.333333333333));
#4609 = VECTOR('',#4610,1.);
#4610 = DIRECTION('',(0.57735026919,0.57735026919,0.57735026919));
#4611 = ORIENTED_EDGE('',*,*,#3693,.T.);
#4612 = ORIENTED_EDGE('',*,*,#4613,.T.);
#4613 = EDGE_CURVE('',#3694,#4614,#4616,.T.);
#4614 = VERTEX_POINT('',#4615);
#4615 = CARTESIAN_POINT('',(-0.1,-1.17,-2.4));
#4616 = LINE('',#4617,#4618);
#4617 = CARTESIAN_POINT('',(-0.1,-1.17,-2.4));
#4618 = VECTOR('',#4619,1.);
#4619 = DIRECTION('',(0.57735026919,-0.57735026919,-0.57735026919));
#4620 = ORIENTED_EDGE('',*,*,#4621,.F.);
#4621 = EDGE_CURVE('',#4605,#4614,#4622,.T.);
#4622 = LINE('',#4623,#4624);
#4623 = CARTESIAN_POINT('',(0.2,-1.17,-2.4));
#4624 = VECTOR('',#4625,1.);
#4625 = DIRECTION('',(-1.,0.,0.));
#4626 = PLANE('',#4627);
#4627 = AXIS2_PLACEMENT_3D('',#4628,#4629,#4630);
#4628 = CARTESIAN_POINT('',(0.2,-1.12,-2.35));
#4629 = DIRECTION('',(-1.734896939651E-18,0.707106781187,-0.707106781187
    ));
#4630 = DIRECTION('',(1.,1.226757390687E-18,-1.226757390687E-18));
#4631 = ADVANCED_FACE('',(#4632),#4643,.T.);
#4632 = FACE_BOUND('',#4633,.T.);
#4633 = EDGE_LOOP('',(#4634,#4635,#4636,#4637));
#4634 = ORIENTED_EDGE('',*,*,#3685,.F.);
#4635 = ORIENTED_EDGE('',*,*,#3725,.T.);
#4636 = ORIENTED_EDGE('',*,*,#3751,.T.);
#4637 = ORIENTED_EDGE('',*,*,#4638,.F.);
#4638 = EDGE_CURVE('',#3686,#3752,#4639,.T.);
#4639 = LINE('',#4640,#4641);
#4640 = CARTESIAN_POINT('',(0.2,-1.07,-2.3));
#4641 = VECTOR('',#4642,1.);
#4642 = DIRECTION('',(0.,-1.,0.));
#4643 = PLANE('',#4644);
#4644 = AXIS2_PLACEMENT_3D('',#4645,#4646,#4647);
#4645 = CARTESIAN_POINT('',(0.2,-1.07,0.85));
#4646 = DIRECTION('',(1.,0.,0.));
#4647 = DIRECTION('',(0.,0.,-1.));
#4648 = ADVANCED_FACE('',(#4649),#4674,.F.);
#4649 = FACE_BOUND('',#4650,.F.);
#4650 = EDGE_LOOP('',(#4651,#4659,#4667,#4673));
#4651 = ORIENTED_EDGE('',*,*,#4652,.F.);
#4652 = EDGE_CURVE('',#4653,#3752,#4655,.T.);
#4653 = VERTEX_POINT('',#4654);
#4654 = CARTESIAN_POINT('',(0.1,-1.37,-2.4));
#4655 = LINE('',#4656,#4657);
#4656 = CARTESIAN_POINT('',(0.1,-1.37,-2.4));
#4657 = VECTOR('',#4658,1.);
#4658 = DIRECTION('',(0.57735026919,-0.57735026919,0.57735026919));
#4659 = ORIENTED_EDGE('',*,*,#4660,.T.);
#4660 = EDGE_CURVE('',#4653,#4661,#4663,.T.);
#4661 = VERTEX_POINT('',#4662);
#4662 = CARTESIAN_POINT('',(-0.1,-1.37,-2.4));
#4663 = LINE('',#4664,#4665);
#4664 = CARTESIAN_POINT('',(0.2,-1.37,-2.4));
#4665 = VECTOR('',#4666,1.);
#4666 = DIRECTION('',(-1.,0.,0.));
#4667 = ORIENTED_EDGE('',*,*,#4668,.T.);
#4668 = EDGE_CURVE('',#4661,#3760,#4669,.T.);
#4669 = LINE('',#4670,#4671);
#4670 = CARTESIAN_POINT('',(-3.333333333333E-02,-1.303333333333,
    -2.466666666667));
#4671 = VECTOR('',#4672,1.);
#4672 = DIRECTION('',(-0.57735026919,-0.57735026919,0.57735026919));
#4673 = ORIENTED_EDGE('',*,*,#3759,.F.);
#4674 = PLANE('',#4675);
#4675 = AXIS2_PLACEMENT_3D('',#4676,#4677,#4678);
#4676 = CARTESIAN_POINT('',(0.2,-1.42,-2.35));
#4677 = DIRECTION('',(1.734896939651E-18,0.707106781187,0.707106781187)
  );
#4678 = DIRECTION('',(-1.,1.226757390687E-18,1.226757390687E-18));
#4679 = ADVANCED_FACE('',(#4680),#4691,.T.);
#4680 = FACE_BOUND('',#4681,.T.);
#4681 = EDGE_LOOP('',(#4682,#4683,#4684,#4685));
#4682 = ORIENTED_EDGE('',*,*,#3897,.F.);
#4683 = ORIENTED_EDGE('',*,*,#3798,.T.);
#4684 = ORIENTED_EDGE('',*,*,#3831,.T.);
#4685 = ORIENTED_EDGE('',*,*,#4686,.F.);
#4686 = EDGE_CURVE('',#3898,#3832,#4687,.T.);
#4687 = LINE('',#4688,#4689);
#4688 = CARTESIAN_POINT('',(0.2,0.2,-2.3));
#4689 = VECTOR('',#4690,1.);
#4690 = DIRECTION('',(0.,-1.,0.));
#4691 = PLANE('',#4692);
#4692 = AXIS2_PLACEMENT_3D('',#4693,#4694,#4695);
#4693 = CARTESIAN_POINT('',(0.2,0.2,0.85));
#4694 = DIRECTION('',(1.,0.,0.));
#4695 = DIRECTION('',(0.,0.,-1.));
#4696 = ADVANCED_FACE('',(#4697),#4708,.T.);
#4697 = FACE_BOUND('',#4698,.T.);
#4698 = EDGE_LOOP('',(#4699,#4705,#4706,#4707));
#4699 = ORIENTED_EDGE('',*,*,#4700,.T.);
#4700 = EDGE_CURVE('',#3886,#3813,#4701,.T.);
#4701 = LINE('',#4702,#4703);
#4702 = CARTESIAN_POINT('',(-0.2,0.2,0.85));
#4703 = VECTOR('',#4704,1.);
#4704 = DIRECTION('',(0.,-1.,0.));
#4705 = ORIENTED_EDGE('',*,*,#3812,.T.);
#4706 = ORIENTED_EDGE('',*,*,#3869,.F.);
#4707 = ORIENTED_EDGE('',*,*,#3885,.F.);
#4708 = CYLINDRICAL_SURFACE('',#4709,0.4);
#4709 = AXIS2_PLACEMENT_3D('',#4710,#4711,#4712);
#4710 = CARTESIAN_POINT('',(0.2,0.2,0.85));
#4711 = DIRECTION('',(0.,-1.,0.));
#4712 = DIRECTION('',(-1.,0.,0.));
#4713 = ADVANCED_FACE('',(#4714),#4725,.T.);
#4714 = FACE_BOUND('',#4715,.T.);
#4715 = EDGE_LOOP('',(#4716,#4717,#4723,#4724));
#4716 = ORIENTED_EDGE('',*,*,#3913,.F.);
#4717 = ORIENTED_EDGE('',*,*,#4718,.T.);
#4718 = EDGE_CURVE('',#3906,#3840,#4719,.T.);
#4719 = LINE('',#4720,#4721);
#4720 = CARTESIAN_POINT('',(-0.2,0.2,-2.3));
#4721 = VECTOR('',#4722,1.);
#4722 = DIRECTION('',(0.,-1.,0.));
#4723 = ORIENTED_EDGE('',*,*,#3847,.T.);
#4724 = ORIENTED_EDGE('',*,*,#4700,.F.);
#4725 = PLANE('',#4726);
#4726 = AXIS2_PLACEMENT_3D('',#4727,#4728,#4729);
#4727 = CARTESIAN_POINT('',(-0.2,0.2,-2.4));
#4728 = DIRECTION('',(-1.,0.,0.));
#4729 = DIRECTION('',(0.,0.,1.));
#4730 = ADVANCED_FACE('',(#4731),#4756,.F.);
#4731 = FACE_BOUND('',#4732,.F.);
#4732 = EDGE_LOOP('',(#4733,#4741,#4749,#4755));
#4733 = ORIENTED_EDGE('',*,*,#4734,.F.);
#4734 = EDGE_CURVE('',#4735,#3832,#4737,.T.);
#4735 = VERTEX_POINT('',#4736);
#4736 = CARTESIAN_POINT('',(0.1,-0.1,-2.4));
#4737 = LINE('',#4738,#4739);
#4738 = CARTESIAN_POINT('',(0.1,-0.1,-2.4));
#4739 = VECTOR('',#4740,1.);
#4740 = DIRECTION('',(0.57735026919,-0.57735026919,0.57735026919));
#4741 = ORIENTED_EDGE('',*,*,#4742,.T.);
#4742 = EDGE_CURVE('',#4735,#4743,#4745,.T.);
#4743 = VERTEX_POINT('',#4744);
#4744 = CARTESIAN_POINT('',(-0.1,-0.1,-2.4));
#4745 = LINE('',#4746,#4747);
#4746 = CARTESIAN_POINT('',(0.2,-0.1,-2.4));
#4747 = VECTOR('',#4748,1.);
#4748 = DIRECTION('',(-1.,0.,0.));
#4749 = ORIENTED_EDGE('',*,*,#4750,.T.);
#4750 = EDGE_CURVE('',#4743,#3840,#4751,.T.);
#4751 = LINE('',#4752,#4753);
#4752 = CARTESIAN_POINT('',(-3.333333333333E-02,-3.333333333333E-02,
    -2.466666666667));
#4753 = VECTOR('',#4754,1.);
#4754 = DIRECTION('',(-0.57735026919,-0.57735026919,0.57735026919));
#4755 = ORIENTED_EDGE('',*,*,#3839,.F.);
#4756 = PLANE('',#4757);
#4757 = AXIS2_PLACEMENT_3D('',#4758,#4759,#4760);
#4758 = CARTESIAN_POINT('',(0.2,-0.15,-2.35));
#4759 = DIRECTION('',(1.734896939651E-18,0.707106781187,0.707106781187)
  );
#4760 = DIRECTION('',(-1.,1.226757390687E-18,1.226757390687E-18));
#4761 = ADVANCED_FACE('',(#4762),#4787,.T.);
#4762 = FACE_BOUND('',#4763,.F.);
#4763 = EDGE_LOOP('',(#4764,#4772,#4773,#4781));
#4764 = ORIENTED_EDGE('',*,*,#4765,.T.);
#4765 = EDGE_CURVE('',#4766,#3898,#4768,.T.);
#4766 = VERTEX_POINT('',#4767);
#4767 = CARTESIAN_POINT('',(0.1,0.1,-2.4));
#4768 = LINE('',#4769,#4770);
#4769 = CARTESIAN_POINT('',(0.166666666667,0.166666666667,
    -2.333333333333));
#4770 = VECTOR('',#4771,1.);
#4771 = DIRECTION('',(0.57735026919,0.57735026919,0.57735026919));
#4772 = ORIENTED_EDGE('',*,*,#3905,.T.);
#4773 = ORIENTED_EDGE('',*,*,#4774,.T.);
#4774 = EDGE_CURVE('',#3906,#4775,#4777,.T.);
#4775 = VERTEX_POINT('',#4776);
#4776 = CARTESIAN_POINT('',(-0.1,0.1,-2.4));
#4777 = LINE('',#4778,#4779);
#4778 = CARTESIAN_POINT('',(-0.1,0.1,-2.4));
#4779 = VECTOR('',#4780,1.);
#4780 = DIRECTION('',(0.57735026919,-0.57735026919,-0.57735026919));
#4781 = ORIENTED_EDGE('',*,*,#4782,.F.);
#4782 = EDGE_CURVE('',#4766,#4775,#4783,.T.);
#4783 = LINE('',#4784,#4785);
#4784 = CARTESIAN_POINT('',(0.2,0.1,-2.4));
#4785 = VECTOR('',#4786,1.);
#4786 = DIRECTION('',(-1.,0.,0.));
#4787 = PLANE('',#4788);
#4788 = AXIS2_PLACEMENT_3D('',#4789,#4790,#4791);
#4789 = CARTESIAN_POINT('',(0.2,0.15,-2.35));
#4790 = DIRECTION('',(-1.734896939651E-18,0.707106781187,-0.707106781187
    ));
#4791 = DIRECTION('',(1.,1.226757390687E-18,-1.226757390687E-18));
#4792 = ADVANCED_FACE('',(#4793),#4804,.T.);
#4793 = FACE_BOUND('',#4794,.T.);
#4794 = EDGE_LOOP('',(#4795,#4796,#4797,#4798));
#4795 = ORIENTED_EDGE('',*,*,#4043,.F.);
#4796 = ORIENTED_EDGE('',*,*,#3944,.T.);
#4797 = ORIENTED_EDGE('',*,*,#3977,.T.);
#4798 = ORIENTED_EDGE('',*,*,#4799,.F.);
#4799 = EDGE_CURVE('',#4044,#3978,#4800,.T.);
#4800 = LINE('',#4801,#4802);
#4801 = CARTESIAN_POINT('',(0.2,-3.61,-2.3));
#4802 = VECTOR('',#4803,1.);
#4803 = DIRECTION('',(0.,-1.,0.));
#4804 = PLANE('',#4805);
#4805 = AXIS2_PLACEMENT_3D('',#4806,#4807,#4808);
#4806 = CARTESIAN_POINT('',(0.2,-3.61,0.85));
#4807 = DIRECTION('',(1.,0.,0.));
#4808 = DIRECTION('',(0.,0.,-1.));
#4809 = ADVANCED_FACE('',(#4810),#4821,.T.);
#4810 = FACE_BOUND('',#4811,.T.);
#4811 = EDGE_LOOP('',(#4812,#4818,#4819,#4820));
#4812 = ORIENTED_EDGE('',*,*,#4813,.T.);
#4813 = EDGE_CURVE('',#4032,#3959,#4814,.T.);
#4814 = LINE('',#4815,#4816);
#4815 = CARTESIAN_POINT('',(-0.2,-3.61,0.85));
#4816 = VECTOR('',#4817,1.);
#4817 = DIRECTION('',(0.,-1.,0.));
#4818 = ORIENTED_EDGE('',*,*,#3958,.T.);
#4819 = ORIENTED_EDGE('',*,*,#4015,.F.);
#4820 = ORIENTED_EDGE('',*,*,#4031,.F.);
#4821 = CYLINDRICAL_SURFACE('',#4822,0.4);
#4822 = AXIS2_PLACEMENT_3D('',#4823,#4824,#4825);
#4823 = CARTESIAN_POINT('',(0.2,-3.61,0.85));
#4824 = DIRECTION('',(0.,-1.,0.));
#4825 = DIRECTION('',(-1.,0.,0.));
#4826 = ADVANCED_FACE('',(#4827),#4838,.T.);
#4827 = FACE_BOUND('',#4828,.T.);
#4828 = EDGE_LOOP('',(#4829,#4830,#4836,#4837));
#4829 = ORIENTED_EDGE('',*,*,#4059,.F.);
#4830 = ORIENTED_EDGE('',*,*,#4831,.T.);
#4831 = EDGE_CURVE('',#4052,#3986,#4832,.T.);
#4832 = LINE('',#4833,#4834);
#4833 = CARTESIAN_POINT('',(-0.2,-3.61,-2.3));
#4834 = VECTOR('',#4835,1.);
#4835 = DIRECTION('',(0.,-1.,0.));
#4836 = ORIENTED_EDGE('',*,*,#3993,.T.);
#4837 = ORIENTED_EDGE('',*,*,#4813,.F.);
#4838 = PLANE('',#4839);
#4839 = AXIS2_PLACEMENT_3D('',#4840,#4841,#4842);
#4840 = CARTESIAN_POINT('',(-0.2,-3.61,-2.4));
#4841 = DIRECTION('',(-1.,0.,0.));
#4842 = DIRECTION('',(0.,0.,1.));
#4843 = ADVANCED_FACE('',(#4844),#4869,.F.);
#4844 = FACE_BOUND('',#4845,.F.);
#4845 = EDGE_LOOP('',(#4846,#4854,#4862,#4868));
#4846 = ORIENTED_EDGE('',*,*,#4847,.F.);
#4847 = EDGE_CURVE('',#4848,#3978,#4850,.T.);
#4848 = VERTEX_POINT('',#4849);
#4849 = CARTESIAN_POINT('',(0.1,-3.91,-2.4));
#4850 = LINE('',#4851,#4852);
#4851 = CARTESIAN_POINT('',(0.1,-3.91,-2.4));
#4852 = VECTOR('',#4853,1.);
#4853 = DIRECTION('',(0.57735026919,-0.57735026919,0.57735026919));
#4854 = ORIENTED_EDGE('',*,*,#4855,.T.);
#4855 = EDGE_CURVE('',#4848,#4856,#4858,.T.);
#4856 = VERTEX_POINT('',#4857);
#4857 = CARTESIAN_POINT('',(-0.1,-3.91,-2.4));
#4858 = LINE('',#4859,#4860);
#4859 = CARTESIAN_POINT('',(0.2,-3.91,-2.4));
#4860 = VECTOR('',#4861,1.);
#4861 = DIRECTION('',(-1.,0.,0.));
#4862 = ORIENTED_EDGE('',*,*,#4863,.T.);
#4863 = EDGE_CURVE('',#4856,#3986,#4864,.T.);
#4864 = LINE('',#4865,#4866);
#4865 = CARTESIAN_POINT('',(-3.333333333333E-02,-3.843333333333,
    -2.466666666667));
#4866 = VECTOR('',#4867,1.);
#4867 = DIRECTION('',(-0.57735026919,-0.57735026919,0.57735026919));
#4868 = ORIENTED_EDGE('',*,*,#3985,.F.);
#4869 = PLANE('',#4870);
#4870 = AXIS2_PLACEMENT_3D('',#4871,#4872,#4873);
#4871 = CARTESIAN_POINT('',(0.2,-3.96,-2.35));
#4872 = DIRECTION('',(1.734896939651E-18,0.707106781187,0.707106781187)
  );
#4873 = DIRECTION('',(-1.,1.226757390687E-18,1.226757390687E-18));
#4874 = ADVANCED_FACE('',(#4875),#4900,.T.);
#4875 = FACE_BOUND('',#4876,.F.);
#4876 = EDGE_LOOP('',(#4877,#4885,#4886,#4894));
#4877 = ORIENTED_EDGE('',*,*,#4878,.T.);
#4878 = EDGE_CURVE('',#4879,#4044,#4881,.T.);
#4879 = VERTEX_POINT('',#4880);
#4880 = CARTESIAN_POINT('',(0.1,-3.71,-2.4));
#4881 = LINE('',#4882,#4883);
#4882 = CARTESIAN_POINT('',(0.166666666667,-3.643333333333,
    -2.333333333333));
#4883 = VECTOR('',#4884,1.);
#4884 = DIRECTION('',(0.57735026919,0.57735026919,0.57735026919));
#4885 = ORIENTED_EDGE('',*,*,#4051,.T.);
#4886 = ORIENTED_EDGE('',*,*,#4887,.T.);
#4887 = EDGE_CURVE('',#4052,#4888,#4890,.T.);
#4888 = VERTEX_POINT('',#4889);
#4889 = CARTESIAN_POINT('',(-0.1,-3.71,-2.4));
#4890 = LINE('',#4891,#4892);
#4891 = CARTESIAN_POINT('',(-0.1,-3.71,-2.4));
#4892 = VECTOR('',#4893,1.);
#4893 = DIRECTION('',(0.57735026919,-0.57735026919,-0.57735026919));
#4894 = ORIENTED_EDGE('',*,*,#4895,.F.);
#4895 = EDGE_CURVE('',#4879,#4888,#4896,.T.);
#4896 = LINE('',#4897,#4898);
#4897 = CARTESIAN_POINT('',(0.2,-3.71,-2.4));
#4898 = VECTOR('',#4899,1.);
#4899 = DIRECTION('',(-1.,0.,0.));
#4900 = PLANE('',#4901);
#4901 = AXIS2_PLACEMENT_3D('',#4902,#4903,#4904);
#4902 = CARTESIAN_POINT('',(0.2,-3.66,-2.35));
#4903 = DIRECTION('',(-1.734896939651E-18,0.707106781187,-0.707106781187
    ));
#4904 = DIRECTION('',(1.,1.226757390687E-18,-1.226757390687E-18));
#4905 = ADVANCED_FACE('',(#4906),#4931,.T.);
#4906 = FACE_BOUND('',#4907,.F.);
#4907 = EDGE_LOOP('',(#4908,#4916,#4917,#4925));
#4908 = ORIENTED_EDGE('',*,*,#4909,.F.);
#4909 = EDGE_CURVE('',#4075,#4910,#4912,.T.);
#4910 = VERTEX_POINT('',#4911);
#4911 = CARTESIAN_POINT('',(5.5,-2.44,1.15));
#4912 = LINE('',#4913,#4914);
#4913 = CARTESIAN_POINT('',(5.433333333333,-2.373333333333,
    1.216666666667));
#4914 = VECTOR('',#4915,1.);
#4915 = DIRECTION('',(0.57735026919,-0.57735026919,-0.57735026919));
#4916 = ORIENTED_EDGE('',*,*,#4082,.T.);
#4917 = ORIENTED_EDGE('',*,*,#4918,.T.);
#4918 = EDGE_CURVE('',#4083,#4919,#4921,.T.);
#4919 = VERTEX_POINT('',#4920);
#4920 = CARTESIAN_POINT('',(5.5,-2.44,0.95));
#4921 = LINE('',#4922,#4923);
#4922 = CARTESIAN_POINT('',(5.5,-2.44,0.95));
#4923 = VECTOR('',#4924,1.);
#4924 = DIRECTION('',(0.57735026919,-0.57735026919,0.57735026919));
#4925 = ORIENTED_EDGE('',*,*,#4926,.F.);
#4926 = EDGE_CURVE('',#4910,#4919,#4927,.T.);
#4927 = LINE('',#4928,#4929);
#4928 = CARTESIAN_POINT('',(5.5,-2.44,1.25));
#4929 = VECTOR('',#4930,1.);
#4930 = DIRECTION('',(0.,0.,-1.));
#4931 = PLANE('',#4932);
#4932 = AXIS2_PLACEMENT_3D('',#4933,#4934,#4935);
#4933 = CARTESIAN_POINT('',(5.45,-2.39,1.25));
#4934 = DIRECTION('',(0.707106781187,0.707106781187,0.));
#4935 = DIRECTION('',(0.,-0.,1.));
#4936 = ADVANCED_FACE('',(#4937),#4955,.T.);
#4937 = FACE_BOUND('',#4938,.F.);
#4938 = EDGE_LOOP('',(#4939,#4940,#4941,#4949));
#4939 = ORIENTED_EDGE('',*,*,#4918,.F.);
#4940 = ORIENTED_EDGE('',*,*,#4105,.T.);
#4941 = ORIENTED_EDGE('',*,*,#4942,.T.);
#4942 = EDGE_CURVE('',#4106,#4943,#4945,.T.);
#4943 = VERTEX_POINT('',#4944);
#4944 = CARTESIAN_POINT('',(5.5,-2.64,0.95));
#4945 = LINE('',#4946,#4947);
#4946 = CARTESIAN_POINT('',(5.566666666667,-2.573333333333,
    1.016666666667));
#4947 = VECTOR('',#4948,1.);
#4948 = DIRECTION('',(0.57735026919,0.57735026919,0.57735026919));
#4949 = ORIENTED_EDGE('',*,*,#4950,.F.);
#4950 = EDGE_CURVE('',#4919,#4943,#4951,.T.);
#4951 = LINE('',#4952,#4953);
#4952 = CARTESIAN_POINT('',(5.5,-2.34,0.95));
#4953 = VECTOR('',#4954,1.);
#4954 = DIRECTION('',(0.,-1.,0.));
#4955 = PLANE('',#4956);
#4956 = AXIS2_PLACEMENT_3D('',#4957,#4958,#4959);
#4957 = CARTESIAN_POINT('',(5.45,-2.34,0.9));
#4958 = DIRECTION('',(0.707106781187,0.,-0.707106781187));
#4959 = DIRECTION('',(0.,1.,0.));
#4960 = ADVANCED_FACE('',(#4961),#4979,.F.);
#4961 = FACE_BOUND('',#4962,.T.);
#4962 = EDGE_LOOP('',(#4963,#4971,#4972,#4973));
#4963 = ORIENTED_EDGE('',*,*,#4964,.F.);
#4964 = EDGE_CURVE('',#4130,#4965,#4967,.T.);
#4965 = VERTEX_POINT('',#4966);
#4966 = CARTESIAN_POINT('',(5.5,-2.64,1.15));
#4967 = LINE('',#4968,#4969);
#4968 = CARTESIAN_POINT('',(5.5,-2.64,1.15));
#4969 = VECTOR('',#4970,1.);
#4970 = DIRECTION('',(0.57735026919,0.57735026919,-0.57735026919));
#4971 = ORIENTED_EDGE('',*,*,#4137,.T.);
#4972 = ORIENTED_EDGE('',*,*,#4942,.T.);
#4973 = ORIENTED_EDGE('',*,*,#4974,.F.);
#4974 = EDGE_CURVE('',#4965,#4943,#4975,.T.);
#4975 = LINE('',#4976,#4977);
#4976 = CARTESIAN_POINT('',(5.5,-2.64,1.25));
#4977 = VECTOR('',#4978,1.);
#4978 = DIRECTION('',(0.,0.,-1.));
#4979 = PLANE('',#4980);
#4980 = AXIS2_PLACEMENT_3D('',#4981,#4982,#4983);
#4981 = CARTESIAN_POINT('',(5.45,-2.69,1.25));
#4982 = DIRECTION('',(-0.707106781187,0.707106781187,0.));
#4983 = DIRECTION('',(0.,0.,1.));
#4984 = ADVANCED_FACE('',(#4985),#4996,.T.);
#4985 = FACE_BOUND('',#4986,.T.);
#4986 = EDGE_LOOP('',(#4987,#4988,#4989,#4990));
#4987 = ORIENTED_EDGE('',*,*,#4909,.F.);
#4988 = ORIENTED_EDGE('',*,*,#4155,.T.);
#4989 = ORIENTED_EDGE('',*,*,#4964,.T.);
#4990 = ORIENTED_EDGE('',*,*,#4991,.F.);
#4991 = EDGE_CURVE('',#4910,#4965,#4992,.T.);
#4992 = LINE('',#4993,#4994);
#4993 = CARTESIAN_POINT('',(5.5,-2.34,1.15));
#4994 = VECTOR('',#4995,1.);
#4995 = DIRECTION('',(0.,-1.,0.));
#4996 = PLANE('',#4997);
#4997 = AXIS2_PLACEMENT_3D('',#4998,#4999,#5000);
#4998 = CARTESIAN_POINT('',(5.45,-2.34,1.2));
#4999 = DIRECTION('',(0.707106781187,0.,0.707106781187));
#5000 = DIRECTION('',(0.,-1.,0.));
#5001 = ADVANCED_FACE('',(#5002),#5027,.T.);
#5002 = FACE_BOUND('',#5003,.T.);
#5003 = EDGE_LOOP('',(#5004,#5012,#5013,#5021));
#5004 = ORIENTED_EDGE('',*,*,#5005,.F.);
#5005 = EDGE_CURVE('',#4170,#5006,#5008,.T.);
#5006 = VERTEX_POINT('',#5007);
#5007 = CARTESIAN_POINT('',(5.5,-1.17,1.15));
#5008 = LINE('',#5009,#5010);
#5009 = CARTESIAN_POINT('',(5.433333333333,-1.103333333333,
    1.216666666667));
#5010 = VECTOR('',#5011,1.);
#5011 = DIRECTION('',(0.57735026919,-0.57735026919,-0.57735026919));
#5012 = ORIENTED_EDGE('',*,*,#4186,.T.);
#5013 = ORIENTED_EDGE('',*,*,#5014,.T.);
#5014 = EDGE_CURVE('',#4179,#5015,#5017,.T.);
#5015 = VERTEX_POINT('',#5016);
#5016 = CARTESIAN_POINT('',(5.5,-1.37,1.15));
#5017 = LINE('',#5018,#5019);
#5018 = CARTESIAN_POINT('',(5.5,-1.37,1.15));
#5019 = VECTOR('',#5020,1.);
#5020 = DIRECTION('',(0.57735026919,0.57735026919,-0.57735026919));
#5021 = ORIENTED_EDGE('',*,*,#5022,.F.);
#5022 = EDGE_CURVE('',#5006,#5015,#5023,.T.);
#5023 = LINE('',#5024,#5025);
#5024 = CARTESIAN_POINT('',(5.5,-1.07,1.15));
#5025 = VECTOR('',#5026,1.);
#5026 = DIRECTION('',(0.,-1.,0.));
#5027 = PLANE('',#5028);
#5028 = AXIS2_PLACEMENT_3D('',#5029,#5030,#5031);
#5029 = CARTESIAN_POINT('',(5.45,-1.07,1.2));
#5030 = DIRECTION('',(0.707106781187,0.,0.707106781187));
#5031 = DIRECTION('',(0.,-1.,0.));
#5032 = ADVANCED_FACE('',(#5033),#5051,.T.);
#5033 = FACE_BOUND('',#5034,.F.);
#5034 = EDGE_LOOP('',(#5035,#5036,#5037,#5045));
#5035 = ORIENTED_EDGE('',*,*,#5005,.F.);
#5036 = ORIENTED_EDGE('',*,*,#4202,.T.);
#5037 = ORIENTED_EDGE('',*,*,#5038,.T.);
#5038 = EDGE_CURVE('',#4203,#5039,#5041,.T.);
#5039 = VERTEX_POINT('',#5040);
#5040 = CARTESIAN_POINT('',(5.5,-1.17,0.95));
#5041 = LINE('',#5042,#5043);
#5042 = CARTESIAN_POINT('',(5.5,-1.17,0.95));
#5043 = VECTOR('',#5044,1.);
#5044 = DIRECTION('',(0.57735026919,-0.57735026919,0.57735026919));
#5045 = ORIENTED_EDGE('',*,*,#5046,.F.);
#5046 = EDGE_CURVE('',#5006,#5039,#5047,.T.);
#5047 = LINE('',#5048,#5049);
#5048 = CARTESIAN_POINT('',(5.5,-1.17,1.25));
#5049 = VECTOR('',#5050,1.);
#5050 = DIRECTION('',(0.,0.,-1.));
#5051 = PLANE('',#5052);
#5052 = AXIS2_PLACEMENT_3D('',#5053,#5054,#5055);
#5053 = CARTESIAN_POINT('',(5.45,-1.12,1.25));
#5054 = DIRECTION('',(0.707106781187,0.707106781187,0.));
#5055 = DIRECTION('',(0.,-0.,1.));
#5056 = ADVANCED_FACE('',(#5057),#5075,.T.);
#5057 = FACE_BOUND('',#5058,.F.);
#5058 = EDGE_LOOP('',(#5059,#5060,#5061,#5069));
#5059 = ORIENTED_EDGE('',*,*,#5038,.F.);
#5060 = ORIENTED_EDGE('',*,*,#4225,.T.);
#5061 = ORIENTED_EDGE('',*,*,#5062,.T.);
#5062 = EDGE_CURVE('',#4226,#5063,#5065,.T.);
#5063 = VERTEX_POINT('',#5064);
#5064 = CARTESIAN_POINT('',(5.5,-1.37,0.95));
#5065 = LINE('',#5066,#5067);
#5066 = CARTESIAN_POINT('',(5.566666666667,-1.303333333333,
    1.016666666667));
#5067 = VECTOR('',#5068,1.);
#5068 = DIRECTION('',(0.57735026919,0.57735026919,0.57735026919));
#5069 = ORIENTED_EDGE('',*,*,#5070,.F.);
#5070 = EDGE_CURVE('',#5039,#5063,#5071,.T.);
#5071 = LINE('',#5072,#5073);
#5072 = CARTESIAN_POINT('',(5.5,-1.07,0.95));
#5073 = VECTOR('',#5074,1.);
#5074 = DIRECTION('',(0.,-1.,0.));
#5075 = PLANE('',#5076);
#5076 = AXIS2_PLACEMENT_3D('',#5077,#5078,#5079);
#5077 = CARTESIAN_POINT('',(5.45,-1.07,0.9));
#5078 = DIRECTION('',(0.707106781187,0.,-0.707106781187));
#5079 = DIRECTION('',(0.,1.,0.));
#5080 = ADVANCED_FACE('',(#5081),#5092,.F.);
#5081 = FACE_BOUND('',#5082,.T.);
#5082 = EDGE_LOOP('',(#5083,#5084,#5085,#5086));
#5083 = ORIENTED_EDGE('',*,*,#5014,.F.);
#5084 = ORIENTED_EDGE('',*,*,#4250,.T.);
#5085 = ORIENTED_EDGE('',*,*,#5062,.T.);
#5086 = ORIENTED_EDGE('',*,*,#5087,.F.);
#5087 = EDGE_CURVE('',#5015,#5063,#5088,.T.);
#5088 = LINE('',#5089,#5090);
#5089 = CARTESIAN_POINT('',(5.5,-1.37,1.25));
#5090 = VECTOR('',#5091,1.);
#5091 = DIRECTION('',(0.,0.,-1.));
#5092 = PLANE('',#5093);
#5093 = AXIS2_PLACEMENT_3D('',#5094,#5095,#5096);
#5094 = CARTESIAN_POINT('',(5.45,-1.42,1.25));
#5095 = DIRECTION('',(-0.707106781187,0.707106781187,0.));
#5096 = DIRECTION('',(0.,0.,1.));
#5097 = ADVANCED_FACE('',(#5098),#5123,.T.);
#5098 = FACE_BOUND('',#5099,.F.);
#5099 = EDGE_LOOP('',(#5100,#5108,#5109,#5117));
#5100 = ORIENTED_EDGE('',*,*,#5101,.F.);
#5101 = EDGE_CURVE('',#4266,#5102,#5104,.T.);
#5102 = VERTEX_POINT('',#5103);
#5103 = CARTESIAN_POINT('',(5.5,0.1,0.95));
#5104 = LINE('',#5105,#5106);
#5105 = CARTESIAN_POINT('',(5.5,0.1,0.95));
#5106 = VECTOR('',#5107,1.);
#5107 = DIRECTION('',(0.57735026919,-0.57735026919,0.57735026919));
#5108 = ORIENTED_EDGE('',*,*,#4273,.T.);
#5109 = ORIENTED_EDGE('',*,*,#5110,.T.);
#5110 = EDGE_CURVE('',#4274,#5111,#5113,.T.);
#5111 = VERTEX_POINT('',#5112);
#5112 = CARTESIAN_POINT('',(5.5,-0.1,0.95));
#5113 = LINE('',#5114,#5115);
#5114 = CARTESIAN_POINT('',(5.566666666667,-3.333333333333E-02,
    1.016666666667));
#5115 = VECTOR('',#5116,1.);
#5116 = DIRECTION('',(0.57735026919,0.57735026919,0.57735026919));
#5117 = ORIENTED_EDGE('',*,*,#5118,.F.);
#5118 = EDGE_CURVE('',#5102,#5111,#5119,.T.);
#5119 = LINE('',#5120,#5121);
#5120 = CARTESIAN_POINT('',(5.5,0.2,0.95));
#5121 = VECTOR('',#5122,1.);
#5122 = DIRECTION('',(0.,-1.,0.));
#5123 = PLANE('',#5124);
#5124 = AXIS2_PLACEMENT_3D('',#5125,#5126,#5127);
#5125 = CARTESIAN_POINT('',(5.45,0.2,0.9));
#5126 = DIRECTION('',(0.707106781187,0.,-0.707106781187));
#5127 = DIRECTION('',(0.,1.,0.));
#5128 = ADVANCED_FACE('',(#5129),#5147,.F.);
#5129 = FACE_BOUND('',#5130,.T.);
#5130 = EDGE_LOOP('',(#5131,#5139,#5140,#5141));
#5131 = ORIENTED_EDGE('',*,*,#5132,.F.);
#5132 = EDGE_CURVE('',#4298,#5133,#5135,.T.);
#5133 = VERTEX_POINT('',#5134);
#5134 = CARTESIAN_POINT('',(5.5,-0.1,1.15));
#5135 = LINE('',#5136,#5137);
#5136 = CARTESIAN_POINT('',(5.5,-0.1,1.15));
#5137 = VECTOR('',#5138,1.);
#5138 = DIRECTION('',(0.57735026919,0.57735026919,-0.57735026919));
#5139 = ORIENTED_EDGE('',*,*,#4305,.T.);
#5140 = ORIENTED_EDGE('',*,*,#5110,.T.);
#5141 = ORIENTED_EDGE('',*,*,#5142,.F.);
#5142 = EDGE_CURVE('',#5133,#5111,#5143,.T.);
#5143 = LINE('',#5144,#5145);
#5144 = CARTESIAN_POINT('',(5.5,-0.1,1.25));
#5145 = VECTOR('',#5146,1.);
#5146 = DIRECTION('',(0.,0.,-1.));
#5147 = PLANE('',#5148);
#5148 = AXIS2_PLACEMENT_3D('',#5149,#5150,#5151);
#5149 = CARTESIAN_POINT('',(5.45,-0.15,1.25));
#5150 = DIRECTION('',(-0.707106781187,0.707106781187,0.));
#5151 = DIRECTION('',(0.,0.,1.));
#5152 = ADVANCED_FACE('',(#5153),#5171,.T.);
#5153 = FACE_BOUND('',#5154,.T.);
#5154 = EDGE_LOOP('',(#5155,#5163,#5164,#5165));
#5155 = ORIENTED_EDGE('',*,*,#5156,.F.);
#5156 = EDGE_CURVE('',#4321,#5157,#5159,.T.);
#5157 = VERTEX_POINT('',#5158);
#5158 = CARTESIAN_POINT('',(5.5,0.1,1.15));
#5159 = LINE('',#5160,#5161);
#5160 = CARTESIAN_POINT('',(5.433333333333,0.166666666667,1.216666666667
    ));
#5161 = VECTOR('',#5162,1.);
#5162 = DIRECTION('',(0.57735026919,-0.57735026919,-0.57735026919));
#5163 = ORIENTED_EDGE('',*,*,#4330,.T.);
#5164 = ORIENTED_EDGE('',*,*,#5132,.T.);
#5165 = ORIENTED_EDGE('',*,*,#5166,.F.);
#5166 = EDGE_CURVE('',#5157,#5133,#5167,.T.);
#5167 = LINE('',#5168,#5169);
#5168 = CARTESIAN_POINT('',(5.5,0.2,1.15));
#5169 = VECTOR('',#5170,1.);
#5170 = DIRECTION('',(0.,-1.,0.));
#5171 = PLANE('',#5172);
#5172 = AXIS2_PLACEMENT_3D('',#5173,#5174,#5175);
#5173 = CARTESIAN_POINT('',(5.45,0.2,1.2));
#5174 = DIRECTION('',(0.707106781187,0.,0.707106781187));
#5175 = DIRECTION('',(0.,-1.,0.));
#5176 = ADVANCED_FACE('',(#5177),#5188,.T.);
#5177 = FACE_BOUND('',#5178,.F.);
#5178 = EDGE_LOOP('',(#5179,#5180,#5181,#5182));
#5179 = ORIENTED_EDGE('',*,*,#5156,.F.);
#5180 = ORIENTED_EDGE('',*,*,#4346,.T.);
#5181 = ORIENTED_EDGE('',*,*,#5101,.T.);
#5182 = ORIENTED_EDGE('',*,*,#5183,.F.);
#5183 = EDGE_CURVE('',#5157,#5102,#5184,.T.);
#5184 = LINE('',#5185,#5186);
#5185 = CARTESIAN_POINT('',(5.5,0.1,1.25));
#5186 = VECTOR('',#5187,1.);
#5187 = DIRECTION('',(0.,0.,-1.));
#5188 = PLANE('',#5189);
#5189 = AXIS2_PLACEMENT_3D('',#5190,#5191,#5192);
#5190 = CARTESIAN_POINT('',(5.45,0.15,1.25));
#5191 = DIRECTION('',(0.707106781187,0.707106781187,0.));
#5192 = DIRECTION('',(0.,-0.,1.));
#5193 = ADVANCED_FACE('',(#5194),#5219,.T.);
#5194 = FACE_BOUND('',#5195,.F.);
#5195 = EDGE_LOOP('',(#5196,#5204,#5205,#5213));
#5196 = ORIENTED_EDGE('',*,*,#5197,.F.);
#5197 = EDGE_CURVE('',#4362,#5198,#5200,.T.);
#5198 = VERTEX_POINT('',#5199);
#5199 = CARTESIAN_POINT('',(5.5,-3.71,0.95));
#5200 = LINE('',#5201,#5202);
#5201 = CARTESIAN_POINT('',(5.5,-3.71,0.95));
#5202 = VECTOR('',#5203,1.);
#5203 = DIRECTION('',(0.57735026919,-0.57735026919,0.57735026919));
#5204 = ORIENTED_EDGE('',*,*,#4369,.T.);
#5205 = ORIENTED_EDGE('',*,*,#5206,.T.);
#5206 = EDGE_CURVE('',#4370,#5207,#5209,.T.);
#5207 = VERTEX_POINT('',#5208);
#5208 = CARTESIAN_POINT('',(5.5,-3.91,0.95));
#5209 = LINE('',#5210,#5211);
#5210 = CARTESIAN_POINT('',(5.566666666667,-3.843333333333,
    1.016666666667));
#5211 = VECTOR('',#5212,1.);
#5212 = DIRECTION('',(0.57735026919,0.57735026919,0.57735026919));
#5213 = ORIENTED_EDGE('',*,*,#5214,.F.);
#5214 = EDGE_CURVE('',#5198,#5207,#5215,.T.);
#5215 = LINE('',#5216,#5217);
#5216 = CARTESIAN_POINT('',(5.5,-3.61,0.95));
#5217 = VECTOR('',#5218,1.);
#5218 = DIRECTION('',(0.,-1.,0.));
#5219 = PLANE('',#5220);
#5220 = AXIS2_PLACEMENT_3D('',#5221,#5222,#5223);
#5221 = CARTESIAN_POINT('',(5.45,-3.61,0.9));
#5222 = DIRECTION('',(0.707106781187,0.,-0.707106781187));
#5223 = DIRECTION('',(0.,1.,0.));
#5224 = ADVANCED_FACE('',(#5225),#5243,.F.);
#5225 = FACE_BOUND('',#5226,.T.);
#5226 = EDGE_LOOP('',(#5227,#5235,#5236,#5237));
#5227 = ORIENTED_EDGE('',*,*,#5228,.F.);
#5228 = EDGE_CURVE('',#4394,#5229,#5231,.T.);
#5229 = VERTEX_POINT('',#5230);
#5230 = CARTESIAN_POINT('',(5.5,-3.91,1.15));
#5231 = LINE('',#5232,#5233);
#5232 = CARTESIAN_POINT('',(5.5,-3.91,1.15));
#5233 = VECTOR('',#5234,1.);
#5234 = DIRECTION('',(0.57735026919,0.57735026919,-0.57735026919));
#5235 = ORIENTED_EDGE('',*,*,#4401,.T.);
#5236 = ORIENTED_EDGE('',*,*,#5206,.T.);
#5237 = ORIENTED_EDGE('',*,*,#5238,.F.);
#5238 = EDGE_CURVE('',#5229,#5207,#5239,.T.);
#5239 = LINE('',#5240,#5241);
#5240 = CARTESIAN_POINT('',(5.5,-3.91,1.25));
#5241 = VECTOR('',#5242,1.);
#5242 = DIRECTION('',(0.,0.,-1.));
#5243 = PLANE('',#5244);
#5244 = AXIS2_PLACEMENT_3D('',#5245,#5246,#5247);
#5245 = CARTESIAN_POINT('',(5.45,-3.96,1.25));
#5246 = DIRECTION('',(-0.707106781187,0.707106781187,0.));
#5247 = DIRECTION('',(0.,0.,1.));
#5248 = ADVANCED_FACE('',(#5249),#5267,.T.);
#5249 = FACE_BOUND('',#5250,.T.);
#5250 = EDGE_LOOP('',(#5251,#5259,#5260,#5261));
#5251 = ORIENTED_EDGE('',*,*,#5252,.F.);
#5252 = EDGE_CURVE('',#4417,#5253,#5255,.T.);
#5253 = VERTEX_POINT('',#5254);
#5254 = CARTESIAN_POINT('',(5.5,-3.71,1.15));
#5255 = LINE('',#5256,#5257);
#5256 = CARTESIAN_POINT('',(5.433333333333,-3.643333333333,
    1.216666666667));
#5257 = VECTOR('',#5258,1.);
#5258 = DIRECTION('',(0.57735026919,-0.57735026919,-0.57735026919));
#5259 = ORIENTED_EDGE('',*,*,#4426,.T.);
#5260 = ORIENTED_EDGE('',*,*,#5228,.T.);
#5261 = ORIENTED_EDGE('',*,*,#5262,.F.);
#5262 = EDGE_CURVE('',#5253,#5229,#5263,.T.);
#5263 = LINE('',#5264,#5265);
#5264 = CARTESIAN_POINT('',(5.5,-3.61,1.15));
#5265 = VECTOR('',#5266,1.);
#5266 = DIRECTION('',(0.,-1.,0.));
#5267 = PLANE('',#5268);
#5268 = AXIS2_PLACEMENT_3D('',#5269,#5270,#5271);
#5269 = CARTESIAN_POINT('',(5.45,-3.61,1.2));
#5270 = DIRECTION('',(0.707106781187,0.,0.707106781187));
#5271 = DIRECTION('',(0.,-1.,0.));
#5272 = ADVANCED_FACE('',(#5273),#5284,.T.);
#5273 = FACE_BOUND('',#5274,.F.);
#5274 = EDGE_LOOP('',(#5275,#5276,#5277,#5278));
#5275 = ORIENTED_EDGE('',*,*,#5252,.F.);
#5276 = ORIENTED_EDGE('',*,*,#4442,.T.);
#5277 = ORIENTED_EDGE('',*,*,#5197,.T.);
#5278 = ORIENTED_EDGE('',*,*,#5279,.F.);
#5279 = EDGE_CURVE('',#5253,#5198,#5280,.T.);
#5280 = LINE('',#5281,#5282);
#5281 = CARTESIAN_POINT('',(5.5,-3.71,1.25));
#5282 = VECTOR('',#5283,1.);
#5283 = DIRECTION('',(0.,0.,-1.));
#5284 = PLANE('',#5285);
#5285 = AXIS2_PLACEMENT_3D('',#5286,#5287,#5288);
#5286 = CARTESIAN_POINT('',(5.45,-3.66,1.25));
#5287 = DIRECTION('',(0.707106781187,0.707106781187,0.));
#5288 = DIRECTION('',(0.,-0.,1.));
#5289 = ADVANCED_FACE('',(#5290),#5301,.T.);
#5290 = FACE_BOUND('',#5291,.F.);
#5291 = EDGE_LOOP('',(#5292,#5293,#5294,#5295));
#5292 = ORIENTED_EDGE('',*,*,#4500,.F.);
#5293 = ORIENTED_EDGE('',*,*,#4475,.T.);
#5294 = ORIENTED_EDGE('',*,*,#4555,.F.);
#5295 = ORIENTED_EDGE('',*,*,#5296,.F.);
#5296 = EDGE_CURVE('',#4501,#4548,#5297,.T.);
#5297 = LINE('',#5298,#5299);
#5298 = CARTESIAN_POINT('',(-0.1,-2.34,-2.4));
#5299 = VECTOR('',#5300,1.);
#5300 = DIRECTION('',(0.,-1.,0.));
#5301 = PLANE('',#5302);
#5302 = AXIS2_PLACEMENT_3D('',#5303,#5304,#5305);
#5303 = CARTESIAN_POINT('',(-0.15,-2.34,-2.35));
#5304 = DIRECTION('',(-0.707106781187,-1.734896939651E-18,
    -0.707106781187));
#5305 = DIRECTION('',(-1.226757390687E-18,1.,-1.226757390687E-18));
#5306 = ADVANCED_FACE('',(#5307),#5318,.T.);
#5307 = FACE_BOUND('',#5308,.F.);
#5308 = EDGE_LOOP('',(#5309,#5310,#5316,#5317));
#5309 = ORIENTED_EDGE('',*,*,#4491,.F.);
#5310 = ORIENTED_EDGE('',*,*,#5311,.T.);
#5311 = EDGE_CURVE('',#4492,#4540,#5312,.T.);
#5312 = LINE('',#5313,#5314);
#5313 = CARTESIAN_POINT('',(0.1,-2.34,-2.4));
#5314 = VECTOR('',#5315,1.);
#5315 = DIRECTION('',(0.,-1.,0.));
#5316 = ORIENTED_EDGE('',*,*,#4539,.T.);
#5317 = ORIENTED_EDGE('',*,*,#4525,.F.);
#5318 = PLANE('',#5319);
#5319 = AXIS2_PLACEMENT_3D('',#5320,#5321,#5322);
#5320 = CARTESIAN_POINT('',(0.15,-2.34,-2.35));
#5321 = DIRECTION('',(0.707106781187,1.734896939651E-18,-0.707106781187)
  );
#5322 = DIRECTION('',(-1.226757390687E-18,1.,1.226757390687E-18));
#5323 = ADVANCED_FACE('',(#5324),#5330,.T.);
#5324 = FACE_BOUND('',#5325,.T.);
#5325 = EDGE_LOOP('',(#5326,#5327,#5328,#5329));
#5326 = ORIENTED_EDGE('',*,*,#5311,.T.);
#5327 = ORIENTED_EDGE('',*,*,#4547,.T.);
#5328 = ORIENTED_EDGE('',*,*,#5296,.F.);
#5329 = ORIENTED_EDGE('',*,*,#4508,.F.);
#5330 = PLANE('',#5331);
#5331 = AXIS2_PLACEMENT_3D('',#5332,#5333,#5334);
#5332 = CARTESIAN_POINT('',(0.2,-2.34,-2.4));
#5333 = DIRECTION('',(-0.,-0.,-1.));
#5334 = DIRECTION('',(-1.,0.,0.));
#5335 = ADVANCED_FACE('',(#5336),#5347,.T.);
#5336 = FACE_BOUND('',#5337,.F.);
#5337 = EDGE_LOOP('',(#5338,#5339,#5340,#5341));
#5338 = ORIENTED_EDGE('',*,*,#4613,.F.);
#5339 = ORIENTED_EDGE('',*,*,#4588,.T.);
#5340 = ORIENTED_EDGE('',*,*,#4668,.F.);
#5341 = ORIENTED_EDGE('',*,*,#5342,.F.);
#5342 = EDGE_CURVE('',#4614,#4661,#5343,.T.);
#5343 = LINE('',#5344,#5345);
#5344 = CARTESIAN_POINT('',(-0.1,-1.07,-2.4));
#5345 = VECTOR('',#5346,1.);
#5346 = DIRECTION('',(0.,-1.,0.));
#5347 = PLANE('',#5348);
#5348 = AXIS2_PLACEMENT_3D('',#5349,#5350,#5351);
#5349 = CARTESIAN_POINT('',(-0.15,-1.07,-2.35));
#5350 = DIRECTION('',(-0.707106781187,-1.734896939651E-18,
    -0.707106781187));
#5351 = DIRECTION('',(-1.226757390687E-18,1.,-1.226757390687E-18));
#5352 = ADVANCED_FACE('',(#5353),#5364,.T.);
#5353 = FACE_BOUND('',#5354,.F.);
#5354 = EDGE_LOOP('',(#5355,#5356,#5362,#5363));
#5355 = ORIENTED_EDGE('',*,*,#4604,.F.);
#5356 = ORIENTED_EDGE('',*,*,#5357,.T.);
#5357 = EDGE_CURVE('',#4605,#4653,#5358,.T.);
#5358 = LINE('',#5359,#5360);
#5359 = CARTESIAN_POINT('',(0.1,-1.07,-2.4));
#5360 = VECTOR('',#5361,1.);
#5361 = DIRECTION('',(0.,-1.,0.));
#5362 = ORIENTED_EDGE('',*,*,#4652,.T.);
#5363 = ORIENTED_EDGE('',*,*,#4638,.F.);
#5364 = PLANE('',#5365);
#5365 = AXIS2_PLACEMENT_3D('',#5366,#5367,#5368);
#5366 = CARTESIAN_POINT('',(0.15,-1.07,-2.35));
#5367 = DIRECTION('',(0.707106781187,1.734896939651E-18,-0.707106781187)
  );
#5368 = DIRECTION('',(-1.226757390687E-18,1.,1.226757390687E-18));
#5369 = ADVANCED_FACE('',(#5370),#5376,.T.);
#5370 = FACE_BOUND('',#5371,.T.);
#5371 = EDGE_LOOP('',(#5372,#5373,#5374,#5375));
#5372 = ORIENTED_EDGE('',*,*,#5357,.T.);
#5373 = ORIENTED_EDGE('',*,*,#4660,.T.);
#5374 = ORIENTED_EDGE('',*,*,#5342,.F.);
#5375 = ORIENTED_EDGE('',*,*,#4621,.F.);
#5376 = PLANE('',#5377);
#5377 = AXIS2_PLACEMENT_3D('',#5378,#5379,#5380);
#5378 = CARTESIAN_POINT('',(0.2,-1.07,-2.4));
#5379 = DIRECTION('',(-0.,-0.,-1.));
#5380 = DIRECTION('',(-1.,0.,0.));
#5381 = ADVANCED_FACE('',(#5382),#5393,.T.);
#5382 = FACE_BOUND('',#5383,.F.);
#5383 = EDGE_LOOP('',(#5384,#5385,#5391,#5392));
#5384 = ORIENTED_EDGE('',*,*,#4765,.F.);
#5385 = ORIENTED_EDGE('',*,*,#5386,.T.);
#5386 = EDGE_CURVE('',#4766,#4735,#5387,.T.);
#5387 = LINE('',#5388,#5389);
#5388 = CARTESIAN_POINT('',(0.1,0.2,-2.4));
#5389 = VECTOR('',#5390,1.);
#5390 = DIRECTION('',(0.,-1.,0.));
#5391 = ORIENTED_EDGE('',*,*,#4734,.T.);
#5392 = ORIENTED_EDGE('',*,*,#4686,.F.);
#5393 = PLANE('',#5394);
#5394 = AXIS2_PLACEMENT_3D('',#5395,#5396,#5397);
#5395 = CARTESIAN_POINT('',(0.15,0.2,-2.35));
#5396 = DIRECTION('',(0.707106781187,1.734896939651E-18,-0.707106781187)
  );
#5397 = DIRECTION('',(-1.226757390687E-18,1.,1.226757390687E-18));
#5398 = ADVANCED_FACE('',(#5399),#5410,.T.);
#5399 = FACE_BOUND('',#5400,.F.);
#5400 = EDGE_LOOP('',(#5401,#5402,#5403,#5404));
#5401 = ORIENTED_EDGE('',*,*,#4774,.F.);
#5402 = ORIENTED_EDGE('',*,*,#4718,.T.);
#5403 = ORIENTED_EDGE('',*,*,#4750,.F.);
#5404 = ORIENTED_EDGE('',*,*,#5405,.F.);
#5405 = EDGE_CURVE('',#4775,#4743,#5406,.T.);
#5406 = LINE('',#5407,#5408);
#5407 = CARTESIAN_POINT('',(-0.1,0.2,-2.4));
#5408 = VECTOR('',#5409,1.);
#5409 = DIRECTION('',(0.,-1.,0.));
#5410 = PLANE('',#5411);
#5411 = AXIS2_PLACEMENT_3D('',#5412,#5413,#5414);
#5412 = CARTESIAN_POINT('',(-0.15,0.2,-2.35));
#5413 = DIRECTION('',(-0.707106781187,-1.734896939651E-18,
    -0.707106781187));
#5414 = DIRECTION('',(-1.226757390687E-18,1.,-1.226757390687E-18));
#5415 = ADVANCED_FACE('',(#5416),#5422,.T.);
#5416 = FACE_BOUND('',#5417,.T.);
#5417 = EDGE_LOOP('',(#5418,#5419,#5420,#5421));
#5418 = ORIENTED_EDGE('',*,*,#5386,.T.);
#5419 = ORIENTED_EDGE('',*,*,#4742,.T.);
#5420 = ORIENTED_EDGE('',*,*,#5405,.F.);
#5421 = ORIENTED_EDGE('',*,*,#4782,.F.);
#5422 = PLANE('',#5423);
#5423 = AXIS2_PLACEMENT_3D('',#5424,#5425,#5426);
#5424 = CARTESIAN_POINT('',(0.2,0.2,-2.4));
#5425 = DIRECTION('',(-0.,-0.,-1.));
#5426 = DIRECTION('',(-1.,0.,0.));
#5427 = ADVANCED_FACE('',(#5428),#5439,.T.);
#5428 = FACE_BOUND('',#5429,.F.);
#5429 = EDGE_LOOP('',(#5430,#5431,#5437,#5438));
#5430 = ORIENTED_EDGE('',*,*,#4878,.F.);
#5431 = ORIENTED_EDGE('',*,*,#5432,.T.);
#5432 = EDGE_CURVE('',#4879,#4848,#5433,.T.);
#5433 = LINE('',#5434,#5435);
#5434 = CARTESIAN_POINT('',(0.1,-3.61,-2.4));
#5435 = VECTOR('',#5436,1.);
#5436 = DIRECTION('',(0.,-1.,0.));
#5437 = ORIENTED_EDGE('',*,*,#4847,.T.);
#5438 = ORIENTED_EDGE('',*,*,#4799,.F.);
#5439 = PLANE('',#5440);
#5440 = AXIS2_PLACEMENT_3D('',#5441,#5442,#5443);
#5441 = CARTESIAN_POINT('',(0.15,-3.61,-2.35));
#5442 = DIRECTION('',(0.707106781187,1.734896939651E-18,-0.707106781187)
  );
#5443 = DIRECTION('',(-1.226757390687E-18,1.,1.226757390687E-18));
#5444 = ADVANCED_FACE('',(#5445),#5456,.T.);
#5445 = FACE_BOUND('',#5446,.F.);
#5446 = EDGE_LOOP('',(#5447,#5448,#5449,#5450));
#5447 = ORIENTED_EDGE('',*,*,#4887,.F.);
#5448 = ORIENTED_EDGE('',*,*,#4831,.T.);
#5449 = ORIENTED_EDGE('',*,*,#4863,.F.);
#5450 = ORIENTED_EDGE('',*,*,#5451,.F.);
#5451 = EDGE_CURVE('',#4888,#4856,#5452,.T.);
#5452 = LINE('',#5453,#5454);
#5453 = CARTESIAN_POINT('',(-0.1,-3.61,-2.4));
#5454 = VECTOR('',#5455,1.);
#5455 = DIRECTION('',(0.,-1.,0.));
#5456 = PLANE('',#5457);
#5457 = AXIS2_PLACEMENT_3D('',#5458,#5459,#5460);
#5458 = CARTESIAN_POINT('',(-0.15,-3.61,-2.35));
#5459 = DIRECTION('',(-0.707106781187,-1.734896939651E-18,
    -0.707106781187));
#5460 = DIRECTION('',(-1.226757390687E-18,1.,-1.226757390687E-18));
#5461 = ADVANCED_FACE('',(#5462),#5468,.T.);
#5462 = FACE_BOUND('',#5463,.T.);
#5463 = EDGE_LOOP('',(#5464,#5465,#5466,#5467));
#5464 = ORIENTED_EDGE('',*,*,#5432,.T.);
#5465 = ORIENTED_EDGE('',*,*,#4855,.T.);
#5466 = ORIENTED_EDGE('',*,*,#5451,.F.);
#5467 = ORIENTED_EDGE('',*,*,#4895,.F.);
#5468 = PLANE('',#5469);
#5469 = AXIS2_PLACEMENT_3D('',#5470,#5471,#5472);
#5470 = CARTESIAN_POINT('',(0.2,-3.61,-2.4));
#5471 = DIRECTION('',(-0.,-0.,-1.));
#5472 = DIRECTION('',(-1.,0.,0.));
#5473 = ADVANCED_FACE('',(#5474),#5480,.T.);
#5474 = FACE_BOUND('',#5475,.T.);
#5475 = EDGE_LOOP('',(#5476,#5477,#5478,#5479));
#5476 = ORIENTED_EDGE('',*,*,#4991,.T.);
#5477 = ORIENTED_EDGE('',*,*,#4974,.T.);
#5478 = ORIENTED_EDGE('',*,*,#4950,.F.);
#5479 = ORIENTED_EDGE('',*,*,#4926,.F.);
#5480 = PLANE('',#5481);
#5481 = AXIS2_PLACEMENT_3D('',#5482,#5483,#5484);
#5482 = CARTESIAN_POINT('',(5.5,-2.34,1.25));
#5483 = DIRECTION('',(1.,0.,0.));
#5484 = DIRECTION('',(0.,0.,-1.));
#5485 = ADVANCED_FACE('',(#5486),#5492,.T.);
#5486 = FACE_BOUND('',#5487,.T.);
#5487 = EDGE_LOOP('',(#5488,#5489,#5490,#5491));
#5488 = ORIENTED_EDGE('',*,*,#5022,.T.);
#5489 = ORIENTED_EDGE('',*,*,#5087,.T.);
#5490 = ORIENTED_EDGE('',*,*,#5070,.F.);
#5491 = ORIENTED_EDGE('',*,*,#5046,.F.);
#5492 = PLANE('',#5493);
#5493 = AXIS2_PLACEMENT_3D('',#5494,#5495,#5496);
#5494 = CARTESIAN_POINT('',(5.5,-1.07,1.25));
#5495 = DIRECTION('',(1.,0.,0.));
#5496 = DIRECTION('',(0.,0.,-1.));
#5497 = ADVANCED_FACE('',(#5498),#5504,.T.);
#5498 = FACE_BOUND('',#5499,.T.);
#5499 = EDGE_LOOP('',(#5500,#5501,#5502,#5503));
#5500 = ORIENTED_EDGE('',*,*,#5166,.T.);
#5501 = ORIENTED_EDGE('',*,*,#5142,.T.);
#5502 = ORIENTED_EDGE('',*,*,#5118,.F.);
#5503 = ORIENTED_EDGE('',*,*,#5183,.F.);
#5504 = PLANE('',#5505);
#5505 = AXIS2_PLACEMENT_3D('',#5506,#5507,#5508);
#5506 = CARTESIAN_POINT('',(5.5,0.2,1.25));
#5507 = DIRECTION('',(1.,0.,0.));
#5508 = DIRECTION('',(0.,0.,-1.));
#5509 = ADVANCED_FACE('',(#5510),#5516,.T.);
#5510 = FACE_BOUND('',#5511,.T.);
#5511 = EDGE_LOOP('',(#5512,#5513,#5514,#5515));
#5512 = ORIENTED_EDGE('',*,*,#5262,.T.);
#5513 = ORIENTED_EDGE('',*,*,#5238,.T.);
#5514 = ORIENTED_EDGE('',*,*,#5214,.F.);
#5515 = ORIENTED_EDGE('',*,*,#5279,.F.);
#5516 = PLANE('',#5517);
#5517 = AXIS2_PLACEMENT_3D('',#5518,#5519,#5520);
#5518 = CARTESIAN_POINT('',(5.5,-3.61,1.25));
#5519 = DIRECTION('',(1.,0.,0.));
#5520 = DIRECTION('',(0.,0.,-1.));
#5521 = ( GEOMETRIC_REPRESENTATION_CONTEXT(3) 
GLOBAL_UNCERTAINTY_ASSIGNED_CONTEXT((#5525)) 
GLOBAL_UNIT_ASSIGNED_CONTEXT((#5522,#5523,#5524)) REPRESENTATION_CONTEXT
('Context #1','3D Context with UNIT and UNCERTAINTY') );
#5522 = ( LENGTH_UNIT() NAMED_UNIT(*) SI_UNIT(.MILLI.,.METRE.) );
#5523 = ( NAMED_UNIT(*) PLANE_ANGLE_UNIT() SI_UNIT($,.RADIAN.) );
#5524 = ( NAMED_UNIT(*) SI_UNIT($,.STERADIAN.) SOLID_ANGLE_UNIT() );
#5525 = UNCERTAINTY_MEASURE_WITH_UNIT(LENGTH_MEASURE(1.E-07),#5522,
  'distance_accuracy_value','confusion accuracy');
#5526 = CONTEXT_DEPENDENT_SHAPE_REPRESENTATION(#5527,#5529);
#5527 = ( REPRESENTATION_RELATIONSHIP('','',#2336,#2313) 
REPRESENTATION_RELATIONSHIP_WITH_TRANSFORMATION(#5528) 
SHAPE_REPRESENTATION_RELATIONSHIP() );
#5528 = ITEM_DEFINED_TRANSFORMATION('','',#11,#2314);
#5529 = PRODUCT_DEFINITION_SHAPE('Placement','Placement of an item',
  #5530);
#5530 = NEXT_ASSEMBLY_USAGE_OCCURRENCE('5','=>[0:1:1:7]','',#2308,#2331,
  $);
#5531 = PRODUCT_RELATED_PRODUCT_CATEGORY('part',$,(#2333));
#5532 = SHAPE_DEFINITION_REPRESENTATION(#5533,#5539);
#5533 = PRODUCT_DEFINITION_SHAPE('','',#5534);
#5534 = PRODUCT_DEFINITION('design','',#5535,#5538);
#5535 = PRODUCT_DEFINITION_FORMATION('','',#5536);
#5536 = PRODUCT('BME688_Daughterboard_PCB','BME688_Daughterboard_PCB',''
  ,(#5537));
#5537 = PRODUCT_CONTEXT('',#2,'mechanical');
#5538 = PRODUCT_DEFINITION_CONTEXT('part definition',#2,'design');
#5539 = ADVANCED_BREP_SHAPE_REPRESENTATION('',(#11,#5540),#5846);
#5540 = MANIFOLD_SOLID_BREP('',#5541);
#5541 = CLOSED_SHELL('',(#5542,#5582,#5613,#5644,#5705,#5766,#5778,#5795
    ,#5812,#5829));
#5542 = ADVANCED_FACE('',(#5543),#5577,.T.);
#5543 = FACE_BOUND('',#5544,.T.);
#5544 = EDGE_LOOP('',(#5545,#5555,#5563,#5571));
#5545 = ORIENTED_EDGE('',*,*,#5546,.T.);
#5546 = EDGE_CURVE('',#5547,#5549,#5551,.T.);
#5547 = VERTEX_POINT('',#5548);
#5548 = CARTESIAN_POINT('',(107.5,-107.5,0.));
#5549 = VERTEX_POINT('',#5550);
#5550 = CARTESIAN_POINT('',(107.5,-107.5,1.51));
#5551 = LINE('',#5552,#5553);
#5552 = CARTESIAN_POINT('',(107.5,-107.5,0.));
#5553 = VECTOR('',#5554,1.);
#5554 = DIRECTION('',(0.,0.,1.));
#5555 = ORIENTED_EDGE('',*,*,#5556,.T.);
#5556 = EDGE_CURVE('',#5549,#5557,#5559,.T.);
#5557 = VERTEX_POINT('',#5558);
#5558 = CARTESIAN_POINT('',(100.,-107.5,1.51));
#5559 = LINE('',#5560,#5561);
#5560 = CARTESIAN_POINT('',(107.5,-107.5,1.51));
#5561 = VECTOR('',#5562,1.);
#5562 = DIRECTION('',(-1.,0.,0.));
#5563 = ORIENTED_EDGE('',*,*,#5564,.F.);
#5564 = EDGE_CURVE('',#5565,#5557,#5567,.T.);
#5565 = VERTEX_POINT('',#5566);
#5566 = CARTESIAN_POINT('',(100.,-107.5,0.));
#5567 = LINE('',#5568,#5569);
#5568 = CARTESIAN_POINT('',(100.,-107.5,0.));
#5569 = VECTOR('',#5570,1.);
#5570 = DIRECTION('',(0.,0.,1.));
#5571 = ORIENTED_EDGE('',*,*,#5572,.F.);
#5572 = EDGE_CURVE('',#5547,#5565,#5573,.T.);
#5573 = LINE('',#5574,#5575);
#5574 = CARTESIAN_POINT('',(107.5,-107.5,0.));
#5575 = VECTOR('',#5576,1.);
#5576 = DIRECTION('',(-1.,0.,0.));
#5577 = PLANE('',#5578);
#5578 = AXIS2_PLACEMENT_3D('',#5579,#5580,#5581);
#5579 = CARTESIAN_POINT('',(107.5,-107.5,0.));
#5580 = DIRECTION('',(0.,-1.,0.));
#5581 = DIRECTION('',(-1.,0.,0.));
#5582 = ADVANCED_FACE('',(#5583),#5608,.T.);
#5583 = FACE_BOUND('',#5584,.T.);
#5584 = EDGE_LOOP('',(#5585,#5595,#5601,#5602));
#5585 = ORIENTED_EDGE('',*,*,#5586,.T.);
#5586 = EDGE_CURVE('',#5587,#5589,#5591,.T.);
#5587 = VERTEX_POINT('',#5588);
#5588 = CARTESIAN_POINT('',(107.5,-100.,0.));
#5589 = VERTEX_POINT('',#5590);
#5590 = CARTESIAN_POINT('',(107.5,-100.,1.51));
#5591 = LINE('',#5592,#5593);
#5592 = CARTESIAN_POINT('',(107.5,-100.,0.));
#5593 = VECTOR('',#5594,1.);
#5594 = DIRECTION('',(0.,0.,1.));
#5595 = ORIENTED_EDGE('',*,*,#5596,.T.);
#5596 = EDGE_CURVE('',#5589,#5549,#5597,.T.);
#5597 = LINE('',#5598,#5599);
#5598 = CARTESIAN_POINT('',(107.5,-100.,1.51));
#5599 = VECTOR('',#5600,1.);
#5600 = DIRECTION('',(0.,-1.,0.));
#5601 = ORIENTED_EDGE('',*,*,#5546,.F.);
#5602 = ORIENTED_EDGE('',*,*,#5603,.F.);
#5603 = EDGE_CURVE('',#5587,#5547,#5604,.T.);
#5604 = LINE('',#5605,#5606);
#5605 = CARTESIAN_POINT('',(107.5,-100.,0.));
#5606 = VECTOR('',#5607,1.);
#5607 = DIRECTION('',(0.,-1.,0.));
#5608 = PLANE('',#5609);
#5609 = AXIS2_PLACEMENT_3D('',#5610,#5611,#5612);
#5610 = CARTESIAN_POINT('',(107.5,-100.,0.));
#5611 = DIRECTION('',(1.,0.,-0.));
#5612 = DIRECTION('',(0.,-1.,0.));
#5613 = ADVANCED_FACE('',(#5614),#5639,.T.);
#5614 = FACE_BOUND('',#5615,.T.);
#5615 = EDGE_LOOP('',(#5616,#5617,#5625,#5633));
#5616 = ORIENTED_EDGE('',*,*,#5564,.T.);
#5617 = ORIENTED_EDGE('',*,*,#5618,.T.);
#5618 = EDGE_CURVE('',#5557,#5619,#5621,.T.);
#5619 = VERTEX_POINT('',#5620);
#5620 = CARTESIAN_POINT('',(100.,-100.,1.51));
#5621 = LINE('',#5622,#5623);
#5622 = CARTESIAN_POINT('',(100.,-107.5,1.51));
#5623 = VECTOR('',#5624,1.);
#5624 = DIRECTION('',(0.,1.,0.));
#5625 = ORIENTED_EDGE('',*,*,#5626,.F.);
#5626 = EDGE_CURVE('',#5627,#5619,#5629,.T.);
#5627 = VERTEX_POINT('',#5628);
#5628 = CARTESIAN_POINT('',(100.,-100.,0.));
#5629 = LINE('',#5630,#5631);
#5630 = CARTESIAN_POINT('',(100.,-100.,0.));
#5631 = VECTOR('',#5632,1.);
#5632 = DIRECTION('',(0.,0.,1.));
#5633 = ORIENTED_EDGE('',*,*,#5634,.F.);
#5634 = EDGE_CURVE('',#5565,#5627,#5635,.T.);
#5635 = LINE('',#5636,#5637);
#5636 = CARTESIAN_POINT('',(100.,-107.5,0.));
#5637 = VECTOR('',#5638,1.);
#5638 = DIRECTION('',(0.,1.,0.));
#5639 = PLANE('',#5640);
#5640 = AXIS2_PLACEMENT_3D('',#5641,#5642,#5643);
#5641 = CARTESIAN_POINT('',(100.,-107.5,0.));
#5642 = DIRECTION('',(-1.,0.,0.));
#5643 = DIRECTION('',(0.,1.,0.));
#5644 = ADVANCED_FACE('',(#5645,#5656,#5667,#5678,#5689),#5700,.F.);
#5645 = FACE_BOUND('',#5646,.F.);
#5646 = EDGE_LOOP('',(#5647,#5648,#5649,#5655));
#5647 = ORIENTED_EDGE('',*,*,#5572,.F.);
#5648 = ORIENTED_EDGE('',*,*,#5603,.F.);
#5649 = ORIENTED_EDGE('',*,*,#5650,.F.);
#5650 = EDGE_CURVE('',#5627,#5587,#5651,.T.);
#5651 = LINE('',#5652,#5653);
#5652 = CARTESIAN_POINT('',(100.,-100.,0.));
#5653 = VECTOR('',#5654,1.);
#5654 = DIRECTION('',(1.,0.,0.));
#5655 = ORIENTED_EDGE('',*,*,#5634,.F.);
#5656 = FACE_BOUND('',#5657,.F.);
#5657 = EDGE_LOOP('',(#5658));
#5658 = ORIENTED_EDGE('',*,*,#5659,.T.);
#5659 = EDGE_CURVE('',#5660,#5660,#5662,.T.);
#5660 = VERTEX_POINT('',#5661);
#5661 = CARTESIAN_POINT('',(105.8,-105.98,0.));
#5662 = CIRCLE('',#5663,0.325);
#5663 = AXIS2_PLACEMENT_3D('',#5664,#5665,#5666);
#5664 = CARTESIAN_POINT('',(105.8,-105.655,0.));
#5665 = DIRECTION('',(-0.,0.,-1.));
#5666 = DIRECTION('',(-0.,-1.,0.));
#5667 = FACE_BOUND('',#5668,.F.);
#5668 = EDGE_LOOP('',(#5669));
#5669 = ORIENTED_EDGE('',*,*,#5670,.T.);
#5670 = EDGE_CURVE('',#5671,#5671,#5673,.T.);
#5671 = VERTEX_POINT('',#5672);
#5672 = CARTESIAN_POINT('',(105.8,-104.71,0.));
#5673 = CIRCLE('',#5674,0.325);
#5674 = AXIS2_PLACEMENT_3D('',#5675,#5676,#5677);
#5675 = CARTESIAN_POINT('',(105.8,-104.385,0.));
#5676 = DIRECTION('',(-0.,0.,-1.));
#5677 = DIRECTION('',(-0.,-1.,0.));
#5678 = FACE_BOUND('',#5679,.F.);
#5679 = EDGE_LOOP('',(#5680));
#5680 = ORIENTED_EDGE('',*,*,#5681,.T.);
#5681 = EDGE_CURVE('',#5682,#5682,#5684,.T.);
#5682 = VERTEX_POINT('',#5683);
#5683 = CARTESIAN_POINT('',(105.8,-103.44,0.));
#5684 = CIRCLE('',#5685,0.325);
#5685 = AXIS2_PLACEMENT_3D('',#5686,#5687,#5688);
#5686 = CARTESIAN_POINT('',(105.8,-103.115,0.));
#5687 = DIRECTION('',(-0.,0.,-1.));
#5688 = DIRECTION('',(-0.,-1.,0.));
#5689 = FACE_BOUND('',#5690,.F.);
#5690 = EDGE_LOOP('',(#5691));
#5691 = ORIENTED_EDGE('',*,*,#5692,.T.);
#5692 = EDGE_CURVE('',#5693,#5693,#5695,.T.);
#5693 = VERTEX_POINT('',#5694);
#5694 = CARTESIAN_POINT('',(105.8,-102.17,0.));
#5695 = CIRCLE('',#5696,0.325);
#5696 = AXIS2_PLACEMENT_3D('',#5697,#5698,#5699);
#5697 = CARTESIAN_POINT('',(105.8,-101.845,0.));
#5698 = DIRECTION('',(-0.,0.,-1.));
#5699 = DIRECTION('',(-0.,-1.,0.));
#5700 = PLANE('',#5701);
#5701 = AXIS2_PLACEMENT_3D('',#5702,#5703,#5704);
#5702 = CARTESIAN_POINT('',(0.,0.,0.));
#5703 = DIRECTION('',(0.,0.,1.));
#5704 = DIRECTION('',(1.,0.,-0.));
#5705 = ADVANCED_FACE('',(#5706,#5717,#5728,#5739,#5750),#5761,.T.);
#5706 = FACE_BOUND('',#5707,.T.);
#5707 = EDGE_LOOP('',(#5708,#5709,#5710,#5716));
#5708 = ORIENTED_EDGE('',*,*,#5556,.F.);
#5709 = ORIENTED_EDGE('',*,*,#5596,.F.);
#5710 = ORIENTED_EDGE('',*,*,#5711,.F.);
#5711 = EDGE_CURVE('',#5619,#5589,#5712,.T.);
#5712 = LINE('',#5713,#5714);
#5713 = CARTESIAN_POINT('',(100.,-100.,1.51));
#5714 = VECTOR('',#5715,1.);
#5715 = DIRECTION('',(1.,0.,0.));
#5716 = ORIENTED_EDGE('',*,*,#5618,.F.);
#5717 = FACE_BOUND('',#5718,.T.);
#5718 = EDGE_LOOP('',(#5719));
#5719 = ORIENTED_EDGE('',*,*,#5720,.T.);
#5720 = EDGE_CURVE('',#5721,#5721,#5723,.T.);
#5721 = VERTEX_POINT('',#5722);
#5722 = CARTESIAN_POINT('',(105.8,-105.98,1.51));
#5723 = CIRCLE('',#5724,0.325);
#5724 = AXIS2_PLACEMENT_3D('',#5725,#5726,#5727);
#5725 = CARTESIAN_POINT('',(105.8,-105.655,1.51));
#5726 = DIRECTION('',(-0.,0.,-1.));
#5727 = DIRECTION('',(-0.,-1.,0.));
#5728 = FACE_BOUND('',#5729,.T.);
#5729 = EDGE_LOOP('',(#5730));
#5730 = ORIENTED_EDGE('',*,*,#5731,.T.);
#5731 = EDGE_CURVE('',#5732,#5732,#5734,.T.);
#5732 = VERTEX_POINT('',#5733);
#5733 = CARTESIAN_POINT('',(105.8,-104.71,1.51));
#5734 = CIRCLE('',#5735,0.325);
#5735 = AXIS2_PLACEMENT_3D('',#5736,#5737,#5738);
#5736 = CARTESIAN_POINT('',(105.8,-104.385,1.51));
#5737 = DIRECTION('',(-0.,0.,-1.));
#5738 = DIRECTION('',(-0.,-1.,0.));
#5739 = FACE_BOUND('',#5740,.T.);
#5740 = EDGE_LOOP('',(#5741));
#5741 = ORIENTED_EDGE('',*,*,#5742,.T.);
#5742 = EDGE_CURVE('',#5743,#5743,#5745,.T.);
#5743 = VERTEX_POINT('',#5744);
#5744 = CARTESIAN_POINT('',(105.8,-103.44,1.51));
#5745 = CIRCLE('',#5746,0.325);
#5746 = AXIS2_PLACEMENT_3D('',#5747,#5748,#5749);
#5747 = CARTESIAN_POINT('',(105.8,-103.115,1.51));
#5748 = DIRECTION('',(-0.,0.,-1.));
#5749 = DIRECTION('',(-0.,-1.,0.));
#5750 = FACE_BOUND('',#5751,.T.);
#5751 = EDGE_LOOP('',(#5752));
#5752 = ORIENTED_EDGE('',*,*,#5753,.T.);
#5753 = EDGE_CURVE('',#5754,#5754,#5756,.T.);
#5754 = VERTEX_POINT('',#5755);
#5755 = CARTESIAN_POINT('',(105.8,-102.17,1.51));
#5756 = CIRCLE('',#5757,0.325);
#5757 = AXIS2_PLACEMENT_3D('',#5758,#5759,#5760);
#5758 = CARTESIAN_POINT('',(105.8,-101.845,1.51));
#5759 = DIRECTION('',(-0.,0.,-1.));
#5760 = DIRECTION('',(-0.,-1.,0.));
#5761 = PLANE('',#5762);
#5762 = AXIS2_PLACEMENT_3D('',#5763,#5764,#5765);
#5763 = CARTESIAN_POINT('',(0.,0.,1.51));
#5764 = DIRECTION('',(0.,0.,1.));
#5765 = DIRECTION('',(1.,0.,-0.));
#5766 = ADVANCED_FACE('',(#5767),#5773,.T.);
#5767 = FACE_BOUND('',#5768,.T.);
#5768 = EDGE_LOOP('',(#5769,#5770,#5771,#5772));
#5769 = ORIENTED_EDGE('',*,*,#5626,.T.);
#5770 = ORIENTED_EDGE('',*,*,#5711,.T.);
#5771 = ORIENTED_EDGE('',*,*,#5586,.F.);
#5772 = ORIENTED_EDGE('',*,*,#5650,.F.);
#5773 = PLANE('',#5774);
#5774 = AXIS2_PLACEMENT_3D('',#5775,#5776,#5777);
#5775 = CARTESIAN_POINT('',(100.,-100.,0.));
#5776 = DIRECTION('',(0.,1.,0.));
#5777 = DIRECTION('',(1.,0.,0.));
#5778 = ADVANCED_FACE('',(#5779),#5790,.F.);
#5779 = FACE_BOUND('',#5780,.T.);
#5780 = EDGE_LOOP('',(#5781,#5782,#5788,#5789));
#5781 = ORIENTED_EDGE('',*,*,#5659,.T.);
#5782 = ORIENTED_EDGE('',*,*,#5783,.T.);
#5783 = EDGE_CURVE('',#5660,#5721,#5784,.T.);
#5784 = LINE('',#5785,#5786);
#5785 = CARTESIAN_POINT('',(105.8,-105.98,-4.6E-02));
#5786 = VECTOR('',#5787,1.);
#5787 = DIRECTION('',(0.,0.,1.));
#5788 = ORIENTED_EDGE('',*,*,#5720,.F.);
#5789 = ORIENTED_EDGE('',*,*,#5783,.F.);
#5790 = CYLINDRICAL_SURFACE('',#5791,0.325);
#5791 = AXIS2_PLACEMENT_3D('',#5792,#5793,#5794);
#5792 = CARTESIAN_POINT('',(105.8,-105.655,-4.6E-02));
#5793 = DIRECTION('',(-0.,-0.,-1.));
#5794 = DIRECTION('',(-0.,-1.,0.));
#5795 = ADVANCED_FACE('',(#5796),#5807,.F.);
#5796 = FACE_BOUND('',#5797,.T.);
#5797 = EDGE_LOOP('',(#5798,#5799,#5805,#5806));
#5798 = ORIENTED_EDGE('',*,*,#5670,.T.);
#5799 = ORIENTED_EDGE('',*,*,#5800,.T.);
#5800 = EDGE_CURVE('',#5671,#5732,#5801,.T.);
#5801 = LINE('',#5802,#5803);
#5802 = CARTESIAN_POINT('',(105.8,-104.71,-4.6E-02));
#5803 = VECTOR('',#5804,1.);
#5804 = DIRECTION('',(0.,0.,1.));
#5805 = ORIENTED_EDGE('',*,*,#5731,.F.);
#5806 = ORIENTED_EDGE('',*,*,#5800,.F.);
#5807 = CYLINDRICAL_SURFACE('',#5808,0.325);
#5808 = AXIS2_PLACEMENT_3D('',#5809,#5810,#5811);
#5809 = CARTESIAN_POINT('',(105.8,-104.385,-4.6E-02));
#5810 = DIRECTION('',(-0.,-0.,-1.));
#5811 = DIRECTION('',(-0.,-1.,0.));
#5812 = ADVANCED_FACE('',(#5813),#5824,.F.);
#5813 = FACE_BOUND('',#5814,.T.);
#5814 = EDGE_LOOP('',(#5815,#5816,#5822,#5823));
#5815 = ORIENTED_EDGE('',*,*,#5681,.T.);
#5816 = ORIENTED_EDGE('',*,*,#5817,.T.);
#5817 = EDGE_CURVE('',#5682,#5743,#5818,.T.);
#5818 = LINE('',#5819,#5820);
#5819 = CARTESIAN_POINT('',(105.8,-103.44,-4.6E-02));
#5820 = VECTOR('',#5821,1.);
#5821 = DIRECTION('',(0.,0.,1.));
#5822 = ORIENTED_EDGE('',*,*,#5742,.F.);
#5823 = ORIENTED_EDGE('',*,*,#5817,.F.);
#5824 = CYLINDRICAL_SURFACE('',#5825,0.325);
#5825 = AXIS2_PLACEMENT_3D('',#5826,#5827,#5828);
#5826 = CARTESIAN_POINT('',(105.8,-103.115,-4.6E-02));
#5827 = DIRECTION('',(-0.,-0.,-1.));
#5828 = DIRECTION('',(-0.,-1.,0.));
#5829 = ADVANCED_FACE('',(#5830),#5841,.F.);
#5830 = FACE_BOUND('',#5831,.T.);
#5831 = EDGE_LOOP('',(#5832,#5833,#5839,#5840));
#5832 = ORIENTED_EDGE('',*,*,#5692,.T.);
#5833 = ORIENTED_EDGE('',*,*,#5834,.T.);
#5834 = EDGE_CURVE('',#5693,#5754,#5835,.T.);
#5835 = LINE('',#5836,#5837);
#5836 = CARTESIAN_POINT('',(105.8,-102.17,-4.6E-02));
#5837 = VECTOR('',#5838,1.);
#5838 = DIRECTION('',(0.,0.,1.));
#5839 = ORIENTED_EDGE('',*,*,#5753,.F.);
#5840 = ORIENTED_EDGE('',*,*,#5834,.F.);
#5841 = CYLINDRICAL_SURFACE('',#5842,0.325);
#5842 = AXIS2_PLACEMENT_3D('',#5843,#5844,#5845);
#5843 = CARTESIAN_POINT('',(105.8,-101.845,-4.6E-02));
#5844 = DIRECTION('',(-0.,-0.,-1.));
#5845 = DIRECTION('',(-0.,-1.,0.));
#5846 = ( GEOMETRIC_REPRESENTATION_CONTEXT(3) 
GLOBAL_UNCERTAINTY_ASSIGNED_CONTEXT((#5850)) 
GLOBAL_UNIT_ASSIGNED_CONTEXT((#5847,#5848,#5849)) REPRESENTATION_CONTEXT
('Context #1','3D Context with UNIT and UNCERTAINTY') );
#5847 = ( LENGTH_UNIT() NAMED_UNIT(*) SI_UNIT(.MILLI.,.METRE.) );
#5848 = ( NAMED_UNIT(*) PLANE_ANGLE_UNIT() SI_UNIT($,.RADIAN.) );
#5849 = ( NAMED_UNIT(*) SI_UNIT($,.STERADIAN.) SOLID_ANGLE_UNIT() );
#5850 = UNCERTAINTY_MEASURE_WITH_UNIT(LENGTH_MEASURE(1.E-07),#5847,
  'distance_accuracy_value','confusion accuracy');
#5851 = CONTEXT_DEPENDENT_SHAPE_REPRESENTATION(#5852,#5854);
#5852 = ( REPRESENTATION_RELATIONSHIP('','',#5539,#10) 
REPRESENTATION_RELATIONSHIP_WITH_TRANSFORMATION(#5853) 
SHAPE_REPRESENTATION_RELATIONSHIP() );
#5853 = ITEM_DEFINED_TRANSFORMATION('','',#11,#27);
#5854 = PRODUCT_DEFINITION_SHAPE('Placement','Placement of an item',
  #5855);
#5855 = NEXT_ASSEMBLY_USAGE_OCCURRENCE('7','=>[0:1:1:8]','',#5,#5534,$);
#5856 = PRODUCT_RELATED_PRODUCT_CATEGORY('part',$,(#5536));
#5857 = MECHANICAL_DESIGN_GEOMETRIC_PRESENTATION_REPRESENTATION('',(
    #5858),#5846);
#5858 = STYLED_ITEM('color',(#5859),#5540);
#5859 = PRESENTATION_STYLE_ASSIGNMENT((#5860));
#5860 = SURFACE_STYLE_USAGE(.BOTH.,#5861);
#5861 = SURFACE_SIDE_STYLE('',(#5862));
#5862 = SURFACE_STYLE_FILL_AREA(#5863);
#5863 = FILL_AREA_STYLE('',(#5864));
#5864 = FILL_AREA_STYLE_COLOUR('',#5865);
#5865 = COLOUR_RGB('',0.313304153717,0.484529207832,0.410020903123);
#5866 = MECHANICAL_DESIGN_GEOMETRIC_PRESENTATION_REPRESENTATION('',(
    #5867,#5875,#5882,#5889,#5896,#5903,#5910,#5917,#5924,#5931,#5938,
    #5945,#5952,#5959,#5966,#5973,#5980,#5987,#5994,#6001,#6008,#6015,
    #6022,#6029,#6036,#6043,#6050,#6057,#6064,#6072,#6079,#6086,#6093,
    #6100,#6107,#6114,#6121,#6128,#6135,#6142,#6149,#6156,#6163,#6170,
    #6177,#6184,#6191,#6198,#6205,#6212,#6219,#6226,#6233,#6240,#6247,
    #6254,#6261,#6268,#6275,#6282,#6289,#6296,#6303,#6310,#6317,#6324,
    #6331,#6338,#6345,#6352,#6359,#6366,#6373,#6380,#6387,#6394,#6401,
    #6408,#6415,#6422,#6429,#6436,#6443,#6450,#6457,#6464,#6471,#6478,
    #6485,#6492,#6499,#6506,#6513,#6520,#6527,#6534,#6541,#6548,#6555,
    #6562,#6569,#6576,#6583,#6590,#6597,#6604,#6611,#6618,#6625,#6632,
    #6639,#6646),#5521);
#5867 = STYLED_ITEM('color',(#5868),#2339);
#5868 = PRESENTATION_STYLE_ASSIGNMENT((#5869));
#5869 = SURFACE_STYLE_USAGE(.BOTH.,#5870);
#5870 = SURFACE_SIDE_STYLE('',(#5871));
#5871 = SURFACE_STYLE_FILL_AREA(#5872);
#5872 = FILL_AREA_STYLE('',(#5873));
#5873 = FILL_AREA_STYLE_COLOUR('',#5874);
#5874 = COLOUR_RGB('',0.147999998088,0.144999993226,0.144999993226);
#5875 = STYLED_ITEM('color',(#5876),#2379);
#5876 = PRESENTATION_STYLE_ASSIGNMENT((#5877));
#5877 = SURFACE_STYLE_USAGE(.BOTH.,#5878);
#5878 = SURFACE_SIDE_STYLE('',(#5879));
#5879 = SURFACE_STYLE_FILL_AREA(#5880);
#5880 = FILL_AREA_STYLE('',(#5881));
#5881 = FILL_AREA_STYLE_COLOUR('',#5874);
#5882 = STYLED_ITEM('color',(#5883),#2410);
#5883 = PRESENTATION_STYLE_ASSIGNMENT((#5884));
#5884 = SURFACE_STYLE_USAGE(.BOTH.,#5885);
#5885 = SURFACE_SIDE_STYLE('',(#5886));
#5886 = SURFACE_STYLE_FILL_AREA(#5887);
#5887 = FILL_AREA_STYLE('',(#5888));
#5888 = FILL_AREA_STYLE_COLOUR('',#5874);
#5889 = STYLED_ITEM('color',(#5890),#2441);
#5890 = PRESENTATION_STYLE_ASSIGNMENT((#5891));
#5891 = SURFACE_STYLE_USAGE(.BOTH.,#5892);
#5892 = SURFACE_SIDE_STYLE('',(#5893));
#5893 = SURFACE_STYLE_FILL_AREA(#5894);
#5894 = FILL_AREA_STYLE('',(#5895));
#5895 = FILL_AREA_STYLE_COLOUR('',#5874);
#5896 = STYLED_ITEM('color',(#5897),#2770);
#5897 = PRESENTATION_STYLE_ASSIGNMENT((#5898));
#5898 = SURFACE_STYLE_USAGE(.BOTH.,#5899);
#5899 = SURFACE_SIDE_STYLE('',(#5900));
#5900 = SURFACE_STYLE_FILL_AREA(#5901);
#5901 = FILL_AREA_STYLE('',(#5902));
#5902 = FILL_AREA_STYLE_COLOUR('',#5874);
#5903 = STYLED_ITEM('color',(#5904),#3099);
#5904 = PRESENTATION_STYLE_ASSIGNMENT((#5905));
#5905 = SURFACE_STYLE_USAGE(.BOTH.,#5906);
#5906 = SURFACE_SIDE_STYLE('',(#5907));
#5907 = SURFACE_STYLE_FILL_AREA(#5908);
#5908 = FILL_AREA_STYLE('',(#5909));
#5909 = FILL_AREA_STYLE_COLOUR('',#5874);
#5910 = STYLED_ITEM('color',(#5911),#3116);
#5911 = PRESENTATION_STYLE_ASSIGNMENT((#5912));
#5912 = SURFACE_STYLE_USAGE(.BOTH.,#5913);
#5913 = SURFACE_SIDE_STYLE('',(#5914));
#5914 = SURFACE_STYLE_FILL_AREA(#5915);
#5915 = FILL_AREA_STYLE('',(#5916));
#5916 = FILL_AREA_STYLE_COLOUR('',#5874);
#5917 = STYLED_ITEM('color',(#5918),#3133);
#5918 = PRESENTATION_STYLE_ASSIGNMENT((#5919));
#5919 = SURFACE_STYLE_USAGE(.BOTH.,#5920);
#5920 = SURFACE_SIDE_STYLE('',(#5921));
#5921 = SURFACE_STYLE_FILL_AREA(#5922);
#5922 = FILL_AREA_STYLE('',(#5923));
#5923 = FILL_AREA_STYLE_COLOUR('',#5874);
#5924 = STYLED_ITEM('color',(#5925),#3150);
#5925 = PRESENTATION_STYLE_ASSIGNMENT((#5926));
#5926 = SURFACE_STYLE_USAGE(.BOTH.,#5927);
#5927 = SURFACE_SIDE_STYLE('',(#5928));
#5928 = SURFACE_STYLE_FILL_AREA(#5929);
#5929 = FILL_AREA_STYLE('',(#5930));
#5930 = FILL_AREA_STYLE_COLOUR('',#5874);
#5931 = STYLED_ITEM('color',(#5932),#3167);
#5932 = PRESENTATION_STYLE_ASSIGNMENT((#5933));
#5933 = SURFACE_STYLE_USAGE(.BOTH.,#5934);
#5934 = SURFACE_SIDE_STYLE('',(#5935));
#5935 = SURFACE_STYLE_FILL_AREA(#5936);
#5936 = FILL_AREA_STYLE('',(#5937));
#5937 = FILL_AREA_STYLE_COLOUR('',#5874);
#5938 = STYLED_ITEM('color',(#5939),#3184);
#5939 = PRESENTATION_STYLE_ASSIGNMENT((#5940));
#5940 = SURFACE_STYLE_USAGE(.BOTH.,#5941);
#5941 = SURFACE_SIDE_STYLE('',(#5942));
#5942 = SURFACE_STYLE_FILL_AREA(#5943);
#5943 = FILL_AREA_STYLE('',(#5944));
#5944 = FILL_AREA_STYLE_COLOUR('',#5874);
#5945 = STYLED_ITEM('color',(#5946),#3201);
#5946 = PRESENTATION_STYLE_ASSIGNMENT((#5947));
#5947 = SURFACE_STYLE_USAGE(.BOTH.,#5948);
#5948 = SURFACE_SIDE_STYLE('',(#5949));
#5949 = SURFACE_STYLE_FILL_AREA(#5950);
#5950 = FILL_AREA_STYLE('',(#5951));
#5951 = FILL_AREA_STYLE_COLOUR('',#5874);
#5952 = STYLED_ITEM('color',(#5953),#3218);
#5953 = PRESENTATION_STYLE_ASSIGNMENT((#5954));
#5954 = SURFACE_STYLE_USAGE(.BOTH.,#5955);
#5955 = SURFACE_SIDE_STYLE('',(#5956));
#5956 = SURFACE_STYLE_FILL_AREA(#5957);
#5957 = FILL_AREA_STYLE('',(#5958));
#5958 = FILL_AREA_STYLE_COLOUR('',#5874);
#5959 = STYLED_ITEM('color',(#5960),#3235);
#5960 = PRESENTATION_STYLE_ASSIGNMENT((#5961));
#5961 = SURFACE_STYLE_USAGE(.BOTH.,#5962);
#5962 = SURFACE_SIDE_STYLE('',(#5963));
#5963 = SURFACE_STYLE_FILL_AREA(#5964);
#5964 = FILL_AREA_STYLE('',(#5965));
#5965 = FILL_AREA_STYLE_COLOUR('',#5874);
#5966 = STYLED_ITEM('color',(#5967),#3252);
#5967 = PRESENTATION_STYLE_ASSIGNMENT((#5968));
#5968 = SURFACE_STYLE_USAGE(.BOTH.,#5969);
#5969 = SURFACE_SIDE_STYLE('',(#5970));
#5970 = SURFACE_STYLE_FILL_AREA(#5971);
#5971 = FILL_AREA_STYLE('',(#5972));
#5972 = FILL_AREA_STYLE_COLOUR('',#5874);
#5973 = STYLED_ITEM('color',(#5974),#3269);
#5974 = PRESENTATION_STYLE_ASSIGNMENT((#5975));
#5975 = SURFACE_STYLE_USAGE(.BOTH.,#5976);
#5976 = SURFACE_SIDE_STYLE('',(#5977));
#5977 = SURFACE_STYLE_FILL_AREA(#5978);
#5978 = FILL_AREA_STYLE('',(#5979));
#5979 = FILL_AREA_STYLE_COLOUR('',#5874);
#5980 = STYLED_ITEM('color',(#5981),#3286);
#5981 = PRESENTATION_STYLE_ASSIGNMENT((#5982));
#5982 = SURFACE_STYLE_USAGE(.BOTH.,#5983);
#5983 = SURFACE_SIDE_STYLE('',(#5984));
#5984 = SURFACE_STYLE_FILL_AREA(#5985);
#5985 = FILL_AREA_STYLE('',(#5986));
#5986 = FILL_AREA_STYLE_COLOUR('',#5874);
#5987 = STYLED_ITEM('color',(#5988),#3303);
#5988 = PRESENTATION_STYLE_ASSIGNMENT((#5989));
#5989 = SURFACE_STYLE_USAGE(.BOTH.,#5990);
#5990 = SURFACE_SIDE_STYLE('',(#5991));
#5991 = SURFACE_STYLE_FILL_AREA(#5992);
#5992 = FILL_AREA_STYLE('',(#5993));
#5993 = FILL_AREA_STYLE_COLOUR('',#5874);
#5994 = STYLED_ITEM('color',(#5995),#3320);
#5995 = PRESENTATION_STYLE_ASSIGNMENT((#5996));
#5996 = SURFACE_STYLE_USAGE(.BOTH.,#5997);
#5997 = SURFACE_SIDE_STYLE('',(#5998));
#5998 = SURFACE_STYLE_FILL_AREA(#5999);
#5999 = FILL_AREA_STYLE('',(#6000));
#6000 = FILL_AREA_STYLE_COLOUR('',#5874);
#6001 = STYLED_ITEM('color',(#6002),#3337);
#6002 = PRESENTATION_STYLE_ASSIGNMENT((#6003));
#6003 = SURFACE_STYLE_USAGE(.BOTH.,#6004);
#6004 = SURFACE_SIDE_STYLE('',(#6005));
#6005 = SURFACE_STYLE_FILL_AREA(#6006);
#6006 = FILL_AREA_STYLE('',(#6007));
#6007 = FILL_AREA_STYLE_COLOUR('',#5874);
#6008 = STYLED_ITEM('color',(#6009),#3354);
#6009 = PRESENTATION_STYLE_ASSIGNMENT((#6010));
#6010 = SURFACE_STYLE_USAGE(.BOTH.,#6011);
#6011 = SURFACE_SIDE_STYLE('',(#6012));
#6012 = SURFACE_STYLE_FILL_AREA(#6013);
#6013 = FILL_AREA_STYLE('',(#6014));
#6014 = FILL_AREA_STYLE_COLOUR('',#5874);
#6015 = STYLED_ITEM('color',(#6016),#3371);
#6016 = PRESENTATION_STYLE_ASSIGNMENT((#6017));
#6017 = SURFACE_STYLE_USAGE(.BOTH.,#6018);
#6018 = SURFACE_SIDE_STYLE('',(#6019));
#6019 = SURFACE_STYLE_FILL_AREA(#6020);
#6020 = FILL_AREA_STYLE('',(#6021));
#6021 = FILL_AREA_STYLE_COLOUR('',#5874);
#6022 = STYLED_ITEM('color',(#6023),#3388);
#6023 = PRESENTATION_STYLE_ASSIGNMENT((#6024));
#6024 = SURFACE_STYLE_USAGE(.BOTH.,#6025);
#6025 = SURFACE_SIDE_STYLE('',(#6026));
#6026 = SURFACE_STYLE_FILL_AREA(#6027);
#6027 = FILL_AREA_STYLE('',(#6028));
#6028 = FILL_AREA_STYLE_COLOUR('',#5874);
#6029 = STYLED_ITEM('color',(#6030),#3405);
#6030 = PRESENTATION_STYLE_ASSIGNMENT((#6031));
#6031 = SURFACE_STYLE_USAGE(.BOTH.,#6032);
#6032 = SURFACE_SIDE_STYLE('',(#6033));
#6033 = SURFACE_STYLE_FILL_AREA(#6034);
#6034 = FILL_AREA_STYLE('',(#6035));
#6035 = FILL_AREA_STYLE_COLOUR('',#5874);
#6036 = STYLED_ITEM('color',(#6037),#3422);
#6037 = PRESENTATION_STYLE_ASSIGNMENT((#6038));
#6038 = SURFACE_STYLE_USAGE(.BOTH.,#6039);
#6039 = SURFACE_SIDE_STYLE('',(#6040));
#6040 = SURFACE_STYLE_FILL_AREA(#6041);
#6041 = FILL_AREA_STYLE('',(#6042));
#6042 = FILL_AREA_STYLE_COLOUR('',#5874);
#6043 = STYLED_ITEM('color',(#6044),#3439);
#6044 = PRESENTATION_STYLE_ASSIGNMENT((#6045));
#6045 = SURFACE_STYLE_USAGE(.BOTH.,#6046);
#6046 = SURFACE_SIDE_STYLE('',(#6047));
#6047 = SURFACE_STYLE_FILL_AREA(#6048);
#6048 = FILL_AREA_STYLE('',(#6049));
#6049 = FILL_AREA_STYLE_COLOUR('',#5874);
#6050 = STYLED_ITEM('color',(#6051),#3456);
#6051 = PRESENTATION_STYLE_ASSIGNMENT((#6052));
#6052 = SURFACE_STYLE_USAGE(.BOTH.,#6053);
#6053 = SURFACE_SIDE_STYLE('',(#6054));
#6054 = SURFACE_STYLE_FILL_AREA(#6055);
#6055 = FILL_AREA_STYLE('',(#6056));
#6056 = FILL_AREA_STYLE_COLOUR('',#5874);
#6057 = STYLED_ITEM('color',(#6058),#3473);
#6058 = PRESENTATION_STYLE_ASSIGNMENT((#6059));
#6059 = SURFACE_STYLE_USAGE(.BOTH.,#6060);
#6060 = SURFACE_SIDE_STYLE('',(#6061));
#6061 = SURFACE_STYLE_FILL_AREA(#6062);
#6062 = FILL_AREA_STYLE('',(#6063));
#6063 = FILL_AREA_STYLE_COLOUR('',#5874);
#6064 = STYLED_ITEM('color',(#6065),#3485);
#6065 = PRESENTATION_STYLE_ASSIGNMENT((#6066));
#6066 = SURFACE_STYLE_USAGE(.BOTH.,#6067);
#6067 = SURFACE_SIDE_STYLE('',(#6068));
#6068 = SURFACE_STYLE_FILL_AREA(#6069);
#6069 = FILL_AREA_STYLE('',(#6070));
#6070 = FILL_AREA_STYLE_COLOUR('',#6071);
#6071 = COLOUR_RGB('',0.859000020776,0.737999965183,0.495999988746);
#6072 = STYLED_ITEM('color',(#6073),#3541);
#6073 = PRESENTATION_STYLE_ASSIGNMENT((#6074));
#6074 = SURFACE_STYLE_USAGE(.BOTH.,#6075);
#6075 = SURFACE_SIDE_STYLE('',(#6076));
#6076 = SURFACE_STYLE_FILL_AREA(#6077);
#6077 = FILL_AREA_STYLE('',(#6078));
#6078 = FILL_AREA_STYLE_COLOUR('',#6071);
#6079 = STYLED_ITEM('color',(#6080),#3565);
#6080 = PRESENTATION_STYLE_ASSIGNMENT((#6081));
#6081 = SURFACE_STYLE_USAGE(.BOTH.,#6082);
#6082 = SURFACE_SIDE_STYLE('',(#6083));
#6083 = SURFACE_STYLE_FILL_AREA(#6084);
#6084 = FILL_AREA_STYLE('',(#6085));
#6085 = FILL_AREA_STYLE_COLOUR('',#6071);
#6086 = STYLED_ITEM('color',(#6087),#3614);
#6087 = PRESENTATION_STYLE_ASSIGNMENT((#6088));
#6088 = SURFACE_STYLE_USAGE(.BOTH.,#6089);
#6089 = SURFACE_SIDE_STYLE('',(#6090));
#6090 = SURFACE_STYLE_FILL_AREA(#6091);
#6091 = FILL_AREA_STYLE('',(#6092));
#6092 = FILL_AREA_STYLE_COLOUR('',#6071);
#6093 = STYLED_ITEM('color',(#6094),#3631);
#6094 = PRESENTATION_STYLE_ASSIGNMENT((#6095));
#6095 = SURFACE_STYLE_USAGE(.BOTH.,#6096);
#6096 = SURFACE_SIDE_STYLE('',(#6097));
#6097 = SURFACE_STYLE_FILL_AREA(#6098);
#6098 = FILL_AREA_STYLE('',(#6099));
#6099 = FILL_AREA_STYLE_COLOUR('',#6071);
#6100 = STYLED_ITEM('color',(#6101),#3662);
#6101 = PRESENTATION_STYLE_ASSIGNMENT((#6102));
#6102 = SURFACE_STYLE_USAGE(.BOTH.,#6103);
#6103 = SURFACE_SIDE_STYLE('',(#6104));
#6104 = SURFACE_STYLE_FILL_AREA(#6105);
#6105 = FILL_AREA_STYLE('',(#6106));
#6106 = FILL_AREA_STYLE_COLOUR('',#6071);
#6107 = STYLED_ITEM('color',(#6108),#3711);
#6108 = PRESENTATION_STYLE_ASSIGNMENT((#6109));
#6109 = SURFACE_STYLE_USAGE(.BOTH.,#6110);
#6110 = SURFACE_SIDE_STYLE('',(#6111));
#6111 = SURFACE_STYLE_FILL_AREA(#6112);
#6112 = FILL_AREA_STYLE('',(#6113));
#6113 = FILL_AREA_STYLE_COLOUR('',#6071);
#6114 = STYLED_ITEM('color',(#6115),#3735);
#6115 = PRESENTATION_STYLE_ASSIGNMENT((#6116));
#6116 = SURFACE_STYLE_USAGE(.BOTH.,#6117);
#6117 = SURFACE_SIDE_STYLE('',(#6118));
#6118 = SURFACE_STYLE_FILL_AREA(#6119);
#6119 = FILL_AREA_STYLE('',(#6120));
#6120 = FILL_AREA_STYLE_COLOUR('',#6071);
#6121 = STYLED_ITEM('color',(#6122),#3777);
#6122 = PRESENTATION_STYLE_ASSIGNMENT((#6123));
#6123 = SURFACE_STYLE_USAGE(.BOTH.,#6124);
#6124 = SURFACE_SIDE_STYLE('',(#6125));
#6125 = SURFACE_STYLE_FILL_AREA(#6126);
#6126 = FILL_AREA_STYLE('',(#6127));
#6127 = FILL_AREA_STYLE_COLOUR('',#6071);
#6128 = STYLED_ITEM('color',(#6129),#3808);
#6129 = PRESENTATION_STYLE_ASSIGNMENT((#6130));
#6130 = SURFACE_STYLE_USAGE(.BOTH.,#6131);
#6131 = SURFACE_SIDE_STYLE('',(#6132));
#6132 = SURFACE_STYLE_FILL_AREA(#6133);
#6133 = FILL_AREA_STYLE('',(#6134));
#6134 = FILL_AREA_STYLE_COLOUR('',#6071);
#6135 = STYLED_ITEM('color',(#6136),#3857);
#6136 = PRESENTATION_STYLE_ASSIGNMENT((#6137));
#6137 = SURFACE_STYLE_USAGE(.BOTH.,#6138);
#6138 = SURFACE_SIDE_STYLE('',(#6139));
#6139 = SURFACE_STYLE_FILL_AREA(#6140);
#6140 = FILL_AREA_STYLE('',(#6141));
#6141 = FILL_AREA_STYLE_COLOUR('',#6071);
#6142 = STYLED_ITEM('color',(#6143),#3881);
#6143 = PRESENTATION_STYLE_ASSIGNMENT((#6144));
#6144 = SURFACE_STYLE_USAGE(.BOTH.,#6145);
#6145 = SURFACE_SIDE_STYLE('',(#6146));
#6146 = SURFACE_STYLE_FILL_AREA(#6147);
#6147 = FILL_AREA_STYLE('',(#6148));
#6148 = FILL_AREA_STYLE_COLOUR('',#6071);
#6149 = STYLED_ITEM('color',(#6150),#3923);
#6150 = PRESENTATION_STYLE_ASSIGNMENT((#6151));
#6151 = SURFACE_STYLE_USAGE(.BOTH.,#6152);
#6152 = SURFACE_SIDE_STYLE('',(#6153));
#6153 = SURFACE_STYLE_FILL_AREA(#6154);
#6154 = FILL_AREA_STYLE('',(#6155));
#6155 = FILL_AREA_STYLE_COLOUR('',#6071);
#6156 = STYLED_ITEM('color',(#6157),#3954);
#6157 = PRESENTATION_STYLE_ASSIGNMENT((#6158));
#6158 = SURFACE_STYLE_USAGE(.BOTH.,#6159);
#6159 = SURFACE_SIDE_STYLE('',(#6160));
#6160 = SURFACE_STYLE_FILL_AREA(#6161);
#6161 = FILL_AREA_STYLE('',(#6162));
#6162 = FILL_AREA_STYLE_COLOUR('',#6071);
#6163 = STYLED_ITEM('color',(#6164),#4003);
#6164 = PRESENTATION_STYLE_ASSIGNMENT((#6165));
#6165 = SURFACE_STYLE_USAGE(.BOTH.,#6166);
#6166 = SURFACE_SIDE_STYLE('',(#6167));
#6167 = SURFACE_STYLE_FILL_AREA(#6168);
#6168 = FILL_AREA_STYLE('',(#6169));
#6169 = FILL_AREA_STYLE_COLOUR('',#6071);
#6170 = STYLED_ITEM('color',(#6171),#4027);
#6171 = PRESENTATION_STYLE_ASSIGNMENT((#6172));
#6172 = SURFACE_STYLE_USAGE(.BOTH.,#6173);
#6173 = SURFACE_SIDE_STYLE('',(#6174));
#6174 = SURFACE_STYLE_FILL_AREA(#6175);
#6175 = FILL_AREA_STYLE('',(#6176));
#6176 = FILL_AREA_STYLE_COLOUR('',#6071);
#6177 = STYLED_ITEM('color',(#6178),#4069);
#6178 = PRESENTATION_STYLE_ASSIGNMENT((#6179));
#6179 = SURFACE_STYLE_USAGE(.BOTH.,#6180);
#6180 = SURFACE_SIDE_STYLE('',(#6181));
#6181 = SURFACE_STYLE_FILL_AREA(#6182);
#6182 = FILL_AREA_STYLE('',(#6183));
#6183 = FILL_AREA_STYLE_COLOUR('',#6071);
#6184 = STYLED_ITEM('color',(#6185),#4100);
#6185 = PRESENTATION_STYLE_ASSIGNMENT((#6186));
#6186 = SURFACE_STYLE_USAGE(.BOTH.,#6187);
#6187 = SURFACE_SIDE_STYLE('',(#6188));
#6188 = SURFACE_STYLE_FILL_AREA(#6189);
#6189 = FILL_AREA_STYLE('',(#6190));
#6190 = FILL_AREA_STYLE_COLOUR('',#6071);
#6191 = STYLED_ITEM('color',(#6192),#4124);
#6192 = PRESENTATION_STYLE_ASSIGNMENT((#6193));
#6193 = SURFACE_STYLE_USAGE(.BOTH.,#6194);
#6194 = SURFACE_SIDE_STYLE('',(#6195));
#6195 = SURFACE_STYLE_FILL_AREA(#6196);
#6196 = FILL_AREA_STYLE('',(#6197));
#6197 = FILL_AREA_STYLE_COLOUR('',#6071);
#6198 = STYLED_ITEM('color',(#6199),#4148);
#6199 = PRESENTATION_STYLE_ASSIGNMENT((#6200));
#6200 = SURFACE_STYLE_USAGE(.BOTH.,#6201);
#6201 = SURFACE_SIDE_STYLE('',(#6202));
#6202 = SURFACE_STYLE_FILL_AREA(#6203);
#6203 = FILL_AREA_STYLE('',(#6204));
#6204 = FILL_AREA_STYLE_COLOUR('',#6071);
#6205 = STYLED_ITEM('color',(#6206),#4165);
#6206 = PRESENTATION_STYLE_ASSIGNMENT((#6207));
#6207 = SURFACE_STYLE_USAGE(.BOTH.,#6208);
#6208 = SURFACE_SIDE_STYLE('',(#6209));
#6209 = SURFACE_STYLE_FILL_AREA(#6210);
#6210 = FILL_AREA_STYLE('',(#6211));
#6211 = FILL_AREA_STYLE_COLOUR('',#6071);
#6212 = STYLED_ITEM('color',(#6213),#4196);
#6213 = PRESENTATION_STYLE_ASSIGNMENT((#6214));
#6214 = SURFACE_STYLE_USAGE(.BOTH.,#6215);
#6215 = SURFACE_SIDE_STYLE('',(#6216));
#6216 = SURFACE_STYLE_FILL_AREA(#6217);
#6217 = FILL_AREA_STYLE('',(#6218));
#6218 = FILL_AREA_STYLE_COLOUR('',#6071);
#6219 = STYLED_ITEM('color',(#6220),#4220);
#6220 = PRESENTATION_STYLE_ASSIGNMENT((#6221));
#6221 = SURFACE_STYLE_USAGE(.BOTH.,#6222);
#6222 = SURFACE_SIDE_STYLE('',(#6223));
#6223 = SURFACE_STYLE_FILL_AREA(#6224);
#6224 = FILL_AREA_STYLE('',(#6225));
#6225 = FILL_AREA_STYLE_COLOUR('',#6071);
#6226 = STYLED_ITEM('color',(#6227),#4244);
#6227 = PRESENTATION_STYLE_ASSIGNMENT((#6228));
#6228 = SURFACE_STYLE_USAGE(.BOTH.,#6229);
#6229 = SURFACE_SIDE_STYLE('',(#6230));
#6230 = SURFACE_STYLE_FILL_AREA(#6231);
#6231 = FILL_AREA_STYLE('',(#6232));
#6232 = FILL_AREA_STYLE_COLOUR('',#6071);
#6233 = STYLED_ITEM('color',(#6234),#4261);
#6234 = PRESENTATION_STYLE_ASSIGNMENT((#6235));
#6235 = SURFACE_STYLE_USAGE(.BOTH.,#6236);
#6236 = SURFACE_SIDE_STYLE('',(#6237));
#6237 = SURFACE_STYLE_FILL_AREA(#6238);
#6238 = FILL_AREA_STYLE('',(#6239));
#6239 = FILL_AREA_STYLE_COLOUR('',#6071);
#6240 = STYLED_ITEM('color',(#6241),#4292);
#6241 = PRESENTATION_STYLE_ASSIGNMENT((#6242));
#6242 = SURFACE_STYLE_USAGE(.BOTH.,#6243);
#6243 = SURFACE_SIDE_STYLE('',(#6244));
#6244 = SURFACE_STYLE_FILL_AREA(#6245);
#6245 = FILL_AREA_STYLE('',(#6246));
#6246 = FILL_AREA_STYLE_COLOUR('',#6071);
#6247 = STYLED_ITEM('color',(#6248),#4316);
#6248 = PRESENTATION_STYLE_ASSIGNMENT((#6249));
#6249 = SURFACE_STYLE_USAGE(.BOTH.,#6250);
#6250 = SURFACE_SIDE_STYLE('',(#6251));
#6251 = SURFACE_STYLE_FILL_AREA(#6252);
#6252 = FILL_AREA_STYLE('',(#6253));
#6253 = FILL_AREA_STYLE_COLOUR('',#6071);
#6254 = STYLED_ITEM('color',(#6255),#4340);
#6255 = PRESENTATION_STYLE_ASSIGNMENT((#6256));
#6256 = SURFACE_STYLE_USAGE(.BOTH.,#6257);
#6257 = SURFACE_SIDE_STYLE('',(#6258));
#6258 = SURFACE_STYLE_FILL_AREA(#6259);
#6259 = FILL_AREA_STYLE('',(#6260));
#6260 = FILL_AREA_STYLE_COLOUR('',#6071);
#6261 = STYLED_ITEM('color',(#6262),#4357);
#6262 = PRESENTATION_STYLE_ASSIGNMENT((#6263));
#6263 = SURFACE_STYLE_USAGE(.BOTH.,#6264);
#6264 = SURFACE_SIDE_STYLE('',(#6265));
#6265 = SURFACE_STYLE_FILL_AREA(#6266);
#6266 = FILL_AREA_STYLE('',(#6267));
#6267 = FILL_AREA_STYLE_COLOUR('',#6071);
#6268 = STYLED_ITEM('color',(#6269),#4388);
#6269 = PRESENTATION_STYLE_ASSIGNMENT((#6270));
#6270 = SURFACE_STYLE_USAGE(.BOTH.,#6271);
#6271 = SURFACE_SIDE_STYLE('',(#6272));
#6272 = SURFACE_STYLE_FILL_AREA(#6273);
#6273 = FILL_AREA_STYLE('',(#6274));
#6274 = FILL_AREA_STYLE_COLOUR('',#6071);
#6275 = STYLED_ITEM('color',(#6276),#4412);
#6276 = PRESENTATION_STYLE_ASSIGNMENT((#6277));
#6277 = SURFACE_STYLE_USAGE(.BOTH.,#6278);
#6278 = SURFACE_SIDE_STYLE('',(#6279));
#6279 = SURFACE_STYLE_FILL_AREA(#6280);
#6280 = FILL_AREA_STYLE('',(#6281));
#6281 = FILL_AREA_STYLE_COLOUR('',#6071);
#6282 = STYLED_ITEM('color',(#6283),#4436);
#6283 = PRESENTATION_STYLE_ASSIGNMENT((#6284));
#6284 = SURFACE_STYLE_USAGE(.BOTH.,#6285);
#6285 = SURFACE_SIDE_STYLE('',(#6286));
#6286 = SURFACE_STYLE_FILL_AREA(#6287);
#6287 = FILL_AREA_STYLE('',(#6288));
#6288 = FILL_AREA_STYLE_COLOUR('',#6071);
#6289 = STYLED_ITEM('color',(#6290),#4453);
#6290 = PRESENTATION_STYLE_ASSIGNMENT((#6291));
#6291 = SURFACE_STYLE_USAGE(.BOTH.,#6292);
#6292 = SURFACE_SIDE_STYLE('',(#6293));
#6293 = SURFACE_STYLE_FILL_AREA(#6294);
#6294 = FILL_AREA_STYLE('',(#6295));
#6295 = FILL_AREA_STYLE_COLOUR('',#6071);
#6296 = STYLED_ITEM('color',(#6297),#4470);
#6297 = PRESENTATION_STYLE_ASSIGNMENT((#6298));
#6298 = SURFACE_STYLE_USAGE(.BOTH.,#6299);
#6299 = SURFACE_SIDE_STYLE('',(#6300));
#6300 = SURFACE_STYLE_FILL_AREA(#6301);
#6301 = FILL_AREA_STYLE('',(#6302));
#6302 = FILL_AREA_STYLE_COLOUR('',#6071);
#6303 = STYLED_ITEM('color',(#6304),#4487);
#6304 = PRESENTATION_STYLE_ASSIGNMENT((#6305));
#6305 = SURFACE_STYLE_USAGE(.BOTH.,#6306);
#6306 = SURFACE_SIDE_STYLE('',(#6307));
#6307 = SURFACE_STYLE_FILL_AREA(#6308);
#6308 = FILL_AREA_STYLE('',(#6309));
#6309 = FILL_AREA_STYLE_COLOUR('',#6071);
#6310 = STYLED_ITEM('color',(#6311),#4518);
#6311 = PRESENTATION_STYLE_ASSIGNMENT((#6312));
#6312 = SURFACE_STYLE_USAGE(.BOTH.,#6313);
#6313 = SURFACE_SIDE_STYLE('',(#6314));
#6314 = SURFACE_STYLE_FILL_AREA(#6315);
#6315 = FILL_AREA_STYLE('',(#6316));
#6316 = FILL_AREA_STYLE_COLOUR('',#6071);
#6317 = STYLED_ITEM('color',(#6318),#4535);
#6318 = PRESENTATION_STYLE_ASSIGNMENT((#6319));
#6319 = SURFACE_STYLE_USAGE(.BOTH.,#6320);
#6320 = SURFACE_SIDE_STYLE('',(#6321));
#6321 = SURFACE_STYLE_FILL_AREA(#6322);
#6322 = FILL_AREA_STYLE('',(#6323));
#6323 = FILL_AREA_STYLE_COLOUR('',#6071);
#6324 = STYLED_ITEM('color',(#6325),#4566);
#6325 = PRESENTATION_STYLE_ASSIGNMENT((#6326));
#6326 = SURFACE_STYLE_USAGE(.BOTH.,#6327);
#6327 = SURFACE_SIDE_STYLE('',(#6328));
#6328 = SURFACE_STYLE_FILL_AREA(#6329);
#6329 = FILL_AREA_STYLE('',(#6330));
#6330 = FILL_AREA_STYLE_COLOUR('',#6071);
#6331 = STYLED_ITEM('color',(#6332),#4583);
#6332 = PRESENTATION_STYLE_ASSIGNMENT((#6333));
#6333 = SURFACE_STYLE_USAGE(.BOTH.,#6334);
#6334 = SURFACE_SIDE_STYLE('',(#6335));
#6335 = SURFACE_STYLE_FILL_AREA(#6336);
#6336 = FILL_AREA_STYLE('',(#6337));
#6337 = FILL_AREA_STYLE_COLOUR('',#6071);
#6338 = STYLED_ITEM('color',(#6339),#4600);
#6339 = PRESENTATION_STYLE_ASSIGNMENT((#6340));
#6340 = SURFACE_STYLE_USAGE(.BOTH.,#6341);
#6341 = SURFACE_SIDE_STYLE('',(#6342));
#6342 = SURFACE_STYLE_FILL_AREA(#6343);
#6343 = FILL_AREA_STYLE('',(#6344));
#6344 = FILL_AREA_STYLE_COLOUR('',#6071);
#6345 = STYLED_ITEM('color',(#6346),#4631);
#6346 = PRESENTATION_STYLE_ASSIGNMENT((#6347));
#6347 = SURFACE_STYLE_USAGE(.BOTH.,#6348);
#6348 = SURFACE_SIDE_STYLE('',(#6349));
#6349 = SURFACE_STYLE_FILL_AREA(#6350);
#6350 = FILL_AREA_STYLE('',(#6351));
#6351 = FILL_AREA_STYLE_COLOUR('',#6071);
#6352 = STYLED_ITEM('color',(#6353),#4648);
#6353 = PRESENTATION_STYLE_ASSIGNMENT((#6354));
#6354 = SURFACE_STYLE_USAGE(.BOTH.,#6355);
#6355 = SURFACE_SIDE_STYLE('',(#6356));
#6356 = SURFACE_STYLE_FILL_AREA(#6357);
#6357 = FILL_AREA_STYLE('',(#6358));
#6358 = FILL_AREA_STYLE_COLOUR('',#6071);
#6359 = STYLED_ITEM('color',(#6360),#4679);
#6360 = PRESENTATION_STYLE_ASSIGNMENT((#6361));
#6361 = SURFACE_STYLE_USAGE(.BOTH.,#6362);
#6362 = SURFACE_SIDE_STYLE('',(#6363));
#6363 = SURFACE_STYLE_FILL_AREA(#6364);
#6364 = FILL_AREA_STYLE('',(#6365));
#6365 = FILL_AREA_STYLE_COLOUR('',#6071);
#6366 = STYLED_ITEM('color',(#6367),#4696);
#6367 = PRESENTATION_STYLE_ASSIGNMENT((#6368));
#6368 = SURFACE_STYLE_USAGE(.BOTH.,#6369);
#6369 = SURFACE_SIDE_STYLE('',(#6370));
#6370 = SURFACE_STYLE_FILL_AREA(#6371);
#6371 = FILL_AREA_STYLE('',(#6372));
#6372 = FILL_AREA_STYLE_COLOUR('',#6071);
#6373 = STYLED_ITEM('color',(#6374),#4713);
#6374 = PRESENTATION_STYLE_ASSIGNMENT((#6375));
#6375 = SURFACE_STYLE_USAGE(.BOTH.,#6376);
#6376 = SURFACE_SIDE_STYLE('',(#6377));
#6377 = SURFACE_STYLE_FILL_AREA(#6378);
#6378 = FILL_AREA_STYLE('',(#6379));
#6379 = FILL_AREA_STYLE_COLOUR('',#6071);
#6380 = STYLED_ITEM('color',(#6381),#4730);
#6381 = PRESENTATION_STYLE_ASSIGNMENT((#6382));
#6382 = SURFACE_STYLE_USAGE(.BOTH.,#6383);
#6383 = SURFACE_SIDE_STYLE('',(#6384));
#6384 = SURFACE_STYLE_FILL_AREA(#6385);
#6385 = FILL_AREA_STYLE('',(#6386));
#6386 = FILL_AREA_STYLE_COLOUR('',#6071);
#6387 = STYLED_ITEM('color',(#6388),#4761);
#6388 = PRESENTATION_STYLE_ASSIGNMENT((#6389));
#6389 = SURFACE_STYLE_USAGE(.BOTH.,#6390);
#6390 = SURFACE_SIDE_STYLE('',(#6391));
#6391 = SURFACE_STYLE_FILL_AREA(#6392);
#6392 = FILL_AREA_STYLE('',(#6393));
#6393 = FILL_AREA_STYLE_COLOUR('',#6071);
#6394 = STYLED_ITEM('color',(#6395),#4792);
#6395 = PRESENTATION_STYLE_ASSIGNMENT((#6396));
#6396 = SURFACE_STYLE_USAGE(.BOTH.,#6397);
#6397 = SURFACE_SIDE_STYLE('',(#6398));
#6398 = SURFACE_STYLE_FILL_AREA(#6399);
#6399 = FILL_AREA_STYLE('',(#6400));
#6400 = FILL_AREA_STYLE_COLOUR('',#6071);
#6401 = STYLED_ITEM('color',(#6402),#4809);
#6402 = PRESENTATION_STYLE_ASSIGNMENT((#6403));
#6403 = SURFACE_STYLE_USAGE(.BOTH.,#6404);
#6404 = SURFACE_SIDE_STYLE('',(#6405));
#6405 = SURFACE_STYLE_FILL_AREA(#6406);
#6406 = FILL_AREA_STYLE('',(#6407));
#6407 = FILL_AREA_STYLE_COLOUR('',#6071);
#6408 = STYLED_ITEM('color',(#6409),#4826);
#6409 = PRESENTATION_STYLE_ASSIGNMENT((#6410));
#6410 = SURFACE_STYLE_USAGE(.BOTH.,#6411);
#6411 = SURFACE_SIDE_STYLE('',(#6412));
#6412 = SURFACE_STYLE_FILL_AREA(#6413);
#6413 = FILL_AREA_STYLE('',(#6414));
#6414 = FILL_AREA_STYLE_COLOUR('',#6071);
#6415 = STYLED_ITEM('color',(#6416),#4843);
#6416 = PRESENTATION_STYLE_ASSIGNMENT((#6417));
#6417 = SURFACE_STYLE_USAGE(.BOTH.,#6418);
#6418 = SURFACE_SIDE_STYLE('',(#6419));
#6419 = SURFACE_STYLE_FILL_AREA(#6420);
#6420 = FILL_AREA_STYLE('',(#6421));
#6421 = FILL_AREA_STYLE_COLOUR('',#6071);
#6422 = STYLED_ITEM('color',(#6423),#4874);
#6423 = PRESENTATION_STYLE_ASSIGNMENT((#6424));
#6424 = SURFACE_STYLE_USAGE(.BOTH.,#6425);
#6425 = SURFACE_SIDE_STYLE('',(#6426));
#6426 = SURFACE_STYLE_FILL_AREA(#6427);
#6427 = FILL_AREA_STYLE('',(#6428));
#6428 = FILL_AREA_STYLE_COLOUR('',#6071);
#6429 = STYLED_ITEM('color',(#6430),#4905);
#6430 = PRESENTATION_STYLE_ASSIGNMENT((#6431));
#6431 = SURFACE_STYLE_USAGE(.BOTH.,#6432);
#6432 = SURFACE_SIDE_STYLE('',(#6433));
#6433 = SURFACE_STYLE_FILL_AREA(#6434);
#6434 = FILL_AREA_STYLE('',(#6435));
#6435 = FILL_AREA_STYLE_COLOUR('',#6071);
#6436 = STYLED_ITEM('color',(#6437),#4936);
#6437 = PRESENTATION_STYLE_ASSIGNMENT((#6438));
#6438 = SURFACE_STYLE_USAGE(.BOTH.,#6439);
#6439 = SURFACE_SIDE_STYLE('',(#6440));
#6440 = SURFACE_STYLE_FILL_AREA(#6441);
#6441 = FILL_AREA_STYLE('',(#6442));
#6442 = FILL_AREA_STYLE_COLOUR('',#6071);
#6443 = STYLED_ITEM('color',(#6444),#4960);
#6444 = PRESENTATION_STYLE_ASSIGNMENT((#6445));
#6445 = SURFACE_STYLE_USAGE(.BOTH.,#6446);
#6446 = SURFACE_SIDE_STYLE('',(#6447));
#6447 = SURFACE_STYLE_FILL_AREA(#6448);
#6448 = FILL_AREA_STYLE('',(#6449));
#6449 = FILL_AREA_STYLE_COLOUR('',#6071);
#6450 = STYLED_ITEM('color',(#6451),#4984);
#6451 = PRESENTATION_STYLE_ASSIGNMENT((#6452));
#6452 = SURFACE_STYLE_USAGE(.BOTH.,#6453);
#6453 = SURFACE_SIDE_STYLE('',(#6454));
#6454 = SURFACE_STYLE_FILL_AREA(#6455);
#6455 = FILL_AREA_STYLE('',(#6456));
#6456 = FILL_AREA_STYLE_COLOUR('',#6071);
#6457 = STYLED_ITEM('color',(#6458),#5001);
#6458 = PRESENTATION_STYLE_ASSIGNMENT((#6459));
#6459 = SURFACE_STYLE_USAGE(.BOTH.,#6460);
#6460 = SURFACE_SIDE_STYLE('',(#6461));
#6461 = SURFACE_STYLE_FILL_AREA(#6462);
#6462 = FILL_AREA_STYLE('',(#6463));
#6463 = FILL_AREA_STYLE_COLOUR('',#6071);
#6464 = STYLED_ITEM('color',(#6465),#5032);
#6465 = PRESENTATION_STYLE_ASSIGNMENT((#6466));
#6466 = SURFACE_STYLE_USAGE(.BOTH.,#6467);
#6467 = SURFACE_SIDE_STYLE('',(#6468));
#6468 = SURFACE_STYLE_FILL_AREA(#6469);
#6469 = FILL_AREA_STYLE('',(#6470));
#6470 = FILL_AREA_STYLE_COLOUR('',#6071);
#6471 = STYLED_ITEM('color',(#6472),#5056);
#6472 = PRESENTATION_STYLE_ASSIGNMENT((#6473));
#6473 = SURFACE_STYLE_USAGE(.BOTH.,#6474);
#6474 = SURFACE_SIDE_STYLE('',(#6475));
#6475 = SURFACE_STYLE_FILL_AREA(#6476);
#6476 = FILL_AREA_STYLE('',(#6477));
#6477 = FILL_AREA_STYLE_COLOUR('',#6071);
#6478 = STYLED_ITEM('color',(#6479),#5080);
#6479 = PRESENTATION_STYLE_ASSIGNMENT((#6480));
#6480 = SURFACE_STYLE_USAGE(.BOTH.,#6481);
#6481 = SURFACE_SIDE_STYLE('',(#6482));
#6482 = SURFACE_STYLE_FILL_AREA(#6483);
#6483 = FILL_AREA_STYLE('',(#6484));
#6484 = FILL_AREA_STYLE_COLOUR('',#6071);
#6485 = STYLED_ITEM('color',(#6486),#5097);
#6486 = PRESENTATION_STYLE_ASSIGNMENT((#6487));
#6487 = SURFACE_STYLE_USAGE(.BOTH.,#6488);
#6488 = SURFACE_SIDE_STYLE('',(#6489));
#6489 = SURFACE_STYLE_FILL_AREA(#6490);
#6490 = FILL_AREA_STYLE('',(#6491));
#6491 = FILL_AREA_STYLE_COLOUR('',#6071);
#6492 = STYLED_ITEM('color',(#6493),#5128);
#6493 = PRESENTATION_STYLE_ASSIGNMENT((#6494));
#6494 = SURFACE_STYLE_USAGE(.BOTH.,#6495);
#6495 = SURFACE_SIDE_STYLE('',(#6496));
#6496 = SURFACE_STYLE_FILL_AREA(#6497);
#6497 = FILL_AREA_STYLE('',(#6498));
#6498 = FILL_AREA_STYLE_COLOUR('',#6071);
#6499 = STYLED_ITEM('color',(#6500),#5152);
#6500 = PRESENTATION_STYLE_ASSIGNMENT((#6501));
#6501 = SURFACE_STYLE_USAGE(.BOTH.,#6502);
#6502 = SURFACE_SIDE_STYLE('',(#6503));
#6503 = SURFACE_STYLE_FILL_AREA(#6504);
#6504 = FILL_AREA_STYLE('',(#6505));
#6505 = FILL_AREA_STYLE_COLOUR('',#6071);
#6506 = STYLED_ITEM('color',(#6507),#5176);
#6507 = PRESENTATION_STYLE_ASSIGNMENT((#6508));
#6508 = SURFACE_STYLE_USAGE(.BOTH.,#6509);
#6509 = SURFACE_SIDE_STYLE('',(#6510));
#6510 = SURFACE_STYLE_FILL_AREA(#6511);
#6511 = FILL_AREA_STYLE('',(#6512));
#6512 = FILL_AREA_STYLE_COLOUR('',#6071);
#6513 = STYLED_ITEM('color',(#6514),#5193);
#6514 = PRESENTATION_STYLE_ASSIGNMENT((#6515));
#6515 = SURFACE_STYLE_USAGE(.BOTH.,#6516);
#6516 = SURFACE_SIDE_STYLE('',(#6517));
#6517 = SURFACE_STYLE_FILL_AREA(#6518);
#6518 = FILL_AREA_STYLE('',(#6519));
#6519 = FILL_AREA_STYLE_COLOUR('',#6071);
#6520 = STYLED_ITEM('color',(#6521),#5224);
#6521 = PRESENTATION_STYLE_ASSIGNMENT((#6522));
#6522 = SURFACE_STYLE_USAGE(.BOTH.,#6523);
#6523 = SURFACE_SIDE_STYLE('',(#6524));
#6524 = SURFACE_STYLE_FILL_AREA(#6525);
#6525 = FILL_AREA_STYLE('',(#6526));
#6526 = FILL_AREA_STYLE_COLOUR('',#6071);
#6527 = STYLED_ITEM('color',(#6528),#5248);
#6528 = PRESENTATION_STYLE_ASSIGNMENT((#6529));
#6529 = SURFACE_STYLE_USAGE(.BOTH.,#6530);
#6530 = SURFACE_SIDE_STYLE('',(#6531));
#6531 = SURFACE_STYLE_FILL_AREA(#6532);
#6532 = FILL_AREA_STYLE('',(#6533));
#6533 = FILL_AREA_STYLE_COLOUR('',#6071);
#6534 = STYLED_ITEM('color',(#6535),#5272);
#6535 = PRESENTATION_STYLE_ASSIGNMENT((#6536));
#6536 = SURFACE_STYLE_USAGE(.BOTH.,#6537);
#6537 = SURFACE_SIDE_STYLE('',(#6538));
#6538 = SURFACE_STYLE_FILL_AREA(#6539);
#6539 = FILL_AREA_STYLE('',(#6540));
#6540 = FILL_AREA_STYLE_COLOUR('',#6071);
#6541 = STYLED_ITEM('color',(#6542),#5289);
#6542 = PRESENTATION_STYLE_ASSIGNMENT((#6543));
#6543 = SURFACE_STYLE_USAGE(.BOTH.,#6544);
#6544 = SURFACE_SIDE_STYLE('',(#6545));
#6545 = SURFACE_STYLE_FILL_AREA(#6546);
#6546 = FILL_AREA_STYLE('',(#6547));
#6547 = FILL_AREA_STYLE_COLOUR('',#6071);
#6548 = STYLED_ITEM('color',(#6549),#5306);
#6549 = PRESENTATION_STYLE_ASSIGNMENT((#6550));
#6550 = SURFACE_STYLE_USAGE(.BOTH.,#6551);
#6551 = SURFACE_SIDE_STYLE('',(#6552));
#6552 = SURFACE_STYLE_FILL_AREA(#6553);
#6553 = FILL_AREA_STYLE('',(#6554));
#6554 = FILL_AREA_STYLE_COLOUR('',#6071);
#6555 = STYLED_ITEM('color',(#6556),#5323);
#6556 = PRESENTATION_STYLE_ASSIGNMENT((#6557));
#6557 = SURFACE_STYLE_USAGE(.BOTH.,#6558);
#6558 = SURFACE_SIDE_STYLE('',(#6559));
#6559 = SURFACE_STYLE_FILL_AREA(#6560);
#6560 = FILL_AREA_STYLE('',(#6561));
#6561 = FILL_AREA_STYLE_COLOUR('',#6071);
#6562 = STYLED_ITEM('color',(#6563),#5335);
#6563 = PRESENTATION_STYLE_ASSIGNMENT((#6564));
#6564 = SURFACE_STYLE_USAGE(.BOTH.,#6565);
#6565 = SURFACE_SIDE_STYLE('',(#6566));
#6566 = SURFACE_STYLE_FILL_AREA(#6567);
#6567 = FILL_AREA_STYLE('',(#6568));
#6568 = FILL_AREA_STYLE_COLOUR('',#6071);
#6569 = STYLED_ITEM('color',(#6570),#5352);
#6570 = PRESENTATION_STYLE_ASSIGNMENT((#6571));
#6571 = SURFACE_STYLE_USAGE(.BOTH.,#6572);
#6572 = SURFACE_SIDE_STYLE('',(#6573));
#6573 = SURFACE_STYLE_FILL_AREA(#6574);
#6574 = FILL_AREA_STYLE('',(#6575));
#6575 = FILL_AREA_STYLE_COLOUR('',#6071);
#6576 = STYLED_ITEM('color',(#6577),#5369);
#6577 = PRESENTATION_STYLE_ASSIGNMENT((#6578));
#6578 = SURFACE_STYLE_USAGE(.BOTH.,#6579);
#6579 = SURFACE_SIDE_STYLE('',(#6580));
#6580 = SURFACE_STYLE_FILL_AREA(#6581);
#6581 = FILL_AREA_STYLE('',(#6582));
#6582 = FILL_AREA_STYLE_COLOUR('',#6071);
#6583 = STYLED_ITEM('color',(#6584),#5381);
#6584 = PRESENTATION_STYLE_ASSIGNMENT((#6585));
#6585 = SURFACE_STYLE_USAGE(.BOTH.,#6586);
#6586 = SURFACE_SIDE_STYLE('',(#6587));
#6587 = SURFACE_STYLE_FILL_AREA(#6588);
#6588 = FILL_AREA_STYLE('',(#6589));
#6589 = FILL_AREA_STYLE_COLOUR('',#6071);
#6590 = STYLED_ITEM('color',(#6591),#5398);
#6591 = PRESENTATION_STYLE_ASSIGNMENT((#6592));
#6592 = SURFACE_STYLE_USAGE(.BOTH.,#6593);
#6593 = SURFACE_SIDE_STYLE('',(#6594));
#6594 = SURFACE_STYLE_FILL_AREA(#6595);
#6595 = FILL_AREA_STYLE('',(#6596));
#6596 = FILL_AREA_STYLE_COLOUR('',#6071);
#6597 = STYLED_ITEM('color',(#6598),#5415);
#6598 = PRESENTATION_STYLE_ASSIGNMENT((#6599));
#6599 = SURFACE_STYLE_USAGE(.BOTH.,#6600);
#6600 = SURFACE_SIDE_STYLE('',(#6601));
#6601 = SURFACE_STYLE_FILL_AREA(#6602);
#6602 = FILL_AREA_STYLE('',(#6603));
#6603 = FILL_AREA_STYLE_COLOUR('',#6071);
#6604 = STYLED_ITEM('color',(#6605),#5427);
#6605 = PRESENTATION_STYLE_ASSIGNMENT((#6606));
#6606 = SURFACE_STYLE_USAGE(.BOTH.,#6607);
#6607 = SURFACE_SIDE_STYLE('',(#6608));
#6608 = SURFACE_STYLE_FILL_AREA(#6609);
#6609 = FILL_AREA_STYLE('',(#6610));
#6610 = FILL_AREA_STYLE_COLOUR('',#6071);
#6611 = STYLED_ITEM('color',(#6612),#5444);
#6612 = PRESENTATION_STYLE_ASSIGNMENT((#6613));
#6613 = SURFACE_STYLE_USAGE(.BOTH.,#6614);
#6614 = SURFACE_SIDE_STYLE('',(#6615));
#6615 = SURFACE_STYLE_FILL_AREA(#6616);
#6616 = FILL_AREA_STYLE('',(#6617));
#6617 = FILL_AREA_STYLE_COLOUR('',#6071);
#6618 = STYLED_ITEM('color',(#6619),#5461);
#6619 = PRESENTATION_STYLE_ASSIGNMENT((#6620));
#6620 = SURFACE_STYLE_USAGE(.BOTH.,#6621);
#6621 = SURFACE_SIDE_STYLE('',(#6622));
#6622 = SURFACE_STYLE_FILL_AREA(#6623);
#6623 = FILL_AREA_STYLE('',(#6624));
#6624 = FILL_AREA_STYLE_COLOUR('',#6071);
#6625 = STYLED_ITEM('color',(#6626),#5473);
#6626 = PRESENTATION_STYLE_ASSIGNMENT((#6627));
#6627 = SURFACE_STYLE_USAGE(.BOTH.,#6628);
#6628 = SURFACE_SIDE_STYLE('',(#6629));
#6629 = SURFACE_STYLE_FILL_AREA(#6630);
#6630 = FILL_AREA_STYLE('',(#6631));
#6631 = FILL_AREA_STYLE_COLOUR('',#6071);
#6632 = STYLED_ITEM('color',(#6633),#5485);
#6633 = PRESENTATION_STYLE_ASSIGNMENT((#6634));
#6634 = SURFACE_STYLE_USAGE(.BOTH.,#6635);
#6635 = SURFACE_SIDE_STYLE('',(#6636));
#6636 = SURFACE_STYLE_FILL_AREA(#6637);
#6637 = FILL_AREA_STYLE('',(#6638));
#6638 = FILL_AREA_STYLE_COLOUR('',#6071);
#6639 = STYLED_ITEM('color',(#6640),#5497);
#6640 = PRESENTATION_STYLE_ASSIGNMENT((#6641));
#6641 = SURFACE_STYLE_USAGE(.BOTH.,#6642);
#6642 = SURFACE_SIDE_STYLE('',(#6643));
#6643 = SURFACE_STYLE_FILL_AREA(#6644);
#6644 = FILL_AREA_STYLE('',(#6645));
#6645 = FILL_AREA_STYLE_COLOUR('',#6071);
#6646 = STYLED_ITEM('color',(#6647),#5509);
#6647 = PRESENTATION_STYLE_ASSIGNMENT((#6648));
#6648 = SURFACE_STYLE_USAGE(.BOTH.,#6649);
#6649 = SURFACE_SIDE_STYLE('',(#6650));
#6650 = SURFACE_STYLE_FILL_AREA(#6651);
#6651 = FILL_AREA_STYLE('',(#6652));
#6652 = FILL_AREA_STYLE_COLOUR('',#6071);
#6653 = MECHANICAL_DESIGN_GEOMETRIC_PRESENTATION_REPRESENTATION('',(
    #6654,#6662,#6669,#6676,#6683,#6690,#6697,#6704,#6711,#6718,#6725,
    #6733,#6740,#6747,#6754,#6761,#6768,#6775,#6782,#6789,#6796,#6803,
    #6810,#6817,#6824,#6831,#6838,#6845),#2295);
#6654 = STYLED_ITEM('color',(#6655),#1443);
#6655 = PRESENTATION_STYLE_ASSIGNMENT((#6656));
#6656 = SURFACE_STYLE_USAGE(.BOTH.,#6657);
#6657 = SURFACE_SIDE_STYLE('',(#6658));
#6658 = SURFACE_STYLE_FILL_AREA(#6659);
#6659 = FILL_AREA_STYLE('',(#6660));
#6660 = FILL_AREA_STYLE_COLOUR('',#6661);
#6661 = COLOUR_RGB('',0.823999987314,0.819999987296,0.781000009244);
#6662 = STYLED_ITEM('color',(#6663),#1519);
#6663 = PRESENTATION_STYLE_ASSIGNMENT((#6664));
#6664 = SURFACE_STYLE_USAGE(.BOTH.,#6665);
#6665 = SURFACE_SIDE_STYLE('',(#6666));
#6666 = SURFACE_STYLE_FILL_AREA(#6667);
#6667 = FILL_AREA_STYLE('',(#6668));
#6668 = FILL_AREA_STYLE_COLOUR('',#6661);
#6669 = STYLED_ITEM('color',(#6670),#1550);
#6670 = PRESENTATION_STYLE_ASSIGNMENT((#6671));
#6671 = SURFACE_STYLE_USAGE(.BOTH.,#6672);
#6672 = SURFACE_SIDE_STYLE('',(#6673));
#6673 = SURFACE_STYLE_FILL_AREA(#6674);
#6674 = FILL_AREA_STYLE('',(#6675));
#6675 = FILL_AREA_STYLE_COLOUR('',#6661);
#6676 = STYLED_ITEM('color',(#6677),#1575);
#6677 = PRESENTATION_STYLE_ASSIGNMENT((#6678));
#6678 = SURFACE_STYLE_USAGE(.BOTH.,#6679);
#6679 = SURFACE_SIDE_STYLE('',(#6680));
#6680 = SURFACE_STYLE_FILL_AREA(#6681);
#6681 = FILL_AREA_STYLE('',(#6682));
#6682 = FILL_AREA_STYLE_COLOUR('',#6661);
#6683 = STYLED_ITEM('color',(#6684),#1600);
#6684 = PRESENTATION_STYLE_ASSIGNMENT((#6685));
#6685 = SURFACE_STYLE_USAGE(.BOTH.,#6686);
#6686 = SURFACE_SIDE_STYLE('',(#6687));
#6687 = SURFACE_STYLE_FILL_AREA(#6688);
#6688 = FILL_AREA_STYLE('',(#6689));
#6689 = FILL_AREA_STYLE_COLOUR('',#6661);
#6690 = STYLED_ITEM('color',(#6691),#1624);
#6691 = PRESENTATION_STYLE_ASSIGNMENT((#6692));
#6692 = SURFACE_STYLE_USAGE(.BOTH.,#6693);
#6693 = SURFACE_SIDE_STYLE('',(#6694));
#6694 = SURFACE_STYLE_FILL_AREA(#6695);
#6695 = FILL_AREA_STYLE('',(#6696));
#6696 = FILL_AREA_STYLE_COLOUR('',#6661);
#6697 = STYLED_ITEM('color',(#6698),#1648);
#6698 = PRESENTATION_STYLE_ASSIGNMENT((#6699));
#6699 = SURFACE_STYLE_USAGE(.BOTH.,#6700);
#6700 = SURFACE_SIDE_STYLE('',(#6701));
#6701 = SURFACE_STYLE_FILL_AREA(#6702);
#6702 = FILL_AREA_STYLE('',(#6703));
#6703 = FILL_AREA_STYLE_COLOUR('',#6661);
#6704 = STYLED_ITEM('color',(#6705),#1673);
#6705 = PRESENTATION_STYLE_ASSIGNMENT((#6706));
#6706 = SURFACE_STYLE_USAGE(.BOTH.,#6707);
#6707 = SURFACE_SIDE_STYLE('',(#6708));
#6708 = SURFACE_STYLE_FILL_AREA(#6709);
#6709 = FILL_AREA_STYLE('',(#6710));
#6710 = FILL_AREA_STYLE_COLOUR('',#6661);
#6711 = STYLED_ITEM('color',(#6712),#1698);
#6712 = PRESENTATION_STYLE_ASSIGNMENT((#6713));
#6713 = SURFACE_STYLE_USAGE(.BOTH.,#6714);
#6714 = SURFACE_SIDE_STYLE('',(#6715));
#6715 = SURFACE_STYLE_FILL_AREA(#6716);
#6716 = FILL_AREA_STYLE('',(#6717));
#6717 = FILL_AREA_STYLE_COLOUR('',#6661);
#6718 = STYLED_ITEM('color',(#6719),#1715);
#6719 = PRESENTATION_STYLE_ASSIGNMENT((#6720));
#6720 = SURFACE_STYLE_USAGE(.BOTH.,#6721);
#6721 = SURFACE_SIDE_STYLE('',(#6722));
#6722 = SURFACE_STYLE_FILL_AREA(#6723);
#6723 = FILL_AREA_STYLE('',(#6724));
#6724 = FILL_AREA_STYLE_COLOUR('',#6661);
#6725 = STYLED_ITEM('color',(#6726),#1801);
#6726 = PRESENTATION_STYLE_ASSIGNMENT((#6727));
#6727 = SURFACE_STYLE_USAGE(.BOTH.,#6728);
#6728 = SURFACE_SIDE_STYLE('',(#6729));
#6729 = SURFACE_STYLE_FILL_AREA(#6730);
#6730 = FILL_AREA_STYLE('',(#6731));
#6731 = FILL_AREA_STYLE_COLOUR('',#6732);
#6732 = COLOUR_RGB('',0.379000005575,0.270000008848,0.214999999939);
#6733 = STYLED_ITEM('color',(#6734),#1833);
#6734 = PRESENTATION_STYLE_ASSIGNMENT((#6735));
#6735 = SURFACE_STYLE_USAGE(.BOTH.,#6736);
#6736 = SURFACE_SIDE_STYLE('',(#6737));
#6737 = SURFACE_STYLE_FILL_AREA(#6738);
#6738 = FILL_AREA_STYLE('',(#6739));
#6739 = FILL_AREA_STYLE_COLOUR('',#6732);
#6740 = STYLED_ITEM('color',(#6741),#1857);
#6741 = PRESENTATION_STYLE_ASSIGNMENT((#6742));
#6742 = SURFACE_STYLE_USAGE(.BOTH.,#6743);
#6743 = SURFACE_SIDE_STYLE('',(#6744));
#6744 = SURFACE_STYLE_FILL_AREA(#6745);
#6745 = FILL_AREA_STYLE('',(#6746));
#6746 = FILL_AREA_STYLE_COLOUR('',#6732);
#6747 = STYLED_ITEM('color',(#6748),#1882);
#6748 = PRESENTATION_STYLE_ASSIGNMENT((#6749));
#6749 = SURFACE_STYLE_USAGE(.BOTH.,#6750);
#6750 = SURFACE_SIDE_STYLE('',(#6751));
#6751 = SURFACE_STYLE_FILL_AREA(#6752);
#6752 = FILL_AREA_STYLE('',(#6753));
#6753 = FILL_AREA_STYLE_COLOUR('',#6732);
#6754 = STYLED_ITEM('color',(#6755),#1906);
#6755 = PRESENTATION_STYLE_ASSIGNMENT((#6756));
#6756 = SURFACE_STYLE_USAGE(.BOTH.,#6757);
#6757 = SURFACE_SIDE_STYLE('',(#6758));
#6758 = SURFACE_STYLE_FILL_AREA(#6759);
#6759 = FILL_AREA_STYLE('',(#6760));
#6760 = FILL_AREA_STYLE_COLOUR('',#6732);
#6761 = STYLED_ITEM('color',(#6762),#1931);
#6762 = PRESENTATION_STYLE_ASSIGNMENT((#6763));
#6763 = SURFACE_STYLE_USAGE(.BOTH.,#6764);
#6764 = SURFACE_SIDE_STYLE('',(#6765));
#6765 = SURFACE_STYLE_FILL_AREA(#6766);
#6766 = FILL_AREA_STYLE('',(#6767));
#6767 = FILL_AREA_STYLE_COLOUR('',#6732);
#6768 = STYLED_ITEM('color',(#6769),#1955);
#6769 = PRESENTATION_STYLE_ASSIGNMENT((#6770));
#6770 = SURFACE_STYLE_USAGE(.BOTH.,#6771);
#6771 = SURFACE_SIDE_STYLE('',(#6772));
#6772 = SURFACE_STYLE_FILL_AREA(#6773);
#6773 = FILL_AREA_STYLE('',(#6774));
#6774 = FILL_AREA_STYLE_COLOUR('',#6732);
#6775 = STYLED_ITEM('color',(#6776),#1980);
#6776 = PRESENTATION_STYLE_ASSIGNMENT((#6777));
#6777 = SURFACE_STYLE_USAGE(.BOTH.,#6778);
#6778 = SURFACE_SIDE_STYLE('',(#6779));
#6779 = SURFACE_STYLE_FILL_AREA(#6780);
#6780 = FILL_AREA_STYLE('',(#6781));
#6781 = FILL_AREA_STYLE_COLOUR('',#6732);
#6782 = STYLED_ITEM('color',(#6783),#1997);
#6783 = PRESENTATION_STYLE_ASSIGNMENT((#6784));
#6784 = SURFACE_STYLE_USAGE(.BOTH.,#6785);
#6785 = SURFACE_SIDE_STYLE('',(#6786));
#6786 = SURFACE_STYLE_FILL_AREA(#6787);
#6787 = FILL_AREA_STYLE('',(#6788));
#6788 = FILL_AREA_STYLE_COLOUR('',#6661);
#6789 = STYLED_ITEM('color',(#6790),#2083);
#6790 = PRESENTATION_STYLE_ASSIGNMENT((#6791));
#6791 = SURFACE_STYLE_USAGE(.BOTH.,#6792);
#6792 = SURFACE_SIDE_STYLE('',(#6793));
#6793 = SURFACE_STYLE_FILL_AREA(#6794);
#6794 = FILL_AREA_STYLE('',(#6795));
#6795 = FILL_AREA_STYLE_COLOUR('',#6661);
#6796 = STYLED_ITEM('color',(#6797),#2114);
#6797 = PRESENTATION_STYLE_ASSIGNMENT((#6798));
#6798 = SURFACE_STYLE_USAGE(.BOTH.,#6799);
#6799 = SURFACE_SIDE_STYLE('',(#6800));
#6800 = SURFACE_STYLE_FILL_AREA(#6801);
#6801 = FILL_AREA_STYLE('',(#6802));
#6802 = FILL_AREA_STYLE_COLOUR('',#6661);
#6803 = STYLED_ITEM('color',(#6804),#2139);
#6804 = PRESENTATION_STYLE_ASSIGNMENT((#6805));
#6805 = SURFACE_STYLE_USAGE(.BOTH.,#6806);
#6806 = SURFACE_SIDE_STYLE('',(#6807));
#6807 = SURFACE_STYLE_FILL_AREA(#6808);
#6808 = FILL_AREA_STYLE('',(#6809));
#6809 = FILL_AREA_STYLE_COLOUR('',#6661);
#6810 = STYLED_ITEM('color',(#6811),#2164);
#6811 = PRESENTATION_STYLE_ASSIGNMENT((#6812));
#6812 = SURFACE_STYLE_USAGE(.BOTH.,#6813);
#6813 = SURFACE_SIDE_STYLE('',(#6814));
#6814 = SURFACE_STYLE_FILL_AREA(#6815);
#6815 = FILL_AREA_STYLE('',(#6816));
#6816 = FILL_AREA_STYLE_COLOUR('',#6661);
#6817 = STYLED_ITEM('color',(#6818),#2188);
#6818 = PRESENTATION_STYLE_ASSIGNMENT((#6819));
#6819 = SURFACE_STYLE_USAGE(.BOTH.,#6820);
#6820 = SURFACE_SIDE_STYLE('',(#6821));
#6821 = SURFACE_STYLE_FILL_AREA(#6822);
#6822 = FILL_AREA_STYLE('',(#6823));
#6823 = FILL_AREA_STYLE_COLOUR('',#6661);
#6824 = STYLED_ITEM('color',(#6825),#2212);
#6825 = PRESENTATION_STYLE_ASSIGNMENT((#6826));
#6826 = SURFACE_STYLE_USAGE(.BOTH.,#6827);
#6827 = SURFACE_SIDE_STYLE('',(#6828));
#6828 = SURFACE_STYLE_FILL_AREA(#6829);
#6829 = FILL_AREA_STYLE('',(#6830));
#6830 = FILL_AREA_STYLE_COLOUR('',#6661);
#6831 = STYLED_ITEM('color',(#6832),#2237);
#6832 = PRESENTATION_STYLE_ASSIGNMENT((#6833));
#6833 = SURFACE_STYLE_USAGE(.BOTH.,#6834);
#6834 = SURFACE_SIDE_STYLE('',(#6835));
#6835 = SURFACE_STYLE_FILL_AREA(#6836);
#6836 = FILL_AREA_STYLE('',(#6837));
#6837 = FILL_AREA_STYLE_COLOUR('',#6661);
#6838 = STYLED_ITEM('color',(#6839),#2262);
#6839 = PRESENTATION_STYLE_ASSIGNMENT((#6840));
#6840 = SURFACE_STYLE_USAGE(.BOTH.,#6841);
#6841 = SURFACE_SIDE_STYLE('',(#6842));
#6842 = SURFACE_STYLE_FILL_AREA(#6843);
#6843 = FILL_AREA_STYLE('',(#6844));
#6844 = FILL_AREA_STYLE_COLOUR('',#6661);
#6845 = STYLED_ITEM('color',(#6846),#2279);
#6846 = PRESENTATION_STYLE_ASSIGNMENT((#6847));
#6847 = SURFACE_STYLE_USAGE(.BOTH.,#6848);
#6848 = SURFACE_SIDE_STYLE('',(#6849));
#6849 = SURFACE_STYLE_FILL_AREA(#6850);
#6850 = FILL_AREA_STYLE('',(#6851));
#6851 = FILL_AREA_STYLE_COLOUR('',#6661);
#6852 = MECHANICAL_DESIGN_GEOMETRIC_PRESENTATION_REPRESENTATION('',(
    #6853,#6860,#6867,#6874,#6881,#6888,#6895,#6902,#6909,#6916,#6923,
    #6930,#6937,#6944,#6951,#6958,#6965,#6972,#6979,#6986,#6993,#7000,
    #7007,#7014,#7021,#7028,#7035,#7042,#7049,#7056,#7063,#7070,#7077,
    #7084,#7091,#7098,#7105,#7112,#7119,#7126,#7133,#7140,#7147,#7154,
    #7161,#7168,#7175,#7183),#1399);
#6853 = STYLED_ITEM('color',(#6854),#70);
#6854 = PRESENTATION_STYLE_ASSIGNMENT((#6855));
#6855 = SURFACE_STYLE_USAGE(.BOTH.,#6856);
#6856 = SURFACE_SIDE_STYLE('',(#6857));
#6857 = SURFACE_STYLE_FILL_AREA(#6858);
#6858 = FILL_AREA_STYLE('',(#6859));
#6859 = FILL_AREA_STYLE_COLOUR('',#6661);
#6860 = STYLED_ITEM('color',(#6861),#110);
#6861 = PRESENTATION_STYLE_ASSIGNMENT((#6862));
#6862 = SURFACE_STYLE_USAGE(.BOTH.,#6863);
#6863 = SURFACE_SIDE_STYLE('',(#6864));
#6864 = SURFACE_STYLE_FILL_AREA(#6865);
#6865 = FILL_AREA_STYLE('',(#6866));
#6866 = FILL_AREA_STYLE_COLOUR('',#6661);
#6867 = STYLED_ITEM('color',(#6868),#141);
#6868 = PRESENTATION_STYLE_ASSIGNMENT((#6869));
#6869 = SURFACE_STYLE_USAGE(.BOTH.,#6870);
#6870 = SURFACE_SIDE_STYLE('',(#6871));
#6871 = SURFACE_STYLE_FILL_AREA(#6872);
#6872 = FILL_AREA_STYLE('',(#6873));
#6873 = FILL_AREA_STYLE_COLOUR('',#6661);
#6874 = STYLED_ITEM('color',(#6875),#165);
#6875 = PRESENTATION_STYLE_ASSIGNMENT((#6876));
#6876 = SURFACE_STYLE_USAGE(.BOTH.,#6877);
#6877 = SURFACE_SIDE_STYLE('',(#6878));
#6878 = SURFACE_STYLE_FILL_AREA(#6879);
#6879 = FILL_AREA_STYLE('',(#6880));
#6880 = FILL_AREA_STYLE_COLOUR('',#6661);
#6881 = STYLED_ITEM('color',(#6882),#189);
#6882 = PRESENTATION_STYLE_ASSIGNMENT((#6883));
#6883 = SURFACE_STYLE_USAGE(.BOTH.,#6884);
#6884 = SURFACE_SIDE_STYLE('',(#6885));
#6885 = SURFACE_STYLE_FILL_AREA(#6886);
#6886 = FILL_AREA_STYLE('',(#6887));
#6887 = FILL_AREA_STYLE_COLOUR('',#6661);
#6888 = STYLED_ITEM('color',(#6889),#206);
#6889 = PRESENTATION_STYLE_ASSIGNMENT((#6890));
#6890 = SURFACE_STYLE_USAGE(.BOTH.,#6891);
#6891 = SURFACE_SIDE_STYLE('',(#6892));
#6892 = SURFACE_STYLE_FILL_AREA(#6893);
#6893 = FILL_AREA_STYLE('',(#6894));
#6894 = FILL_AREA_STYLE_COLOUR('',#5874);
#6895 = STYLED_ITEM('color',(#6896),#490);
#6896 = PRESENTATION_STYLE_ASSIGNMENT((#6897));
#6897 = SURFACE_STYLE_USAGE(.BOTH.,#6898);
#6898 = SURFACE_SIDE_STYLE('',(#6899));
#6899 = SURFACE_STYLE_FILL_AREA(#6900);
#6900 = FILL_AREA_STYLE('',(#6901));
#6901 = FILL_AREA_STYLE_COLOUR('',#5874);
#6902 = STYLED_ITEM('color',(#6903),#521);
#6903 = PRESENTATION_STYLE_ASSIGNMENT((#6904));
#6904 = SURFACE_STYLE_USAGE(.BOTH.,#6905);
#6905 = SURFACE_SIDE_STYLE('',(#6906));
#6906 = SURFACE_STYLE_FILL_AREA(#6907);
#6907 = FILL_AREA_STYLE('',(#6908));
#6908 = FILL_AREA_STYLE_COLOUR('',#5874);
#6909 = STYLED_ITEM('color',(#6910),#545);
#6910 = PRESENTATION_STYLE_ASSIGNMENT((#6911));
#6911 = SURFACE_STYLE_USAGE(.BOTH.,#6912);
#6912 = SURFACE_SIDE_STYLE('',(#6913));
#6913 = SURFACE_STYLE_FILL_AREA(#6914);
#6914 = FILL_AREA_STYLE('',(#6915));
#6915 = FILL_AREA_STYLE_COLOUR('',#5874);
#6916 = STYLED_ITEM('color',(#6917),#569);
#6917 = PRESENTATION_STYLE_ASSIGNMENT((#6918));
#6918 = SURFACE_STYLE_USAGE(.BOTH.,#6919);
#6919 = SURFACE_SIDE_STYLE('',(#6920));
#6920 = SURFACE_STYLE_FILL_AREA(#6921);
#6921 = FILL_AREA_STYLE('',(#6922));
#6922 = FILL_AREA_STYLE_COLOUR('',#5874);
#6923 = STYLED_ITEM('color',(#6924),#586);
#6924 = PRESENTATION_STYLE_ASSIGNMENT((#6925));
#6925 = SURFACE_STYLE_USAGE(.BOTH.,#6926);
#6926 = SURFACE_SIDE_STYLE('',(#6927));
#6927 = SURFACE_STYLE_FILL_AREA(#6928);
#6928 = FILL_AREA_STYLE('',(#6929));
#6929 = FILL_AREA_STYLE_COLOUR('',#6661);
#6930 = STYLED_ITEM('color',(#6931),#617);
#6931 = PRESENTATION_STYLE_ASSIGNMENT((#6932));
#6932 = SURFACE_STYLE_USAGE(.BOTH.,#6933);
#6933 = SURFACE_SIDE_STYLE('',(#6934));
#6934 = SURFACE_STYLE_FILL_AREA(#6935);
#6935 = FILL_AREA_STYLE('',(#6936));
#6936 = FILL_AREA_STYLE_COLOUR('',#6661);
#6937 = STYLED_ITEM('color',(#6938),#641);
#6938 = PRESENTATION_STYLE_ASSIGNMENT((#6939));
#6939 = SURFACE_STYLE_USAGE(.BOTH.,#6940);
#6940 = SURFACE_SIDE_STYLE('',(#6941));
#6941 = SURFACE_STYLE_FILL_AREA(#6942);
#6942 = FILL_AREA_STYLE('',(#6943));
#6943 = FILL_AREA_STYLE_COLOUR('',#6661);
#6944 = STYLED_ITEM('color',(#6945),#665);
#6945 = PRESENTATION_STYLE_ASSIGNMENT((#6946));
#6946 = SURFACE_STYLE_USAGE(.BOTH.,#6947);
#6947 = SURFACE_SIDE_STYLE('',(#6948));
#6948 = SURFACE_STYLE_FILL_AREA(#6949);
#6949 = FILL_AREA_STYLE('',(#6950));
#6950 = FILL_AREA_STYLE_COLOUR('',#6661);
#6951 = STYLED_ITEM('color',(#6952),#682);
#6952 = PRESENTATION_STYLE_ASSIGNMENT((#6953));
#6953 = SURFACE_STYLE_USAGE(.BOTH.,#6954);
#6954 = SURFACE_SIDE_STYLE('',(#6955));
#6955 = SURFACE_STYLE_FILL_AREA(#6956);
#6956 = FILL_AREA_STYLE('',(#6957));
#6957 = FILL_AREA_STYLE_COLOUR('',#6661);
#6958 = STYLED_ITEM('color',(#6959),#713);
#6959 = PRESENTATION_STYLE_ASSIGNMENT((#6960));
#6960 = SURFACE_STYLE_USAGE(.BOTH.,#6961);
#6961 = SURFACE_SIDE_STYLE('',(#6962));
#6962 = SURFACE_STYLE_FILL_AREA(#6963);
#6963 = FILL_AREA_STYLE('',(#6964));
#6964 = FILL_AREA_STYLE_COLOUR('',#6661);
#6965 = STYLED_ITEM('color',(#6966),#737);
#6966 = PRESENTATION_STYLE_ASSIGNMENT((#6967));
#6967 = SURFACE_STYLE_USAGE(.BOTH.,#6968);
#6968 = SURFACE_SIDE_STYLE('',(#6969));
#6969 = SURFACE_STYLE_FILL_AREA(#6970);
#6970 = FILL_AREA_STYLE('',(#6971));
#6971 = FILL_AREA_STYLE_COLOUR('',#6661);
#6972 = STYLED_ITEM('color',(#6973),#761);
#6973 = PRESENTATION_STYLE_ASSIGNMENT((#6974));
#6974 = SURFACE_STYLE_USAGE(.BOTH.,#6975);
#6975 = SURFACE_SIDE_STYLE('',(#6976));
#6976 = SURFACE_STYLE_FILL_AREA(#6977);
#6977 = FILL_AREA_STYLE('',(#6978));
#6978 = FILL_AREA_STYLE_COLOUR('',#6661);
#6979 = STYLED_ITEM('color',(#6980),#778);
#6980 = PRESENTATION_STYLE_ASSIGNMENT((#6981));
#6981 = SURFACE_STYLE_USAGE(.BOTH.,#6982);
#6982 = SURFACE_SIDE_STYLE('',(#6983));
#6983 = SURFACE_STYLE_FILL_AREA(#6984);
#6984 = FILL_AREA_STYLE('',(#6985));
#6985 = FILL_AREA_STYLE_COLOUR('',#6661);
#6986 = STYLED_ITEM('color',(#6987),#809);
#6987 = PRESENTATION_STYLE_ASSIGNMENT((#6988));
#6988 = SURFACE_STYLE_USAGE(.BOTH.,#6989);
#6989 = SURFACE_SIDE_STYLE('',(#6990));
#6990 = SURFACE_STYLE_FILL_AREA(#6991);
#6991 = FILL_AREA_STYLE('',(#6992));
#6992 = FILL_AREA_STYLE_COLOUR('',#6661);
#6993 = STYLED_ITEM('color',(#6994),#833);
#6994 = PRESENTATION_STYLE_ASSIGNMENT((#6995));
#6995 = SURFACE_STYLE_USAGE(.BOTH.,#6996);
#6996 = SURFACE_SIDE_STYLE('',(#6997));
#6997 = SURFACE_STYLE_FILL_AREA(#6998);
#6998 = FILL_AREA_STYLE('',(#6999));
#6999 = FILL_AREA_STYLE_COLOUR('',#6661);
#7000 = STYLED_ITEM('color',(#7001),#857);
#7001 = PRESENTATION_STYLE_ASSIGNMENT((#7002));
#7002 = SURFACE_STYLE_USAGE(.BOTH.,#7003);
#7003 = SURFACE_SIDE_STYLE('',(#7004));
#7004 = SURFACE_STYLE_FILL_AREA(#7005);
#7005 = FILL_AREA_STYLE('',(#7006));
#7006 = FILL_AREA_STYLE_COLOUR('',#6661);
#7007 = STYLED_ITEM('color',(#7008),#874);
#7008 = PRESENTATION_STYLE_ASSIGNMENT((#7009));
#7009 = SURFACE_STYLE_USAGE(.BOTH.,#7010);
#7010 = SURFACE_SIDE_STYLE('',(#7011));
#7011 = SURFACE_STYLE_FILL_AREA(#7012);
#7012 = FILL_AREA_STYLE('',(#7013));
#7013 = FILL_AREA_STYLE_COLOUR('',#6661);
#7014 = STYLED_ITEM('color',(#7015),#905);
#7015 = PRESENTATION_STYLE_ASSIGNMENT((#7016));
#7016 = SURFACE_STYLE_USAGE(.BOTH.,#7017);
#7017 = SURFACE_SIDE_STYLE('',(#7018));
#7018 = SURFACE_STYLE_FILL_AREA(#7019);
#7019 = FILL_AREA_STYLE('',(#7020));
#7020 = FILL_AREA_STYLE_COLOUR('',#6661);
#7021 = STYLED_ITEM('color',(#7022),#929);
#7022 = PRESENTATION_STYLE_ASSIGNMENT((#7023));
#7023 = SURFACE_STYLE_USAGE(.BOTH.,#7024);
#7024 = SURFACE_SIDE_STYLE('',(#7025));
#7025 = SURFACE_STYLE_FILL_AREA(#7026);
#7026 = FILL_AREA_STYLE('',(#7027));
#7027 = FILL_AREA_STYLE_COLOUR('',#6661);
#7028 = STYLED_ITEM('color',(#7029),#953);
#7029 = PRESENTATION_STYLE_ASSIGNMENT((#7030));
#7030 = SURFACE_STYLE_USAGE(.BOTH.,#7031);
#7031 = SURFACE_SIDE_STYLE('',(#7032));
#7032 = SURFACE_STYLE_FILL_AREA(#7033);
#7033 = FILL_AREA_STYLE('',(#7034));
#7034 = FILL_AREA_STYLE_COLOUR('',#6661);
#7035 = STYLED_ITEM('color',(#7036),#970);
#7036 = PRESENTATION_STYLE_ASSIGNMENT((#7037));
#7037 = SURFACE_STYLE_USAGE(.BOTH.,#7038);
#7038 = SURFACE_SIDE_STYLE('',(#7039));
#7039 = SURFACE_STYLE_FILL_AREA(#7040);
#7040 = FILL_AREA_STYLE('',(#7041));
#7041 = FILL_AREA_STYLE_COLOUR('',#6661);
#7042 = STYLED_ITEM('color',(#7043),#1001);
#7043 = PRESENTATION_STYLE_ASSIGNMENT((#7044));
#7044 = SURFACE_STYLE_USAGE(.BOTH.,#7045);
#7045 = SURFACE_SIDE_STYLE('',(#7046));
#7046 = SURFACE_STYLE_FILL_AREA(#7047);
#7047 = FILL_AREA_STYLE('',(#7048));
#7048 = FILL_AREA_STYLE_COLOUR('',#6661);
#7049 = STYLED_ITEM('color',(#7050),#1025);
#7050 = PRESENTATION_STYLE_ASSIGNMENT((#7051));
#7051 = SURFACE_STYLE_USAGE(.BOTH.,#7052);
#7052 = SURFACE_SIDE_STYLE('',(#7053));
#7053 = SURFACE_STYLE_FILL_AREA(#7054);
#7054 = FILL_AREA_STYLE('',(#7055));
#7055 = FILL_AREA_STYLE_COLOUR('',#6661);
#7056 = STYLED_ITEM('color',(#7057),#1049);
#7057 = PRESENTATION_STYLE_ASSIGNMENT((#7058));
#7058 = SURFACE_STYLE_USAGE(.BOTH.,#7059);
#7059 = SURFACE_SIDE_STYLE('',(#7060));
#7060 = SURFACE_STYLE_FILL_AREA(#7061);
#7061 = FILL_AREA_STYLE('',(#7062));
#7062 = FILL_AREA_STYLE_COLOUR('',#6661);
#7063 = STYLED_ITEM('color',(#7064),#1066);
#7064 = PRESENTATION_STYLE_ASSIGNMENT((#7065));
#7065 = SURFACE_STYLE_USAGE(.BOTH.,#7066);
#7066 = SURFACE_SIDE_STYLE('',(#7067));
#7067 = SURFACE_STYLE_FILL_AREA(#7068);
#7068 = FILL_AREA_STYLE('',(#7069));
#7069 = FILL_AREA_STYLE_COLOUR('',#6661);
#7070 = STYLED_ITEM('color',(#7071),#1097);
#7071 = PRESENTATION_STYLE_ASSIGNMENT((#7072));
#7072 = SURFACE_STYLE_USAGE(.BOTH.,#7073);
#7073 = SURFACE_SIDE_STYLE('',(#7074));
#7074 = SURFACE_STYLE_FILL_AREA(#7075);
#7075 = FILL_AREA_STYLE('',(#7076));
#7076 = FILL_AREA_STYLE_COLOUR('',#6661);
#7077 = STYLED_ITEM('color',(#7078),#1121);
#7078 = PRESENTATION_STYLE_ASSIGNMENT((#7079));
#7079 = SURFACE_STYLE_USAGE(.BOTH.,#7080);
#7080 = SURFACE_SIDE_STYLE('',(#7081));
#7081 = SURFACE_STYLE_FILL_AREA(#7082);
#7082 = FILL_AREA_STYLE('',(#7083));
#7083 = FILL_AREA_STYLE_COLOUR('',#6661);
#7084 = STYLED_ITEM('color',(#7085),#1145);
#7085 = PRESENTATION_STYLE_ASSIGNMENT((#7086));
#7086 = SURFACE_STYLE_USAGE(.BOTH.,#7087);
#7087 = SURFACE_SIDE_STYLE('',(#7088));
#7088 = SURFACE_STYLE_FILL_AREA(#7089);
#7089 = FILL_AREA_STYLE('',(#7090));
#7090 = FILL_AREA_STYLE_COLOUR('',#6661);
#7091 = STYLED_ITEM('color',(#7092),#1162);
#7092 = PRESENTATION_STYLE_ASSIGNMENT((#7093));
#7093 = SURFACE_STYLE_USAGE(.BOTH.,#7094);
#7094 = SURFACE_SIDE_STYLE('',(#7095));
#7095 = SURFACE_STYLE_FILL_AREA(#7096);
#7096 = FILL_AREA_STYLE('',(#7097));
#7097 = FILL_AREA_STYLE_COLOUR('',#6661);
#7098 = STYLED_ITEM('color',(#7099),#1193);
#7099 = PRESENTATION_STYLE_ASSIGNMENT((#7100));
#7100 = SURFACE_STYLE_USAGE(.BOTH.,#7101);
#7101 = SURFACE_SIDE_STYLE('',(#7102));
#7102 = SURFACE_STYLE_FILL_AREA(#7103);
#7103 = FILL_AREA_STYLE('',(#7104));
#7104 = FILL_AREA_STYLE_COLOUR('',#6661);
#7105 = STYLED_ITEM('color',(#7106),#1217);
#7106 = PRESENTATION_STYLE_ASSIGNMENT((#7107));
#7107 = SURFACE_STYLE_USAGE(.BOTH.,#7108);
#7108 = SURFACE_SIDE_STYLE('',(#7109));
#7109 = SURFACE_STYLE_FILL_AREA(#7110);
#7110 = FILL_AREA_STYLE('',(#7111));
#7111 = FILL_AREA_STYLE_COLOUR('',#6661);
#7112 = STYLED_ITEM('color',(#7113),#1241);
#7113 = PRESENTATION_STYLE_ASSIGNMENT((#7114));
#7114 = SURFACE_STYLE_USAGE(.BOTH.,#7115);
#7115 = SURFACE_SIDE_STYLE('',(#7116));
#7116 = SURFACE_STYLE_FILL_AREA(#7117);
#7117 = FILL_AREA_STYLE('',(#7118));
#7118 = FILL_AREA_STYLE_COLOUR('',#6661);
#7119 = STYLED_ITEM('color',(#7120),#1258);
#7120 = PRESENTATION_STYLE_ASSIGNMENT((#7121));
#7121 = SURFACE_STYLE_USAGE(.BOTH.,#7122);
#7122 = SURFACE_SIDE_STYLE('',(#7123));
#7123 = SURFACE_STYLE_FILL_AREA(#7124);
#7124 = FILL_AREA_STYLE('',(#7125));
#7125 = FILL_AREA_STYLE_COLOUR('',#5874);
#7126 = STYLED_ITEM('color',(#7127),#1281);
#7127 = PRESENTATION_STYLE_ASSIGNMENT((#7128));
#7128 = SURFACE_STYLE_USAGE(.BOTH.,#7129);
#7129 = SURFACE_SIDE_STYLE('',(#7130));
#7130 = SURFACE_STYLE_FILL_AREA(#7131);
#7131 = FILL_AREA_STYLE('',(#7132));
#7132 = FILL_AREA_STYLE_COLOUR('',#6661);
#7133 = STYLED_ITEM('color',(#7134),#1293);
#7134 = PRESENTATION_STYLE_ASSIGNMENT((#7135));
#7135 = SURFACE_STYLE_USAGE(.BOTH.,#7136);
#7136 = SURFACE_SIDE_STYLE('',(#7137));
#7137 = SURFACE_STYLE_FILL_AREA(#7138);
#7138 = FILL_AREA_STYLE('',(#7139));
#7139 = FILL_AREA_STYLE_COLOUR('',#6661);
#7140 = STYLED_ITEM('color',(#7141),#1305);
#7141 = PRESENTATION_STYLE_ASSIGNMENT((#7142));
#7142 = SURFACE_STYLE_USAGE(.BOTH.,#7143);
#7143 = SURFACE_SIDE_STYLE('',(#7144));
#7144 = SURFACE_STYLE_FILL_AREA(#7145);
#7145 = FILL_AREA_STYLE('',(#7146));
#7146 = FILL_AREA_STYLE_COLOUR('',#6661);
#7147 = STYLED_ITEM('color',(#7148),#1317);
#7148 = PRESENTATION_STYLE_ASSIGNMENT((#7149));
#7149 = SURFACE_STYLE_USAGE(.BOTH.,#7150);
#7150 = SURFACE_SIDE_STYLE('',(#7151));
#7151 = SURFACE_STYLE_FILL_AREA(#7152);
#7152 = FILL_AREA_STYLE('',(#7153));
#7153 = FILL_AREA_STYLE_COLOUR('',#6661);
#7154 = STYLED_ITEM('color',(#7155),#1329);
#7155 = PRESENTATION_STYLE_ASSIGNMENT((#7156));
#7156 = SURFACE_STYLE_USAGE(.BOTH.,#7157);
#7157 = SURFACE_SIDE_STYLE('',(#7158));
#7158 = SURFACE_STYLE_FILL_AREA(#7159);
#7159 = FILL_AREA_STYLE('',(#7160));
#7160 = FILL_AREA_STYLE_COLOUR('',#6661);
#7161 = STYLED_ITEM('color',(#7162),#1341);
#7162 = PRESENTATION_STYLE_ASSIGNMENT((#7163));
#7163 = SURFACE_STYLE_USAGE(.BOTH.,#7164);
#7164 = SURFACE_SIDE_STYLE('',(#7165));
#7165 = SURFACE_STYLE_FILL_AREA(#7166);
#7166 = FILL_AREA_STYLE('',(#7167));
#7167 = FILL_AREA_STYLE_COLOUR('',#6661);
#7168 = STYLED_ITEM('color',(#7169),#1353);
#7169 = PRESENTATION_STYLE_ASSIGNMENT((#7170));
#7170 = SURFACE_STYLE_USAGE(.BOTH.,#7171);
#7171 = SURFACE_SIDE_STYLE('',(#7172));
#7172 = SURFACE_STYLE_FILL_AREA(#7173);
#7173 = FILL_AREA_STYLE('',(#7174));
#7174 = FILL_AREA_STYLE_COLOUR('',#6661);
#7175 = STYLED_ITEM('color',(#7176),#1365);
#7176 = PRESENTATION_STYLE_ASSIGNMENT((#7177));
#7177 = SURFACE_STYLE_USAGE(.BOTH.,#7178);
#7178 = SURFACE_SIDE_STYLE('',(#7179));
#7179 = SURFACE_STYLE_FILL_AREA(#7180);
#7180 = FILL_AREA_STYLE('',(#7181));
#7181 = FILL_AREA_STYLE_COLOUR('',#7182);
#7182 = COLOUR_RGB('',0.690999977303,0.663999984767,0.597999987832);
#7183 = STYLED_ITEM('color',(#7184),#1390);
#7184 = PRESENTATION_STYLE_ASSIGNMENT((#7185));
#7185 = SURFACE_STYLE_USAGE(.BOTH.,#7186);
#7186 = SURFACE_SIDE_STYLE('',(#7187));
#7187 = SURFACE_STYLE_FILL_AREA(#7188);
#7188 = FILL_AREA_STYLE('',(#7189));
#7189 = FILL_AREA_STYLE_COLOUR('',#7182);
ENDSEC;
END-ISO-10303-21;
